review_priority,input,expected_en,out_no_context,out_after_english,ok_no_context,ok_after_english,subcase,reason,suite_hint,in_ctx_whitelist,in_collision_table,len,suite_category,suite_severity,suite_notes,case_variant_of
P1_restored_but_suite_says_never,ARMS,ARMS,ARMS,ARMS,1,1,ok_both,-,never,0,1,4,collision_vn_word_cased,high,"never,""restore se lam tu tieng Viet """"ÁM"""" KHONG THE GO DUOC NUA (chi co 1 duong keystroke). bien the chu hoa cua """"arms""""; modifier key phai case-insensitive, output phai giu case goc""",
P1_restored_but_suite_says_never,Arms,Arms,Arms,Arms,1,1,ok_both,-,never,0,1,4,collision_vn_word_cased,high,"never,""restore se lam tu tieng Viet """"Ám"""" KHONG THE GO DUOC NUA (chi co 1 duong keystroke). bien the chu hoa cua """"arms""""; modifier key phai case-insensitive, output phai giu case goc""",ARMS
P1_restored_but_suite_says_never,arms,arms,arms,arms,1,1,ok_both,-,never,0,1,4,collision_vn_word,high,"never,""restore se lam tu tieng Viet """"ám"""" KHONG THE GO DUOC NUA (chi co 1 duong keystroke). ra tu tieng Viet hop le """"ám""""; can whitelist hoac context""",ARMS
P1_restored_but_suite_says_never,ARTS,ARTS,ARTS,ARTS,1,1,ok_both,-,never,0,1,4,collision_vn_word_cased,high,"never,""restore se lam tu tieng Viet """"ÁT"""" KHONG THE GO DUOC NUA (chi co 1 duong keystroke). bien the chu hoa cua """"arts""""; modifier key phai case-insensitive, output phai giu case goc""",
P1_restored_but_suite_says_never,Arts,Arts,Arts,Arts,1,1,ok_both,-,never,0,1,4,collision_vn_word_cased,high,"never,""restore se lam tu tieng Viet """"Át"""" KHONG THE GO DUOC NUA (chi co 1 duong keystroke). bien the chu hoa cua """"arts""""; modifier key phai case-insensitive, output phai giu case goc""",ARTS
P1_restored_but_suite_says_never,arts,arts,arts,arts,1,1,ok_both,-,never,0,1,4,collision_vn_word,high,"never,""restore se lam tu tieng Viet """"át"""" KHONG THE GO DUOC NUA (chi co 1 duong keystroke). ra tu tieng Viet hop le """"át""""; can whitelist hoac context""",ARTS
P1_restored_but_suite_says_never,BARS,BARS,BARS,BARS,1,1,ok_both,-,never,0,1,4,collision_vn_word_cased,high,"never,""restore se lam tu tieng Viet """"BÁ"""" KHONG THE GO DUOC NUA (chi co 1 duong keystroke). bien the chu hoa cua """"bars""""; modifier key phai case-insensitive, output phai giu case goc""",
P1_restored_but_suite_says_never,Bars,Bars,Bars,Bars,1,1,ok_both,-,never,0,1,4,collision_vn_word_cased,high,"never,""restore se lam tu tieng Viet """"Bá"""" KHONG THE GO DUOC NUA (chi co 1 duong keystroke). bien the chu hoa cua """"bars""""; modifier key phai case-insensitive, output phai giu case goc""",BARS
P1_restored_but_suite_says_never,bars,bars,bars,bars,1,1,ok_both,-,never,0,1,4,collision_vn_word,high,"never,""restore se lam tu tieng Viet """"bá"""" KHONG THE GO DUOC NUA (chi co 1 duong keystroke). ra tu tieng Viet hop le """"bá""""; can whitelist hoac context""",BARS
P1_restored_but_suite_says_never,BEEN,BEEN,BÊN,BEEN,0,1,ctx_fixes,-,never,1,0,4,collision_vn_word_cased,high,"never,""restore se lam tu tieng Viet """"BÊN"""" KHONG THE GO DUOC NUA (chi co 1 duong keystroke). bien the chu hoa cua """"been""""; modifier key phai case-insensitive, output phai giu case goc""",
P1_restored_but_suite_says_never,Been,Been,Bên,Been,0,1,ctx_fixes,-,never,1,0,4,collision_vn_word_cased,high,"never,""restore se lam tu tieng Viet """"Bên"""" KHONG THE GO DUOC NUA (chi co 1 duong keystroke). bien the chu hoa cua """"been""""; modifier key phai case-insensitive, output phai giu case goc""",BEEN
P1_restored_but_suite_says_never,been,been,bên,been,0,1,ctx_fixes,-,never,1,0,4,collision_vn_word,high,"never,""restore se lam tu tieng Viet """"bên"""" KHONG THE GO DUOC NUA (chi co 1 duong keystroke). ra tu tieng Viet hop le """"bên""""; can whitelist hoac context""",BEEN
P1_restored_but_suite_says_never,CARS,CARS,CARS,CARS,1,1,ok_both,-,never,0,1,4,collision_vn_word_cased,high,"never,""restore se lam tu tieng Viet """"CÁ"""" KHONG THE GO DUOC NUA (chi co 1 duong keystroke). bien the chu hoa cua """"cars""""; modifier key phai case-insensitive, output phai giu case goc""",
P1_restored_but_suite_says_never,Cars,Cars,Cars,Cars,1,1,ok_both,-,never,0,1,4,collision_vn_word_cased,high,"never,""restore se lam tu tieng Viet """"Cá"""" KHONG THE GO DUOC NUA (chi co 1 duong keystroke). bien the chu hoa cua """"cars""""; modifier key phai case-insensitive, output phai giu case goc""",CARS
P1_restored_but_suite_says_never,cars,cars,cars,cars,1,1,ok_both,-,never,0,1,4,collision_vn_word,high,"never,""restore se lam tu tieng Viet """"cá"""" KHONG THE GO DUOC NUA (chi co 1 duong keystroke). ra tu tieng Viet hop le """"cá""""; can whitelist hoac context""",CARS
P1_restored_but_suite_says_never,CHARTS,CHARTS,CHARTS,CHARTS,1,1,ok_both,-,never,0,1,6,collision_vn_word_cased,high,"never,""restore se lam tu tieng Viet """"CHÁT"""" KHONG THE GO DUOC NUA (chi co 1 duong keystroke). bien the chu hoa cua """"charts""""; modifier key phai case-insensitive, output phai giu case goc""",
P1_restored_but_suite_says_never,Charts,Charts,Charts,Charts,1,1,ok_both,-,never,0,1,6,collision_vn_word_cased,high,"never,""restore se lam tu tieng Viet """"Chát"""" KHONG THE GO DUOC NUA (chi co 1 duong keystroke). bien the chu hoa cua """"charts""""; modifier key phai case-insensitive, output phai giu case goc""",CHARTS
P1_restored_but_suite_says_never,charts,charts,charts,charts,1,1,ok_both,-,never,0,1,6,collision_vn_word,high,"never,""restore se lam tu tieng Viet """"chát"""" KHONG THE GO DUOC NUA (chi co 1 duong keystroke). ra tu tieng Viet hop le """"chát""""; can whitelist hoac context""",CHARTS
P1_restored_but_suite_says_never,DOWN,DOWN,DOWN,DOWN,1,1,ok_both,-,never,1,1,4,collision_vn_word_cased,high,"never,""restore se lam tu tieng Viet """"DƠN"""" KHONG THE GO DUOC NUA (chi co 1 duong keystroke). bien the chu hoa cua """"down""""; modifier key phai case-insensitive, output phai giu case goc""",
P1_restored_but_suite_says_never,Down,Down,Down,Down,1,1,ok_both,-,never,1,1,4,collision_vn_word_cased,high,"never,""restore se lam tu tieng Viet """"Dơn"""" KHONG THE GO DUOC NUA (chi co 1 duong keystroke). bien the chu hoa cua """"down""""; modifier key phai case-insensitive, output phai giu case goc""",DOWN
P1_restored_but_suite_says_never,down,down,down,down,1,1,ok_both,-,never,1,1,4,collision_vn_word,high,"never,""restore se lam tu tieng Viet """"dơn"""" KHONG THE GO DUOC NUA (chi co 1 duong keystroke). ra tu tieng Viet hop le """"dơn""""; can whitelist hoac context""",DOWN
P1_restored_but_suite_says_never,her,her,her,her,1,1,ok_both,-,never,1,1,3,collision_vn_syllable,medium,"never,""restore se lam tu tieng Viet """"hẻ"""" KHONG THE GO DUOC NUA (chi co 1 duong keystroke). ra syllable tieng Viet hop le """"hẻ""""""",
P1_restored_but_suite_says_never,HIS,HIS,HÍ,HIS,0,1,ctx_fixes,-,never,1,0,3,collision_vn_word_cased,high,"never,""restore se lam tu tieng Viet """"HÍ"""" KHONG THE GO DUOC NUA (chi co 1 duong keystroke). bien the chu hoa cua """"his""""; modifier key phai case-insensitive, output phai giu case goc""",
P1_restored_but_suite_says_never,His,His,Hí,His,0,1,ctx_fixes,-,never,1,0,3,collision_vn_word_cased,high,"never,""restore se lam tu tieng Viet """"Hí"""" KHONG THE GO DUOC NUA (chi co 1 duong keystroke). bien the chu hoa cua """"his""""; modifier key phai case-insensitive, output phai giu case goc""",HIS
P1_restored_but_suite_says_never,his,his,hí,his,0,1,ctx_fixes,-,never,1,0,3,collision_vn_word,high,"never,""restore se lam tu tieng Viet """"hí"""" KHONG THE GO DUOC NUA (chi co 1 duong keystroke). ra tu tieng Viet hop le """"hí""""; can whitelist hoac context""",HIS
P1_restored_but_suite_says_never,HOW,HOW,HƠ,HOW,0,1,ctx_fixes,-,never,1,0,3,collision_vn_word_cased,high,"never,""restore se lam tu tieng Viet """"HƠ"""" KHONG THE GO DUOC NUA (chi co 1 duong keystroke). bien the chu hoa cua """"how""""; modifier key phai case-insensitive, output phai giu case goc""",
P1_restored_but_suite_says_never,How,How,Hơ,How,0,1,ctx_fixes,-,never,1,0,3,collision_vn_word_cased,high,"never,""restore se lam tu tieng Viet """"Hơ"""" KHONG THE GO DUOC NUA (chi co 1 duong keystroke). bien the chu hoa cua """"how""""; modifier key phai case-insensitive, output phai giu case goc""",HOW
P1_restored_but_suite_says_never,how,how,hơ,how,0,1,ctx_fixes,-,never,1,0,3,collision_vn_word,high,"never,""restore se lam tu tieng Viet """"hơ"""" KHONG THE GO DUOC NUA (chi co 1 duong keystroke). ra tu tieng Viet hop le """"hơ""""; can whitelist hoac context""",HOW
P1_restored_but_suite_says_never,LOW,LOW,LƠ,LOW,0,1,ctx_fixes,-,never,1,0,3,collision_vn_word_cased,high,"never,""restore se lam tu tieng Viet """"LƠ"""" KHONG THE GO DUOC NUA (chi co 1 duong keystroke). bien the chu hoa cua """"low""""; modifier key phai case-insensitive, output phai giu case goc""",
P1_restored_but_suite_says_never,Low,Low,Lơ,Low,0,1,ctx_fixes,-,never,1,0,3,collision_vn_word_cased,high,"never,""restore se lam tu tieng Viet """"Lơ"""" KHONG THE GO DUOC NUA (chi co 1 duong keystroke). bien the chu hoa cua """"low""""; modifier key phai case-insensitive, output phai giu case goc""",LOW
P1_restored_but_suite_says_never,low,low,lơ,low,0,1,ctx_fixes,-,never,1,0,3,collision_vn_word,high,"never,""restore se lam tu tieng Viet """"lơ"""" KHONG THE GO DUOC NUA (chi co 1 duong keystroke). ra tu tieng Viet hop le """"lơ""""; can whitelist hoac context""",LOW
P1_restored_but_suite_says_never,NOR,NOR,NỎ,NOR,0,1,ctx_fixes,-,never,1,0,3,collision_vn_word_cased,high,"never,""restore se lam tu tieng Viet """"NỎ"""" KHONG THE GO DUOC NUA (chi co 1 duong keystroke). bien the chu hoa cua """"nor""""; modifier key phai case-insensitive, output phai giu case goc""",
P1_restored_but_suite_says_never,Nor,Nor,Nỏ,Nor,0,1,ctx_fixes,-,never,1,0,3,collision_vn_word_cased,high,"never,""restore se lam tu tieng Viet """"Nỏ"""" KHONG THE GO DUOC NUA (chi co 1 duong keystroke). bien the chu hoa cua """"nor""""; modifier key phai case-insensitive, output phai giu case goc""",NOR
P1_restored_but_suite_says_never,nor,nor,nỏ,nor,0,1,ctx_fixes,-,never,1,0,3,collision_vn_word,high,"never,""restore se lam tu tieng Viet """"nỏ"""" KHONG THE GO DUOC NUA (chi co 1 duong keystroke). ra tu tieng Viet hop le """"nỏ""""; can whitelist hoac context""",NOR
P1_restored_but_suite_says_never,NOW,NOW,NƠ,NOW,0,1,ctx_fixes,-,never,1,0,3,collision_vn_word_cased,high,"never,""restore se lam tu tieng Viet """"NƠ"""" KHONG THE GO DUOC NUA (chi co 1 duong keystroke). bien the chu hoa cua """"now""""; modifier key phai case-insensitive, output phai giu case goc""",
P1_restored_but_suite_says_never,Now,Now,Nơ,Now,0,1,ctx_fixes,-,never,1,0,3,collision_vn_word_cased,high,"never,""restore se lam tu tieng Viet """"Nơ"""" KHONG THE GO DUOC NUA (chi co 1 duong keystroke). bien the chu hoa cua """"now""""; modifier key phai case-insensitive, output phai giu case goc""",NOW
P1_restored_but_suite_says_never,now,now,nơ,now,0,1,ctx_fixes,-,never,1,0,3,collision_vn_word,high,"never,""restore se lam tu tieng Viet """"nơ"""" KHONG THE GO DUOC NUA (chi co 1 duong keystroke). ra tu tieng Viet hop le """"nơ""""; can whitelist hoac context""",NOW
P1_restored_but_suite_says_never,parts,parts,parts,parts,1,1,ok_both,-,never,0,1,5,collision_vn_syllable,medium,"never,""restore se lam tu tieng Viet """"pát"""" KHONG THE GO DUOC NUA (chi co 1 duong keystroke). ra syllable tieng Viet hop le """"pát""""""",
P1_restored_but_suite_says_never,per,per,per,per,1,1,ok_both,-,never,0,1,3,collision_vn_syllable,medium,"never,""restore se lam tu tieng Viet """"pẻ"""" KHONG THE GO DUOC NUA (chi co 1 duong keystroke). ra syllable tieng Viet hop le """"pẻ""""""",
P1_restored_but_suite_says_never,RAYS,RAYS,RÁY,RAYS,0,1,ctx_fixes,-,never,1,0,4,collision_vn_word_cased,high,"never,""restore se lam tu tieng Viet """"RÁY"""" KHONG THE GO DUOC NUA (chi co 1 duong keystroke). bien the chu hoa cua """"rays""""; modifier key phai case-insensitive, output phai giu case goc""",
P1_restored_but_suite_says_never,RAYS,RAYS,RÁY,RAYS,0,1,ctx_fixes,-,never,1,0,4,inflection_trap_cased,high,"never,""restore se lam tu tieng Viet """"RÁY"""" KHONG THE GO DUOC NUA (chi co 1 duong keystroke). bien the chu hoa cua """"rays""""; modifier key phai case-insensitive, output phai giu case goc""",RAYS
P1_restored_but_suite_says_never,Rays,Rays,Ráy,Rays,0,1,ctx_fixes,-,never,1,0,4,collision_vn_word_cased,high,"never,""restore se lam tu tieng Viet """"Ráy"""" KHONG THE GO DUOC NUA (chi co 1 duong keystroke). bien the chu hoa cua """"rays""""; modifier key phai case-insensitive, output phai giu case goc""",RAYS
P1_restored_but_suite_says_never,Rays,Rays,Ráy,Rays,0,1,ctx_fixes,-,never,1,0,4,inflection_trap_cased,high,"never,""restore se lam tu tieng Viet """"Ráy"""" KHONG THE GO DUOC NUA (chi co 1 duong keystroke). bien the chu hoa cua """"rays""""; modifier key phai case-insensitive, output phai giu case goc""",RAYS
P1_restored_but_suite_says_never,rays,rays,ráy,rays,0,1,ctx_fixes,-,never,1,0,4,collision_vn_word,high,"never,""restore se lam tu tieng Viet """"ráy"""" KHONG THE GO DUOC NUA (chi co 1 duong keystroke). ra tu tieng Viet hop le """"ráy""""; can whitelist hoac context""",RAYS
P1_restored_but_suite_says_never,rays,rays,ráy,rays,0,1,ctx_fixes,-,never,1,0,4,inflection_trap,high,"never,""restore se lam tu tieng Viet """"ráy"""" KHONG THE GO DUOC NUA (chi co 1 duong keystroke). """"ray"""" an toan nhung dang bien cach ra tu tieng Viet """"ráy""""""",RAYS
P1_restored_but_suite_says_never,REFER,REFER,REFER,REFER,1,1,ok_both,-,never,0,1,5,collision_vn_word_cased,high,"never,""restore se lam tu tieng Viet """"RỂ"""" KHONG THE GO DUOC NUA (chi co 1 duong keystroke). bien the chu hoa cua """"refer""""; modifier key phai case-insensitive, output phai giu case goc""",
P1_restored_but_suite_says_never,Refer,Refer,Refer,Refer,1,1,ok_both,-,never,0,1,5,collision_vn_word_cased,high,"never,""restore se lam tu tieng Viet """"Rể"""" KHONG THE GO DUOC NUA (chi co 1 duong keystroke). bien the chu hoa cua """"refer""""; modifier key phai case-insensitive, output phai giu case goc""",REFER
P1_restored_but_suite_says_never,refer,refer,refer,refer,1,1,ok_both,-,never,0,1,5,collision_vn_word,high,"never,""restore se lam tu tieng Viet """"rể"""" KHONG THE GO DUOC NUA (chi co 1 duong keystroke). ra tu tieng Viet hop le """"rể""""; can whitelist hoac context""",REFER
P1_restored_but_suite_says_never,REST,REST,REST,REST,1,1,ok_both,-,never,0,1,4,collision_vn_word_cased,high,"never,""restore se lam tu tieng Viet """"RÉT"""" KHONG THE GO DUOC NUA (chi co 1 duong keystroke). bien the chu hoa cua """"rest""""; modifier key phai case-insensitive, output phai giu case goc""",
P1_restored_but_suite_says_never,Rest,Rest,Rest,Rest,1,1,ok_both,-,never,0,1,4,collision_vn_word_cased,high,"never,""restore se lam tu tieng Viet """"Rét"""" KHONG THE GO DUOC NUA (chi co 1 duong keystroke). bien the chu hoa cua """"rest""""; modifier key phai case-insensitive, output phai giu case goc""",REST
P1_restored_but_suite_says_never,rest,rest,rest,rest,1,1,ok_both,-,never,0,1,4,collision_vn_word,high,"never,""restore se lam tu tieng Viet """"rét"""" KHONG THE GO DUOC NUA (chi co 1 duong keystroke). ra tu tieng Viet hop le """"rét""""; can whitelist hoac context""",REST
P1_restored_but_suite_says_never,RUNS,RUNS,RÚN,RUNS,0,1,ctx_fixes,-,never,1,0,4,collision_vn_word_cased,high,"never,""restore se lam tu tieng Viet """"RÚN"""" KHONG THE GO DUOC NUA (chi co 1 duong keystroke). bien the chu hoa cua """"runs""""; modifier key phai case-insensitive, output phai giu case goc""",
P1_restored_but_suite_says_never,RUNS,RUNS,RÚN,RUNS,0,1,ctx_fixes,-,never,1,0,4,inflection_trap_cased,high,"never,""restore se lam tu tieng Viet """"RÚN"""" KHONG THE GO DUOC NUA (chi co 1 duong keystroke). bien the chu hoa cua """"runs""""; modifier key phai case-insensitive, output phai giu case goc""",RUNS
P1_restored_but_suite_says_never,Runs,Runs,Rún,Runs,0,1,ctx_fixes,-,never,1,0,4,collision_vn_word_cased,high,"never,""restore se lam tu tieng Viet """"Rún"""" KHONG THE GO DUOC NUA (chi co 1 duong keystroke). bien the chu hoa cua """"runs""""; modifier key phai case-insensitive, output phai giu case goc""",RUNS
P1_restored_but_suite_says_never,Runs,Runs,Rún,Runs,0,1,ctx_fixes,-,never,1,0,4,inflection_trap_cased,high,"never,""restore se lam tu tieng Viet """"Rún"""" KHONG THE GO DUOC NUA (chi co 1 duong keystroke). bien the chu hoa cua """"runs""""; modifier key phai case-insensitive, output phai giu case goc""",RUNS
P1_restored_but_suite_says_never,runs,runs,rún,runs,0,1,ctx_fixes,-,never,1,0,4,collision_vn_word,high,"never,""restore se lam tu tieng Viet """"rún"""" KHONG THE GO DUOC NUA (chi co 1 duong keystroke). ra tu tieng Viet hop le """"rún""""; can whitelist hoac context""",RUNS
P1_restored_but_suite_says_never,runs,runs,rún,runs,0,1,ctx_fixes,-,never,1,0,4,inflection_trap,high,"never,""restore se lam tu tieng Viet """"rún"""" KHONG THE GO DUOC NUA (chi co 1 duong keystroke). """"run"""" an toan nhung dang bien cach ra tu tieng Viet """"rún""""""",RUNS
P1_restored_but_suite_says_never,see,see,see,see,1,1,ok_both,-,never,1,1,3,collision_vn_syllable,medium,"never,""restore se lam tu tieng Viet """"sê"""" KHONG THE GO DUOC NUA (chi co 1 duong keystroke). ra syllable tieng Viet hop le """"sê""""""",
P1_restored_but_suite_says_never,SEEN,SEEN,SÊN,SEEN,0,1,ctx_fixes,-,never,1,0,4,collision_vn_word_cased,high,"never,""restore se lam tu tieng Viet """"SÊN"""" KHONG THE GO DUOC NUA (chi co 1 duong keystroke). bien the chu hoa cua """"seen""""; modifier key phai case-insensitive, output phai giu case goc""",
P1_restored_but_suite_says_never,Seen,Seen,Sên,Seen,0,1,ctx_fixes,-,never,1,0,4,collision_vn_word_cased,high,"never,""restore se lam tu tieng Viet """"Sên"""" KHONG THE GO DUOC NUA (chi co 1 duong keystroke). bien the chu hoa cua """"seen""""; modifier key phai case-insensitive, output phai giu case goc""",SEEN
P1_restored_but_suite_says_never,seen,seen,sên,seen,0,1,ctx_fixes,-,never,1,0,4,collision_vn_word,high,"never,""restore se lam tu tieng Viet """"sên"""" KHONG THE GO DUOC NUA (chi co 1 duong keystroke). ra tu tieng Viet hop le """"sên""""; can whitelist hoac context""",SEEN
P1_restored_but_suite_says_never,SICS,SICS,SICS,SICS,1,1,ok_both,-,never,0,0,4,inflection_trap_cased,high,"never,""restore se lam tu tieng Viet """"SÍC"""" KHONG THE GO DUOC NUA (chi co 1 duong keystroke). bien the chu hoa cua """"sics""""; modifier key phai case-insensitive, output phai giu case goc""",
P1_restored_but_suite_says_never,Sics,Sics,Sics,Sics,1,1,ok_both,-,never,0,0,4,inflection_trap_cased,high,"never,""restore se lam tu tieng Viet """"Síc"""" KHONG THE GO DUOC NUA (chi co 1 duong keystroke). bien the chu hoa cua """"sics""""; modifier key phai case-insensitive, output phai giu case goc""",SICS
P1_restored_but_suite_says_never,sics,sics,sics,sics,1,1,ok_both,-,never,0,0,4,inflection_trap,high,"never,""restore se lam tu tieng Viet """"síc"""" KHONG THE GO DUOC NUA (chi co 1 duong keystroke). """"sic"""" an toan nhung dang bien cach ra tu tieng Viet """"síc"""" (dang suy dien, khong co trong top-10k)""",SICS
P1_restored_but_suite_says_never,SONGS,SONGS,SÓNG,SONGS,0,1,ctx_fixes,-,never,1,0,5,collision_vn_word_cased,high,"never,""restore se lam tu tieng Viet """"SÓNG"""" KHONG THE GO DUOC NUA (chi co 1 duong keystroke). bien the chu hoa cua """"songs""""; modifier key phai case-insensitive, output phai giu case goc""",
P1_restored_but_suite_says_never,SONGS,SONGS,SÓNG,SONGS,0,1,ctx_fixes,-,never,1,0,5,inflection_trap_cased,high,"never,""restore se lam tu tieng Viet """"SÓNG"""" KHONG THE GO DUOC NUA (chi co 1 duong keystroke). bien the chu hoa cua """"songs""""; modifier key phai case-insensitive, output phai giu case goc""",SONGS
P1_restored_but_suite_says_never,Songs,Songs,Sóng,Songs,0,1,ctx_fixes,-,never,1,0,5,collision_vn_word_cased,high,"never,""restore se lam tu tieng Viet """"Sóng"""" KHONG THE GO DUOC NUA (chi co 1 duong keystroke). bien the chu hoa cua """"songs""""; modifier key phai case-insensitive, output phai giu case goc""",SONGS
P1_restored_but_suite_says_never,Songs,Songs,Sóng,Songs,0,1,ctx_fixes,-,never,1,0,5,inflection_trap_cased,high,"never,""restore se lam tu tieng Viet """"Sóng"""" KHONG THE GO DUOC NUA (chi co 1 duong keystroke). bien the chu hoa cua """"songs""""; modifier key phai case-insensitive, output phai giu case goc""",SONGS
P1_restored_but_suite_says_never,songs,songs,sóng,songs,0,1,ctx_fixes,-,never,1,0,5,collision_vn_word,high,"never,""restore se lam tu tieng Viet """"sóng"""" KHONG THE GO DUOC NUA (chi co 1 duong keystroke). ra tu tieng Viet hop le """"sóng""""; can whitelist hoac context""",SONGS
P1_restored_but_suite_says_never,songs,songs,sóng,songs,0,1,ctx_fixes,-,never,1,0,5,inflection_trap,high,"never,""restore se lam tu tieng Viet """"sóng"""" KHONG THE GO DUOC NUA (chi co 1 duong keystroke). """"song"""" an toan nhung dang bien cach ra tu tieng Viet """"sóng""""""",SONGS
P1_restored_but_suite_says_never,SONS,SONS,SÓN,SONS,0,1,ctx_fixes,-,never,1,0,4,collision_vn_word_cased,high,"never,""restore se lam tu tieng Viet """"SÓN"""" KHONG THE GO DUOC NUA (chi co 1 duong keystroke). bien the chu hoa cua """"sons""""; modifier key phai case-insensitive, output phai giu case goc""",
P1_restored_but_suite_says_never,SONS,SONS,SÓN,SONS,0,1,ctx_fixes,-,never,1,0,4,inflection_trap_cased,high,"never,""restore se lam tu tieng Viet """"SÓN"""" KHONG THE GO DUOC NUA (chi co 1 duong keystroke). bien the chu hoa cua """"sons""""; modifier key phai case-insensitive, output phai giu case goc""",SONS
P1_restored_but_suite_says_never,Sons,Sons,Són,Sons,0,1,ctx_fixes,-,never,1,0,4,collision_vn_word_cased,high,"never,""restore se lam tu tieng Viet """"Són"""" KHONG THE GO DUOC NUA (chi co 1 duong keystroke). bien the chu hoa cua """"sons""""; modifier key phai case-insensitive, output phai giu case goc""",SONS
P1_restored_but_suite_says_never,Sons,Sons,Són,Sons,0,1,ctx_fixes,-,never,1,0,4,inflection_trap_cased,high,"never,""restore se lam tu tieng Viet """"Són"""" KHONG THE GO DUOC NUA (chi co 1 duong keystroke). bien the chu hoa cua """"sons""""; modifier key phai case-insensitive, output phai giu case goc""",SONS
P1_restored_but_suite_says_never,sons,sons,són,sons,0,1,ctx_fixes,-,never,1,0,4,collision_vn_word,high,"never,""restore se lam tu tieng Viet """"són"""" KHONG THE GO DUOC NUA (chi co 1 duong keystroke). ra tu tieng Viet hop le """"són""""; can whitelist hoac context""",SONS
P1_restored_but_suite_says_never,sons,sons,són,sons,0,1,ctx_fixes,-,never,1,0,4,inflection_trap,high,"never,""restore se lam tu tieng Viet """"són"""" KHONG THE GO DUOC NUA (chi co 1 duong keystroke). """"son"""" an toan nhung dang bien cach ra tu tieng Viet """"són""""""",SONS
P1_restored_but_suite_says_never,TERMS,TERMS,TERMS,TERMS,1,1,ok_both,-,never,0,1,5,collision_vn_word_cased,high,"never,""restore se lam tu tieng Viet """"TÉM"""" KHONG THE GO DUOC NUA (chi co 1 duong keystroke). bien the chu hoa cua """"terms""""; modifier key phai case-insensitive, output phai giu case goc""",
P1_restored_but_suite_says_never,Terms,Terms,Terms,Terms,1,1,ok_both,-,never,0,1,5,collision_vn_word_cased,high,"never,""restore se lam tu tieng Viet """"Tém"""" KHONG THE GO DUOC NUA (chi co 1 duong keystroke). bien the chu hoa cua """"terms""""; modifier key phai case-insensitive, output phai giu case goc""",TERMS
P1_restored_but_suite_says_never,terms,terms,terms,terms,1,1,ok_both,-,never,0,1,5,collision_vn_word,high,"never,""restore se lam tu tieng Viet """"tém"""" KHONG THE GO DUOC NUA (chi co 1 duong keystroke). ra tu tieng Viet hop le """"tém""""; can whitelist hoac context""",TERMS
P1_restored_but_suite_says_never,THIS,THIS,THÍ,THIS,0,1,ctx_fixes,-,never,1,0,4,collision_vn_word_cased,high,"never,""restore se lam tu tieng Viet """"THÍ"""" KHONG THE GO DUOC NUA (chi co 1 duong keystroke). bien the chu hoa cua """"this""""; modifier key phai case-insensitive, output phai giu case goc""",
P1_restored_but_suite_says_never,This,This,Thí,This,0,1,ctx_fixes,-,never,1,0,4,collision_vn_word_cased,high,"never,""restore se lam tu tieng Viet """"Thí"""" KHONG THE GO DUOC NUA (chi co 1 duong keystroke). bien the chu hoa cua """"this""""; modifier key phai case-insensitive, output phai giu case goc""",THIS
P1_restored_but_suite_says_never,this,this,thí,this,0,1,ctx_fixes,-,never,1,0,4,collision_vn_word,high,"never,""restore se lam tu tieng Viet """"thí"""" KHONG THE GO DUOC NUA (chi co 1 duong keystroke). ra tu tieng Viet hop le """"thí""""; can whitelist hoac context""",THIS
P1_restored_but_suite_says_never,THUS,THUS,THÚ,THUS,0,1,ctx_fixes,-,never,1,0,4,collision_vn_word_cased,high,"never,""restore se lam tu tieng Viet """"THÚ"""" KHONG THE GO DUOC NUA (chi co 1 duong keystroke). bien the chu hoa cua """"thus""""; modifier key phai case-insensitive, output phai giu case goc""",
P1_restored_but_suite_says_never,THUS,THUS,THÚ,THUS,0,1,ctx_fixes,-,never,1,0,4,inflection_trap_cased,high,"never,""restore se lam tu tieng Viet """"THÚ"""" KHONG THE GO DUOC NUA (chi co 1 duong keystroke). bien the chu hoa cua """"thus""""; modifier key phai case-insensitive, output phai giu case goc""",THUS
P1_restored_but_suite_says_never,Thus,Thus,Thú,Thus,0,1,ctx_fixes,-,never,1,0,4,collision_vn_word_cased,high,"never,""restore se lam tu tieng Viet """"Thú"""" KHONG THE GO DUOC NUA (chi co 1 duong keystroke). bien the chu hoa cua """"thus""""; modifier key phai case-insensitive, output phai giu case goc""",THUS
P1_restored_but_suite_says_never,Thus,Thus,Thú,Thus,0,1,ctx_fixes,-,never,1,0,4,inflection_trap_cased,high,"never,""restore se lam tu tieng Viet """"Thú"""" KHONG THE GO DUOC NUA (chi co 1 duong keystroke). bien the chu hoa cua """"thus""""; modifier key phai case-insensitive, output phai giu case goc""",THUS
P1_restored_but_suite_says_never,thus,thus,thú,thus,0,1,ctx_fixes,-,never,1,0,4,collision_vn_word,high,"never,""restore se lam tu tieng Viet """"thú"""" KHONG THE GO DUOC NUA (chi co 1 duong keystroke). ra tu tieng Viet hop le """"thú""""; can whitelist hoac context""",THUS
P1_restored_but_suite_says_never,thus,thus,thú,thus,0,1,ctx_fixes,-,never,1,0,4,inflection_trap,high,"never,""restore se lam tu tieng Viet """"thú"""" KHONG THE GO DUOC NUA (chi co 1 duong keystroke). """"thu"""" an toan nhung dang bien cach ra tu tieng Viet """"thú""""""",THUS
P1_restored_but_suite_says_never,TOO,TOO,TÔ,TOO,0,1,ctx_fixes,-,never,1,0,3,collision_vn_word_cased,high,"never,""restore se lam tu tieng Viet """"TÔ"""" KHONG THE GO DUOC NUA (chi co 1 duong keystroke). bien the chu hoa cua """"too""""; modifier key phai case-insensitive, output phai giu case goc""",
P1_restored_but_suite_says_never,Too,Too,Tô,Too,0,1,ctx_fixes,-,never,1,0,3,collision_vn_word_cased,high,"never,""restore se lam tu tieng Viet """"Tô"""" KHONG THE GO DUOC NUA (chi co 1 duong keystroke). bien the chu hoa cua """"too""""; modifier key phai case-insensitive, output phai giu case goc""",TOO
P1_restored_but_suite_says_never,too,too,tô,too,0,1,ctx_fixes,-,never,1,0,3,collision_vn_word,high,"never,""restore se lam tu tieng Viet """"tô"""" KHONG THE GO DUOC NUA (chi co 1 duong keystroke). ra tu tieng Viet hop le """"tô""""; can whitelist hoac context""",TOO
P1_restored_but_suite_says_never,town,town,town,town,1,1,ok_both,-,never,0,1,4,collision_vn_syllable,medium,"never,""restore se lam tu tieng Viet """"tơn"""" KHONG THE GO DUOC NUA (chi co 1 duong keystroke). ra syllable tieng Viet hop le """"tơn""""""",
P1_restored_but_suite_says_never,TRUST,TRUST,TRUST,TRUST,1,1,ok_both,-,never,0,1,5,collision_vn_word_cased,high,"never,""restore se lam tu tieng Viet """"TRÚT"""" KHONG THE GO DUOC NUA (chi co 1 duong keystroke). bien the chu hoa cua """"trust""""; modifier key phai case-insensitive, output phai giu case goc""",
P1_restored_but_suite_says_never,Trust,Trust,Trust,Trust,1,1,ok_both,-,never,0,1,5,collision_vn_word_cased,high,"never,""restore se lam tu tieng Viet """"Trút"""" KHONG THE GO DUOC NUA (chi co 1 duong keystroke). bien the chu hoa cua """"trust""""; modifier key phai case-insensitive, output phai giu case goc""",TRUST
P1_restored_but_suite_says_never,trust,trust,trust,trust,1,1,ok_both,-,never,0,1,5,collision_vn_word,high,"never,""restore se lam tu tieng Viet """"trút"""" KHONG THE GO DUOC NUA (chi co 1 duong keystroke). ra tu tieng Viet hop le """"trút""""; can whitelist hoac context""",TRUST
P1_restored_but_suite_says_never,VIRUS,VIRUS,VIRUS,VIRUS,1,1,ok_both,-,never,0,1,5,collision_vn_word_cased,high,"never,""restore se lam tu tieng Viet """"VÍU"""" KHONG THE GO DUOC NUA (chi co 1 duong keystroke). bien the chu hoa cua """"virus""""; modifier key phai case-insensitive, output phai giu case goc""",
P1_restored_but_suite_says_never,Virus,Virus,Virus,Virus,1,1,ok_both,-,never,0,1,5,collision_vn_word_cased,high,"never,""restore se lam tu tieng Viet """"Víu"""" KHONG THE GO DUOC NUA (chi co 1 duong keystroke). bien the chu hoa cua """"virus""""; modifier key phai case-insensitive, output phai giu case goc""",VIRUS
P1_restored_but_suite_says_never,virus,virus,virus,virus,1,1,ok_both,-,never,0,1,5,collision_vn_word,high,"never,""restore se lam tu tieng Viet """"víu"""" KHONG THE GO DUOC NUA (chi co 1 duong keystroke). ra tu tieng Viet hop le """"víu""""; can whitelist hoac context""",VIRUS
P1_restored_but_suite_says_never,WARS,WARS,WARS,WARS,1,1,ok_both,-,never,0,1,4,collision_vn_word_cased,high,"never,""restore se lam tu tieng Viet """"ỨA"""" KHONG THE GO DUOC NUA (chi co 1 duong keystroke). bien the chu hoa cua """"wars""""; modifier key phai case-insensitive, output phai giu case goc""",
P1_restored_but_suite_says_never,Wars,Wars,Wars,Wars,1,1,ok_both,-,never,0,1,4,collision_vn_word_cased,high,"never,""restore se lam tu tieng Viet """"Ứa"""" KHONG THE GO DUOC NUA (chi co 1 duong keystroke). bien the chu hoa cua """"wars""""; modifier key phai case-insensitive, output phai giu case goc""",WARS
P1_restored_but_suite_says_never,wars,wars,wars,wars,1,1,ok_both,-,never,0,1,4,collision_vn_word,high,"never,""restore se lam tu tieng Viet """"ứa"""" KHONG THE GO DUOC NUA (chi co 1 duong keystroke). ra tu tieng Viet hop le """"ứa""""; can whitelist hoac context""",WARS
P3_engine_keeps_vn_suite_expected_contradicts_note,AXIS,AXIS,ÁI,ÁI,0,0,ctx_misses,not_in_whitelist,never,0,0,4,collision_vn_word_cased,high,"never,""restore se lam tu tieng Viet """"ÁI"""" KHONG THE GO DUOC NUA (chi co 1 duong keystroke). bien the chu hoa cua """"axis""""; modifier key phai case-insensitive, output phai giu case goc""",
P3_engine_keeps_vn_suite_expected_contradicts_note,Axis,Axis,Ái,Ái,0,0,ctx_misses,not_in_whitelist,never,0,0,4,collision_vn_word_cased,high,"never,""restore se lam tu tieng Viet """"Ái"""" KHONG THE GO DUOC NUA (chi co 1 duong keystroke). bien the chu hoa cua """"axis""""; modifier key phai case-insensitive, output phai giu case goc""",AXIS
P3_engine_keeps_vn_suite_expected_contradicts_note,axis,axis,ái,ái,0,0,ctx_misses,not_in_whitelist,never,0,0,4,collision_vn_word,high,"never,""restore se lam tu tieng Viet """"ái"""" KHONG THE GO DUOC NUA (chi co 1 duong keystroke). ra tu tieng Viet hop le """"ái""""; can whitelist hoac context""",AXIS
P3_engine_keeps_vn_suite_expected_contradicts_note,BAR,BAR,BẢ,BẢ,0,0,ctx_misses,not_in_whitelist|short_token,never,0,0,3,collision_vn_word_cased,high,"never,""restore se lam tu tieng Viet """"BẢ"""" KHONG THE GO DUOC NUA (chi co 1 duong keystroke). bien the chu hoa cua """"bar""""; modifier key phai case-insensitive, output phai giu case goc""",
P3_engine_keeps_vn_suite_expected_contradicts_note,Bar,Bar,Bả,Bả,0,0,ctx_misses,not_in_whitelist|short_token,never,0,0,3,collision_vn_word_cased,high,"never,""restore se lam tu tieng Viet """"Bả"""" KHONG THE GO DUOC NUA (chi co 1 duong keystroke). bien the chu hoa cua """"bar""""; modifier key phai case-insensitive, output phai giu case goc""",BAR
P3_engine_keeps_vn_suite_expected_contradicts_note,bar,bar,bả,bả,0,0,ctx_misses,not_in_whitelist|short_token,never,0,0,3,collision_vn_word,high,"never,""restore se lam tu tieng Viet """"bả"""" KHONG THE GO DUOC NUA (chi co 1 duong keystroke). ra tu tieng Viet hop le """"bả""""; can whitelist hoac context""",BAR
P3_engine_keeps_vn_suite_expected_contradicts_note,BEE,BEE,BÊ,BÊ,0,0,ctx_misses,not_in_whitelist|short_token,never,0,0,3,collision_vn_word_cased,high,"never,""restore se lam tu tieng Viet """"BÊ"""" KHONG THE GO DUOC NUA (chi co 1 duong keystroke). bien the chu hoa cua """"bee""""; modifier key phai case-insensitive, output phai giu case goc""",
P3_engine_keeps_vn_suite_expected_contradicts_note,Bee,Bee,Bê,Bê,0,0,ctx_misses,not_in_whitelist|short_token,never,0,0,3,collision_vn_word_cased,high,"never,""restore se lam tu tieng Viet """"Bê"""" KHONG THE GO DUOC NUA (chi co 1 duong keystroke). bien the chu hoa cua """"bee""""; modifier key phai case-insensitive, output phai giu case goc""",BEE
P3_engine_keeps_vn_suite_expected_contradicts_note,bee,bee,bê,bê,0,0,ctx_misses,not_in_whitelist|short_token,never,0,0,3,collision_vn_word,high,"never,""restore se lam tu tieng Viet """"bê"""" KHONG THE GO DUOC NUA (chi co 1 duong keystroke). ra tu tieng Viet hop le """"bê""""; can whitelist hoac context""",BEE
P3_engine_keeps_vn_suite_expected_contradicts_note,BES,BES,BÉ,BÉ,0,0,ctx_misses,not_in_whitelist|short_token,never,0,0,3,inflection_trap_cased,high,"never,""restore se lam tu tieng Viet """"BÉ"""" KHONG THE GO DUOC NUA (chi co 1 duong keystroke). bien the chu hoa cua """"bes""""; modifier key phai case-insensitive, output phai giu case goc""",
P3_engine_keeps_vn_suite_expected_contradicts_note,Bes,Bes,Bé,Bé,0,0,ctx_misses,not_in_whitelist|short_token,never,0,0,3,inflection_trap_cased,high,"never,""restore se lam tu tieng Viet """"Bé"""" KHONG THE GO DUOC NUA (chi co 1 duong keystroke). bien the chu hoa cua """"bes""""; modifier key phai case-insensitive, output phai giu case goc""",BES
P3_engine_keeps_vn_suite_expected_contradicts_note,bes,bes,bé,bé,0,0,ctx_misses,not_in_whitelist|short_token,never,0,0,3,inflection_trap,high,"never,""restore se lam tu tieng Viet """"bé"""" KHONG THE GO DUOC NUA (chi co 1 duong keystroke). """"be"""" an toan nhung dang bien cach ra tu tieng Viet """"bé"""" (dang suy dien, khong co trong top-10k)""",BES
P3_engine_keeps_vn_suite_expected_contradicts_note,BIS,BIS,BÍ,BÍ,0,0,ctx_misses,not_in_whitelist|short_token,never,0,0,3,inflection_trap_cased,high,"never,""restore se lam tu tieng Viet """"BÍ"""" KHONG THE GO DUOC NUA (chi co 1 duong keystroke). bien the chu hoa cua """"bis""""; modifier key phai case-insensitive, output phai giu case goc""",
P3_engine_keeps_vn_suite_expected_contradicts_note,Bis,Bis,Bí,Bí,0,0,ctx_misses,not_in_whitelist|short_token,never,0,0,3,inflection_trap_cased,high,"never,""restore se lam tu tieng Viet """"Bí"""" KHONG THE GO DUOC NUA (chi co 1 duong keystroke). bien the chu hoa cua """"bis""""; modifier key phai case-insensitive, output phai giu case goc""",BIS
P3_engine_keeps_vn_suite_expected_contradicts_note,bis,bis,bí,bí,0,0,ctx_misses,not_in_whitelist|short_token,never,0,0,3,inflection_trap,high,"never,""restore se lam tu tieng Viet """"bí"""" KHONG THE GO DUOC NUA (chi co 1 duong keystroke). """"bi"""" an toan nhung dang bien cach ra tu tieng Viet """"bí"""" (dang suy dien, khong co trong top-10k)""",BIS
P3_engine_keeps_vn_suite_expected_contradicts_note,BOOM,BOOM,BÔM,BÔM,0,0,ctx_misses,not_in_whitelist,never,0,0,4,collision_vn_word_cased,high,"never,""restore se lam tu tieng Viet """"BÔM"""" KHONG THE GO DUOC NUA (chi co 1 duong keystroke). bien the chu hoa cua """"boom""""; modifier key phai case-insensitive, output phai giu case goc""",
P3_engine_keeps_vn_suite_expected_contradicts_note,Boom,Boom,Bôm,Bôm,0,0,ctx_misses,not_in_whitelist,never,0,0,4,collision_vn_word_cased,high,"never,""restore se lam tu tieng Viet """"Bôm"""" KHONG THE GO DUOC NUA (chi co 1 duong keystroke). bien the chu hoa cua """"boom""""; modifier key phai case-insensitive, output phai giu case goc""",BOOM
P3_engine_keeps_vn_suite_expected_contradicts_note,boom,boom,bôm,bôm,0,0,ctx_misses,not_in_whitelist,never,0,0,4,collision_vn_word,high,"never,""restore se lam tu tieng Viet """"bôm"""" KHONG THE GO DUOC NUA (chi co 1 duong keystroke). ra tu tieng Viet hop le """"bôm""""; can whitelist hoac context""",BOOM
P3_engine_keeps_vn_suite_expected_contradicts_note,BOS,BOS,BÓ,BÓ,0,0,ctx_misses,not_in_whitelist|short_token,never,0,0,3,inflection_trap_cased,high,"never,""restore se lam tu tieng Viet """"BÓ"""" KHONG THE GO DUOC NUA (chi co 1 duong keystroke). bien the chu hoa cua """"bos""""; modifier key phai case-insensitive, output phai giu case goc""",
P3_engine_keeps_vn_suite_expected_contradicts_note,Bos,Bos,Bó,Bó,0,0,ctx_misses,not_in_whitelist|short_token,never,0,0,3,inflection_trap_cased,high,"never,""restore se lam tu tieng Viet """"Bó"""" KHONG THE GO DUOC NUA (chi co 1 duong keystroke). bien the chu hoa cua """"bos""""; modifier key phai case-insensitive, output phai giu case goc""",BOS
P3_engine_keeps_vn_suite_expected_contradicts_note,bos,bos,bó,bó,0,0,ctx_misses,not_in_whitelist|short_token,never,0,0,3,inflection_trap,high,"never,""restore se lam tu tieng Viet """"bó"""" KHONG THE GO DUOC NUA (chi co 1 duong keystroke). """"bo"""" an toan nhung dang bien cach ra tu tieng Viet """"bó"""" (dang suy dien, khong co trong top-10k)""",BOS
P3_engine_keeps_vn_suite_expected_contradicts_note,BOW,BOW,BƠ,BƠ,0,0,ctx_misses,not_in_whitelist|short_token,never,0,0,3,collision_vn_word_cased,high,"never,""restore se lam tu tieng Viet """"BƠ"""" KHONG THE GO DUOC NUA (chi co 1 duong keystroke). bien the chu hoa cua """"bow""""; modifier key phai case-insensitive, output phai giu case goc""",
P3_engine_keeps_vn_suite_expected_contradicts_note,Bow,Bow,Bơ,Bơ,0,0,ctx_misses,not_in_whitelist|short_token,never,0,0,3,collision_vn_word_cased,high,"never,""restore se lam tu tieng Viet """"Bơ"""" KHONG THE GO DUOC NUA (chi co 1 duong keystroke). bien the chu hoa cua """"bow""""; modifier key phai case-insensitive, output phai giu case goc""",BOW
P3_engine_keeps_vn_suite_expected_contradicts_note,bow,bow,bơ,bơ,0,0,ctx_misses,not_in_whitelist|short_token,never,0,0,3,collision_vn_word,high,"never,""restore se lam tu tieng Viet """"bơ"""" KHONG THE GO DUOC NUA (chi co 1 duong keystroke). ra tu tieng Viet hop le """"bơ""""; can whitelist hoac context""",BOW
P3_engine_keeps_vn_suite_expected_contradicts_note,BOX,BOX,BÕ,BÕ,0,0,ctx_misses,not_in_whitelist|short_token,never,0,0,3,collision_vn_word_cased,high,"never,""restore se lam tu tieng Viet """"BÕ"""" KHONG THE GO DUOC NUA (chi co 1 duong keystroke). bien the chu hoa cua """"box""""; modifier key phai case-insensitive, output phai giu case goc""",
P3_engine_keeps_vn_suite_expected_contradicts_note,Box,Box,Bõ,Bõ,0,0,ctx_misses,not_in_whitelist|short_token,never,0,0,3,collision_vn_word_cased,high,"never,""restore se lam tu tieng Viet """"Bõ"""" KHONG THE GO DUOC NUA (chi co 1 duong keystroke). bien the chu hoa cua """"box""""; modifier key phai case-insensitive, output phai giu case goc""",BOX
P3_engine_keeps_vn_suite_expected_contradicts_note,box,box,bõ,bõ,0,0,ctx_misses,not_in_whitelist|short_token,never,0,0,3,collision_vn_word,high,"never,""restore se lam tu tieng Viet """"bõ"""" KHONG THE GO DUOC NUA (chi co 1 duong keystroke). ra tu tieng Viet hop le """"bõ""""; can whitelist hoac context""",BOX
P3_engine_keeps_vn_suite_expected_contradicts_note,BUF,BUF,BÙ,BÙ,0,0,ctx_misses,not_in_whitelist|short_token,never,0,0,3,collision_vn_word_cased,high,"never,""restore se lam tu tieng Viet """"BÙ"""" KHONG THE GO DUOC NUA (chi co 1 duong keystroke). bien the chu hoa cua """"buf""""; modifier key phai case-insensitive, output phai giu case goc""",
P3_engine_keeps_vn_suite_expected_contradicts_note,Buf,Buf,Bù,Bù,0,0,ctx_misses,not_in_whitelist|short_token,never,0,0,3,collision_vn_word_cased,high,"never,""restore se lam tu tieng Viet """"Bù"""" KHONG THE GO DUOC NUA (chi co 1 duong keystroke). bien the chu hoa cua """"buf""""; modifier key phai case-insensitive, output phai giu case goc""",BUF
P3_engine_keeps_vn_suite_expected_contradicts_note,buf,buf,bù,bù,0,0,ctx_misses,not_in_whitelist|short_token,never,0,0,3,collision_vn_word,high,"never,""restore se lam tu tieng Viet """"bù"""" KHONG THE GO DUOC NUA (chi co 1 duong keystroke). ra tu tieng Viet hop le """"bù""""; can whitelist hoac context""",BUF
P3_engine_keeps_vn_suite_expected_contradicts_note,BURNS,BURNS,BÚN,BÚN,0,0,ctx_misses,not_in_whitelist,never,0,0,5,collision_vn_word_cased,high,"never,""restore se lam tu tieng Viet """"BÚN"""" KHONG THE GO DUOC NUA (chi co 1 duong keystroke). bien the chu hoa cua """"burns""""; modifier key phai case-insensitive, output phai giu case goc""",
P3_engine_keeps_vn_suite_expected_contradicts_note,Burns,Burns,Bún,Bún,0,0,ctx_misses,not_in_whitelist,never,0,0,5,collision_vn_word_cased,high,"never,""restore se lam tu tieng Viet """"Bún"""" KHONG THE GO DUOC NUA (chi co 1 duong keystroke). bien the chu hoa cua """"burns""""; modifier key phai case-insensitive, output phai giu case goc""",BURNS
P3_engine_keeps_vn_suite_expected_contradicts_note,burns,burns,bún,bún,0,0,ctx_misses,not_in_whitelist,never,0,0,5,collision_vn_word,high,"never,""restore se lam tu tieng Viet """"bún"""" KHONG THE GO DUOC NUA (chi co 1 duong keystroke). ra tu tieng Viet hop le """"bún""""; can whitelist hoac context""",BURNS
P3_engine_keeps_vn_suite_expected_contradicts_note,BURST,BURST,BÚT,BÚT,0,0,ctx_misses,not_in_whitelist,never,0,0,5,collision_vn_word_cased,high,"never,""restore se lam tu tieng Viet """"BÚT"""" KHONG THE GO DUOC NUA (chi co 1 duong keystroke). bien the chu hoa cua """"burst""""; modifier key phai case-insensitive, output phai giu case goc""",
P3_engine_keeps_vn_suite_expected_contradicts_note,Burst,Burst,Bút,Bút,0,0,ctx_misses,not_in_whitelist,never,0,0,5,collision_vn_word_cased,high,"never,""restore se lam tu tieng Viet """"Bút"""" KHONG THE GO DUOC NUA (chi co 1 duong keystroke). bien the chu hoa cua """"burst""""; modifier key phai case-insensitive, output phai giu case goc""",BURST
P3_engine_keeps_vn_suite_expected_contradicts_note,burst,burst,bút,bút,0,0,ctx_misses,not_in_whitelist,never,0,0,5,collision_vn_word,high,"never,""restore se lam tu tieng Viet """"bút"""" KHONG THE GO DUOC NUA (chi co 1 duong keystroke). ra tu tieng Viet hop le """"bút""""; can whitelist hoac context""",BURST
P3_engine_keeps_vn_suite_expected_contradicts_note,BUS,BUS,BÚ,BÚ,0,0,ctx_misses,not_in_whitelist|short_token,never,0,0,3,collision_vn_word_cased,high,"never,""restore se lam tu tieng Viet """"BÚ"""" KHONG THE GO DUOC NUA (chi co 1 duong keystroke). bien the chu hoa cua """"bus""""; modifier key phai case-insensitive, output phai giu case goc""",
P3_engine_keeps_vn_suite_expected_contradicts_note,Bus,Bus,Bú,Bú,0,0,ctx_misses,not_in_whitelist|short_token,never,0,0,3,collision_vn_word_cased,high,"never,""restore se lam tu tieng Viet """"Bú"""" KHONG THE GO DUOC NUA (chi co 1 duong keystroke). bien the chu hoa cua """"bus""""; modifier key phai case-insensitive, output phai giu case goc""",BUS
P3_engine_keeps_vn_suite_expected_contradicts_note,bus,bus,bú,bú,0,0,ctx_misses,not_in_whitelist|short_token,never,0,0,3,collision_vn_word,high,"never,""restore se lam tu tieng Viet """"bú"""" KHONG THE GO DUOC NUA (chi co 1 duong keystroke). ra tu tieng Viet hop le """"bú""""; can whitelist hoac context""",BUS
P3_engine_keeps_vn_suite_expected_contradicts_note,CAR,CAR,CẢ,CẢ,0,0,ctx_misses,not_in_whitelist|short_token,never,0,0,3,collision_vn_word_cased,high,"never,""restore se lam tu tieng Viet """"CẢ"""" KHONG THE GO DUOC NUA (chi co 1 duong keystroke). bien the chu hoa cua """"car""""; modifier key phai case-insensitive, output phai giu case goc""",
P3_engine_keeps_vn_suite_expected_contradicts_note,Car,Car,Cả,Cả,0,0,ctx_misses,not_in_whitelist|short_token,never,0,0,3,collision_vn_word_cased,high,"never,""restore se lam tu tieng Viet """"Cả"""" KHONG THE GO DUOC NUA (chi co 1 duong keystroke). bien the chu hoa cua """"car""""; modifier key phai case-insensitive, output phai giu case goc""",CAR
P3_engine_keeps_vn_suite_expected_contradicts_note,car,car,cả,cả,0,0,ctx_misses,not_in_whitelist|short_token,never,0,0,3,collision_vn_word,high,"never,""restore se lam tu tieng Viet """"cả"""" KHONG THE GO DUOC NUA (chi co 1 duong keystroke). ra tu tieng Viet hop le """"cả""""; can whitelist hoac context""",CAR
P3_engine_keeps_vn_suite_expected_contradicts_note,CHAIRS,CHAIRS,CHÁI,CHÁI,0,0,ctx_misses,not_in_whitelist,never,0,0,6,collision_vn_word_cased,high,"never,""restore se lam tu tieng Viet """"CHÁI"""" KHONG THE GO DUOC NUA (chi co 1 duong keystroke). bien the chu hoa cua """"chairs""""; modifier key phai case-insensitive, output phai giu case goc""",
P3_engine_keeps_vn_suite_expected_contradicts_note,Chairs,Chairs,Chái,Chái,0,0,ctx_misses,not_in_whitelist,never,0,0,6,collision_vn_word_cased,high,"never,""restore se lam tu tieng Viet """"Chái"""" KHONG THE GO DUOC NUA (chi co 1 duong keystroke). bien the chu hoa cua """"chairs""""; modifier key phai case-insensitive, output phai giu case goc""",CHAIRS
P3_engine_keeps_vn_suite_expected_contradicts_note,chairs,chairs,chái,chái,0,0,ctx_misses,not_in_whitelist,never,0,0,6,collision_vn_word,high,"never,""restore se lam tu tieng Viet """"chái"""" KHONG THE GO DUOC NUA (chi co 1 duong keystroke). ra tu tieng Viet hop le """"chái""""; can whitelist hoac context""",CHAIRS
P3_engine_keeps_vn_suite_expected_contradicts_note,CHAR,CHAR,CHẢ,CHẢ,0,0,ctx_misses,not_in_whitelist,never,0,0,4,collision_vn_word_cased,high,"never,""restore se lam tu tieng Viet """"CHẢ"""" KHONG THE GO DUOC NUA (chi co 1 duong keystroke). bien the chu hoa cua """"char""""; modifier key phai case-insensitive, output phai giu case goc""",
P3_engine_keeps_vn_suite_expected_contradicts_note,CHAR,CHAR,CHẢ,CHẢ,0,0,ctx_misses,not_in_whitelist,never,0,0,4,collision_vn_word_cased,high,"never,""restore se lam tu tieng Viet """"CHẢ"""" KHONG THE GO DUOC NUA (chi co 1 duong keystroke). bien the chu hoa cua """"char""""; modifier key phai case-insensitive, output phai giu case goc""",CHAR
P3_engine_keeps_vn_suite_expected_contradicts_note,Char,Char,Chả,Chả,0,0,ctx_misses,not_in_whitelist,never,0,0,4,collision_vn_word_cased,high,"never,""restore se lam tu tieng Viet """"Chả"""" KHONG THE GO DUOC NUA (chi co 1 duong keystroke). bien the chu hoa cua """"char""""; modifier key phai case-insensitive, output phai giu case goc""",CHAR
P3_engine_keeps_vn_suite_expected_contradicts_note,Char,Char,Chả,Chả,0,0,ctx_misses,not_in_whitelist,never,0,0,4,collision_vn_word_cased,high,"never,""restore se lam tu tieng Viet """"Chả"""" KHONG THE GO DUOC NUA (chi co 1 duong keystroke). bien the chu hoa cua """"char""""; modifier key phai case-insensitive, output phai giu case goc""",CHAR
P3_engine_keeps_vn_suite_expected_contradicts_note,char,char,chả,chả,0,0,ctx_misses,not_in_whitelist,never,0,0,4,collision_vn_word,high,"never,""restore se lam tu tieng Viet """"chả"""" KHONG THE GO DUOC NUA (chi co 1 duong keystroke). ra tu tieng Viet hop le """"chả""""; can whitelist hoac context""",CHAR
P3_engine_keeps_vn_suite_expected_contradicts_note,char,char,chả,chả,0,0,ctx_misses,not_in_whitelist,never,0,0,4,collision_vn_word,high,"never,""restore se lam tu tieng Viet """"chả"""" KHONG THE GO DUOC NUA (chi co 1 duong keystroke). ra tu tieng Viet hop le """"chả""""; can whitelist hoac context""",CHAR
P3_engine_keeps_vn_suite_expected_contradicts_note,CHEERS,CHEERS,CHẾ,CHẾ,0,0,ctx_misses,not_in_whitelist,never,0,0,6,collision_vn_word_cased,high,"never,""restore se lam tu tieng Viet """"CHẾ"""" KHONG THE GO DUOC NUA (chi co 1 duong keystroke). bien the chu hoa cua """"cheers""""; modifier key phai case-insensitive, output phai giu case goc""",
P3_engine_keeps_vn_suite_expected_contradicts_note,Cheers,Cheers,Chế,Chế,0,0,ctx_misses,not_in_whitelist,never,0,0,6,collision_vn_word_cased,high,"never,""restore se lam tu tieng Viet """"Chế"""" KHONG THE GO DUOC NUA (chi co 1 duong keystroke). bien the chu hoa cua """"cheers""""; modifier key phai case-insensitive, output phai giu case goc""",CHEERS
P3_engine_keeps_vn_suite_expected_contradicts_note,cheers,cheers,chế,chế,0,0,ctx_misses,not_in_whitelist,never,0,0,6,collision_vn_word,high,"never,""restore se lam tu tieng Viet """"chế"""" KHONG THE GO DUOC NUA (chi co 1 duong keystroke). ra tu tieng Viet hop le """"chế""""; can whitelist hoac context""",CHEERS
P3_engine_keeps_vn_suite_expected_contradicts_note,CHEF,CHEF,CHÈ,CHÈ,0,0,ctx_misses,not_in_whitelist,never,0,0,4,collision_vn_word_cased,high,"never,""restore se lam tu tieng Viet """"CHÈ"""" KHONG THE GO DUOC NUA (chi co 1 duong keystroke). bien the chu hoa cua """"chef""""; modifier key phai case-insensitive, output phai giu case goc""",
P3_engine_keeps_vn_suite_expected_contradicts_note,Chef,Chef,Chè,Chè,0,0,ctx_misses,not_in_whitelist,never,0,0,4,collision_vn_word_cased,high,"never,""restore se lam tu tieng Viet """"Chè"""" KHONG THE GO DUOC NUA (chi co 1 duong keystroke). bien the chu hoa cua """"chef""""; modifier key phai case-insensitive, output phai giu case goc""",CHEF
P3_engine_keeps_vn_suite_expected_contradicts_note,chef,chef,chè,chè,0,0,ctx_misses,not_in_whitelist,never,0,0,4,collision_vn_word,high,"never,""restore se lam tu tieng Viet """"chè"""" KHONG THE GO DUOC NUA (chi co 1 duong keystroke). ra tu tieng Viet hop le """"chè""""; can whitelist hoac context""",CHEF
P3_engine_keeps_vn_suite_expected_contradicts_note,CHIS,CHIS,CHÍ,CHÍ,0,0,ctx_misses,not_in_whitelist,never,0,0,4,inflection_trap_cased,high,"never,""restore se lam tu tieng Viet """"CHÍ"""" KHONG THE GO DUOC NUA (chi co 1 duong keystroke). bien the chu hoa cua """"chis""""; modifier key phai case-insensitive, output phai giu case goc""",
P3_engine_keeps_vn_suite_expected_contradicts_note,Chis,Chis,Chí,Chí,0,0,ctx_misses,not_in_whitelist,never,0,0,4,inflection_trap_cased,high,"never,""restore se lam tu tieng Viet """"Chí"""" KHONG THE GO DUOC NUA (chi co 1 duong keystroke). bien the chu hoa cua """"chis""""; modifier key phai case-insensitive, output phai giu case goc""",CHIS
P3_engine_keeps_vn_suite_expected_contradicts_note,chis,chis,chí,chí,0,0,ctx_misses,not_in_whitelist,never,0,0,4,inflection_trap,high,"never,""restore se lam tu tieng Viet """"chí"""" KHONG THE GO DUOC NUA (chi co 1 duong keystroke). """"chi"""" an toan nhung dang bien cach ra tu tieng Viet """"chí"""" (dang suy dien, khong co trong top-10k)""",CHIS
P3_engine_keeps_vn_suite_expected_contradicts_note,CHOS,CHOS,CHÓ,CHÓ,0,0,ctx_misses,not_in_whitelist,never,0,0,4,inflection_trap_cased,high,"never,""restore se lam tu tieng Viet """"CHÓ"""" KHONG THE GO DUOC NUA (chi co 1 duong keystroke). bien the chu hoa cua """"chos""""; modifier key phai case-insensitive, output phai giu case goc""",
P3_engine_keeps_vn_suite_expected_contradicts_note,Chos,Chos,Chó,Chó,0,0,ctx_misses,not_in_whitelist,never,0,0,4,inflection_trap_cased,high,"never,""restore se lam tu tieng Viet """"Chó"""" KHONG THE GO DUOC NUA (chi co 1 duong keystroke). bien the chu hoa cua """"chos""""; modifier key phai case-insensitive, output phai giu case goc""",CHOS
P3_engine_keeps_vn_suite_expected_contradicts_note,chos,chos,chó,chó,0,0,ctx_misses,not_in_whitelist,never,0,0,4,inflection_trap,high,"never,""restore se lam tu tieng Viet """"chó"""" KHONG THE GO DUOC NUA (chi co 1 duong keystroke). """"cho"""" an toan nhung dang bien cach ra tu tieng Viet """"chó"""" (dang suy dien, khong co trong top-10k)""",CHOS
P3_engine_keeps_vn_suite_expected_contradicts_note,CHOWN,CHOWN,CHƠN,CHƠN,0,0,ctx_misses,not_in_whitelist,never,0,0,5,collision_vn_word_cased,high,"never,""restore se lam tu tieng Viet """"CHƠN"""" KHONG THE GO DUOC NUA (chi co 1 duong keystroke). bien the chu hoa cua """"chown""""; modifier key phai case-insensitive, output phai giu case goc""",
P3_engine_keeps_vn_suite_expected_contradicts_note,Chown,Chown,Chơn,Chơn,0,0,ctx_misses,not_in_whitelist,never,0,0,5,collision_vn_word_cased,high,"never,""restore se lam tu tieng Viet """"Chơn"""" KHONG THE GO DUOC NUA (chi co 1 duong keystroke). bien the chu hoa cua """"chown""""; modifier key phai case-insensitive, output phai giu case goc""",CHOWN
P3_engine_keeps_vn_suite_expected_contradicts_note,chown,chown,chơn,chơn,0,0,ctx_misses,not_in_whitelist,never,0,0,5,collision_vn_word,high,"never,""restore se lam tu tieng Viet """"chơn"""" KHONG THE GO DUOC NUA (chi co 1 duong keystroke). ra tu tieng Viet hop le """"chơn""""; can whitelist hoac context""",CHOWN
P3_engine_keeps_vn_suite_expected_contradicts_note,CORPS,CORPS,CÓP,CÓP,0,0,ctx_misses,not_in_whitelist,never,0,0,5,collision_vn_word_cased,high,"never,""restore se lam tu tieng Viet """"CÓP"""" KHONG THE GO DUOC NUA (chi co 1 duong keystroke). bien the chu hoa cua """"corps""""; modifier key phai case-insensitive, output phai giu case goc""",
P3_engine_keeps_vn_suite_expected_contradicts_note,Corps,Corps,Cóp,Cóp,0,0,ctx_misses,not_in_whitelist,never,0,0,5,collision_vn_word_cased,high,"never,""restore se lam tu tieng Viet """"Cóp"""" KHONG THE GO DUOC NUA (chi co 1 duong keystroke). bien the chu hoa cua """"corps""""; modifier key phai case-insensitive, output phai giu case goc""",CORPS
P3_engine_keeps_vn_suite_expected_contradicts_note,corps,corps,cóp,cóp,0,0,ctx_misses,not_in_whitelist,never,0,0,5,collision_vn_word,high,"never,""restore se lam tu tieng Viet """"cóp"""" KHONG THE GO DUOC NUA (chi co 1 duong keystroke). ra tu tieng Viet hop le """"cóp""""; can whitelist hoac context""",CORPS
P3_engine_keeps_vn_suite_expected_contradicts_note,CORS,CORS,CÓ,CÓ,0,0,ctx_misses,not_in_whitelist,never,0,0,4,collision_vn_word_cased,high,"never,""restore se lam tu tieng Viet """"CÓ"""" KHONG THE GO DUOC NUA (chi co 1 duong keystroke). bien the chu hoa cua """"cors""""; modifier key phai case-insensitive, output phai giu case goc""",
P3_engine_keeps_vn_suite_expected_contradicts_note,Cors,Cors,Có,Có,0,0,ctx_misses,not_in_whitelist,never,0,0,4,collision_vn_word_cased,high,"never,""restore se lam tu tieng Viet """"Có"""" KHONG THE GO DUOC NUA (chi co 1 duong keystroke). bien the chu hoa cua """"cors""""; modifier key phai case-insensitive, output phai giu case goc""",CORS
P3_engine_keeps_vn_suite_expected_contradicts_note,cors,cors,có,có,0,0,ctx_misses,not_in_whitelist,never,0,0,4,collision_vn_word,high,"never,""restore se lam tu tieng Viet """"có"""" KHONG THE GO DUOC NUA (chi co 1 duong keystroke). ra tu tieng Viet hop le """"có""""; can whitelist hoac context""",CORS
P3_engine_keeps_vn_suite_expected_contradicts_note,COS,COS,CÓ,CÓ,0,0,ctx_misses,not_in_whitelist|short_token,never,0,0,3,collision_vn_word_cased,high,"never,""restore se lam tu tieng Viet """"CÓ"""" KHONG THE GO DUOC NUA (chi co 1 duong keystroke). bien the chu hoa cua """"cos""""; modifier key phai case-insensitive, output phai giu case goc""",
P3_engine_keeps_vn_suite_expected_contradicts_note,COS,COS,CÓ,CÓ,0,0,ctx_misses,not_in_whitelist|short_token,never,0,0,3,inflection_trap_cased,high,"never,""restore se lam tu tieng Viet """"CÓ"""" KHONG THE GO DUOC NUA (chi co 1 duong keystroke). bien the chu hoa cua """"cos""""; modifier key phai case-insensitive, output phai giu case goc""",COS
P3_engine_keeps_vn_suite_expected_contradicts_note,Cos,Cos,Có,Có,0,0,ctx_misses,not_in_whitelist|short_token,never,0,0,3,collision_vn_word_cased,high,"never,""restore se lam tu tieng Viet """"Có"""" KHONG THE GO DUOC NUA (chi co 1 duong keystroke). bien the chu hoa cua """"cos""""; modifier key phai case-insensitive, output phai giu case goc""",COS
P3_engine_keeps_vn_suite_expected_contradicts_note,Cos,Cos,Có,Có,0,0,ctx_misses,not_in_whitelist|short_token,never,0,0,3,inflection_trap_cased,high,"never,""restore se lam tu tieng Viet """"Có"""" KHONG THE GO DUOC NUA (chi co 1 duong keystroke). bien the chu hoa cua """"cos""""; modifier key phai case-insensitive, output phai giu case goc""",COS
P3_engine_keeps_vn_suite_expected_contradicts_note,cos,cos,có,có,0,0,ctx_misses,not_in_whitelist|short_token,never,0,0,3,collision_vn_word,high,"never,""restore se lam tu tieng Viet """"có"""" KHONG THE GO DUOC NUA (chi co 1 duong keystroke). ra tu tieng Viet hop le """"có""""; can whitelist hoac context""",COS
P3_engine_keeps_vn_suite_expected_contradicts_note,cos,cos,có,có,0,0,ctx_misses,not_in_whitelist|short_token,never,0,0,3,inflection_trap,high,"never,""restore se lam tu tieng Viet """"có"""" KHONG THE GO DUOC NUA (chi co 1 duong keystroke). """"co"""" an toan nhung dang bien cach ra tu tieng Viet """"có""""""",COS
P3_engine_keeps_vn_suite_expected_contradicts_note,COW,COW,CƠ,CƠ,0,0,ctx_misses,not_in_whitelist|short_token,never,0,0,3,collision_vn_word_cased,high,"never,""restore se lam tu tieng Viet """"CƠ"""" KHONG THE GO DUOC NUA (chi co 1 duong keystroke). bien the chu hoa cua """"cow""""; modifier key phai case-insensitive, output phai giu case goc""",
P3_engine_keeps_vn_suite_expected_contradicts_note,Cow,Cow,Cơ,Cơ,0,0,ctx_misses,not_in_whitelist|short_token,never,0,0,3,collision_vn_word_cased,high,"never,""restore se lam tu tieng Viet """"Cơ"""" KHONG THE GO DUOC NUA (chi co 1 duong keystroke). bien the chu hoa cua """"cow""""; modifier key phai case-insensitive, output phai giu case goc""",COW
P3_engine_keeps_vn_suite_expected_contradicts_note,cow,cow,cơ,cơ,0,0,ctx_misses,not_in_whitelist|short_token,never,0,0,3,collision_vn_word,high,"never,""restore se lam tu tieng Viet """"cơ"""" KHONG THE GO DUOC NUA (chi co 1 duong keystroke). ra tu tieng Viet hop le """"cơ""""; can whitelist hoac context""",COW
P3_engine_keeps_vn_suite_expected_contradicts_note,CUS,CUS,CÚ,CÚ,0,0,ctx_misses,not_in_whitelist|short_token,never,0,0,3,inflection_trap_cased,high,"never,""restore se lam tu tieng Viet """"CÚ"""" KHONG THE GO DUOC NUA (chi co 1 duong keystroke). bien the chu hoa cua """"cus""""; modifier key phai case-insensitive, output phai giu case goc""",
P3_engine_keeps_vn_suite_expected_contradicts_note,Cus,Cus,Cú,Cú,0,0,ctx_misses,not_in_whitelist|short_token,never,0,0,3,inflection_trap_cased,high,"never,""restore se lam tu tieng Viet """"Cú"""" KHONG THE GO DUOC NUA (chi co 1 duong keystroke). bien the chu hoa cua """"cus""""; modifier key phai case-insensitive, output phai giu case goc""",CUS
P3_engine_keeps_vn_suite_expected_contradicts_note,cus,cus,cú,cú,0,0,ctx_misses,not_in_whitelist|short_token,never,0,0,3,inflection_trap,high,"never,""restore se lam tu tieng Viet """"cú"""" KHONG THE GO DUOC NUA (chi co 1 duong keystroke). """"cu"""" an toan nhung dang bien cach ra tu tieng Viet """"cú"""" (dang suy dien, khong co trong top-10k)""",CUS
P3_engine_keeps_vn_suite_expected_contradicts_note,DAWN,DAWN,DĂN,DĂN,0,0,ctx_misses,not_in_whitelist,never,0,0,4,collision_vn_word_cased,high,"never,""restore se lam tu tieng Viet """"DĂN"""" KHONG THE GO DUOC NUA (chi co 1 duong keystroke). bien the chu hoa cua """"dawn""""; modifier key phai case-insensitive, output phai giu case goc""",
P3_engine_keeps_vn_suite_expected_contradicts_note,Dawn,Dawn,Dăn,Dăn,0,0,ctx_misses,not_in_whitelist,never,0,0,4,collision_vn_word_cased,high,"never,""restore se lam tu tieng Viet """"Dăn"""" KHONG THE GO DUOC NUA (chi co 1 duong keystroke). bien the chu hoa cua """"dawn""""; modifier key phai case-insensitive, output phai giu case goc""",DAWN
P3_engine_keeps_vn_suite_expected_contradicts_note,dawn,dawn,dăn,dăn,0,0,ctx_misses,not_in_whitelist,never,0,0,4,collision_vn_word,high,"never,""restore se lam tu tieng Viet """"dăn"""" KHONG THE GO DUOC NUA (chi co 1 duong keystroke). ra tu tieng Viet hop le """"dăn""""; can whitelist hoac context""",DAWN
P3_engine_keeps_vn_suite_expected_contradicts_note,DEE,DEE,DÊ,DÊ,0,0,ctx_misses,not_in_whitelist|short_token,never,0,0,3,collision_vn_word_cased,high,"never,""restore se lam tu tieng Viet """"DÊ"""" KHONG THE GO DUOC NUA (chi co 1 duong keystroke). bien the chu hoa cua """"dee""""; modifier key phai case-insensitive, output phai giu case goc""",
P3_engine_keeps_vn_suite_expected_contradicts_note,Dee,Dee,Dê,Dê,0,0,ctx_misses,not_in_whitelist|short_token,never,0,0,3,collision_vn_word_cased,high,"never,""restore se lam tu tieng Viet """"Dê"""" KHONG THE GO DUOC NUA (chi co 1 duong keystroke). bien the chu hoa cua """"dee""""; modifier key phai case-insensitive, output phai giu case goc""",DEE
P3_engine_keeps_vn_suite_expected_contradicts_note,dee,dee,dê,dê,0,0,ctx_misses,not_in_whitelist|short_token,never,0,0,3,collision_vn_word,high,"never,""restore se lam tu tieng Viet """"dê"""" KHONG THE GO DUOC NUA (chi co 1 duong keystroke). ra tu tieng Viet hop le """"dê""""; can whitelist hoac context""",DEE
P3_engine_keeps_vn_suite_expected_contradicts_note,DEF,DEF,DÈ,DÈ,0,0,ctx_misses,not_in_whitelist|short_token,never,0,0,3,collision_vn_word_cased,high,"never,""restore se lam tu tieng Viet """"DÈ"""" KHONG THE GO DUOC NUA (chi co 1 duong keystroke). bien the chu hoa cua """"def""""; modifier key phai case-insensitive, output phai giu case goc""",
P3_engine_keeps_vn_suite_expected_contradicts_note,Def,Def,Dè,Dè,0,0,ctx_misses,not_in_whitelist|short_token,never,0,0,3,collision_vn_word_cased,high,"never,""restore se lam tu tieng Viet """"Dè"""" KHONG THE GO DUOC NUA (chi co 1 duong keystroke). bien the chu hoa cua """"def""""; modifier key phai case-insensitive, output phai giu case goc""",DEF
P3_engine_keeps_vn_suite_expected_contradicts_note,def,def,dè,dè,0,0,ctx_misses,not_in_whitelist|short_token,never,0,0,3,collision_vn_word,high,"never,""restore se lam tu tieng Viet """"dè"""" KHONG THE GO DUOC NUA (chi co 1 duong keystroke). ra tu tieng Viet hop le """"dè""""; can whitelist hoac context""",DEF
P3_engine_keeps_vn_suite_expected_contradicts_note,DER,DER,DẺ,DẺ,0,0,ctx_misses,not_in_whitelist|short_token,never,0,0,3,collision_vn_word_cased,high,"never,""restore se lam tu tieng Viet """"DẺ"""" KHONG THE GO DUOC NUA (chi co 1 duong keystroke). bien the chu hoa cua """"der""""; modifier key phai case-insensitive, output phai giu case goc""",
P3_engine_keeps_vn_suite_expected_contradicts_note,Der,Der,Dẻ,Dẻ,0,0,ctx_misses,not_in_whitelist|short_token,never,0,0,3,collision_vn_word_cased,high,"never,""restore se lam tu tieng Viet """"Dẻ"""" KHONG THE GO DUOC NUA (chi co 1 duong keystroke). bien the chu hoa cua """"der""""; modifier key phai case-insensitive, output phai giu case goc""",DER
P3_engine_keeps_vn_suite_expected_contradicts_note,der,der,dẻ,dẻ,0,0,ctx_misses,not_in_whitelist|short_token,never,0,0,3,collision_vn_word,high,"never,""restore se lam tu tieng Viet """"dẻ"""" KHONG THE GO DUOC NUA (chi co 1 duong keystroke). ra tu tieng Viet hop le """"dẻ""""; can whitelist hoac context""",DER
P3_engine_keeps_vn_suite_expected_contradicts_note,DES,DES,DÉ,DÉ,0,0,ctx_misses,not_in_whitelist|short_token,never,0,0,3,collision_vn_word_cased,high,"never,""restore se lam tu tieng Viet """"DÉ"""" KHONG THE GO DUOC NUA (chi co 1 duong keystroke). bien the chu hoa cua """"des""""; modifier key phai case-insensitive, output phai giu case goc""",
P3_engine_keeps_vn_suite_expected_contradicts_note,DES,DES,DÉ,DÉ,0,0,ctx_misses,not_in_whitelist|short_token,never,0,0,3,inflection_trap_cased,high,"never,""restore se lam tu tieng Viet """"DÉ"""" KHONG THE GO DUOC NUA (chi co 1 duong keystroke). bien the chu hoa cua """"des""""; modifier key phai case-insensitive, output phai giu case goc""",DES
P3_engine_keeps_vn_suite_expected_contradicts_note,Des,Des,Dé,Dé,0,0,ctx_misses,not_in_whitelist|short_token,never,0,0,3,collision_vn_word_cased,high,"never,""restore se lam tu tieng Viet """"Dé"""" KHONG THE GO DUOC NUA (chi co 1 duong keystroke). bien the chu hoa cua """"des""""; modifier key phai case-insensitive, output phai giu case goc""",DES
P3_engine_keeps_vn_suite_expected_contradicts_note,Des,Des,Dé,Dé,0,0,ctx_misses,not_in_whitelist|short_token,never,0,0,3,inflection_trap_cased,high,"never,""restore se lam tu tieng Viet """"Dé"""" KHONG THE GO DUOC NUA (chi co 1 duong keystroke). bien the chu hoa cua """"des""""; modifier key phai case-insensitive, output phai giu case goc""",DES
P3_engine_keeps_vn_suite_expected_contradicts_note,des,des,dé,dé,0,0,ctx_misses,not_in_whitelist|short_token,never,0,0,3,collision_vn_word,high,"never,""restore se lam tu tieng Viet """"dé"""" KHONG THE GO DUOC NUA (chi co 1 duong keystroke). ra tu tieng Viet hop le """"dé""""; can whitelist hoac context""",DES
P3_engine_keeps_vn_suite_expected_contradicts_note,des,des,dé,dé,0,0,ctx_misses,not_in_whitelist|short_token,never,0,0,3,inflection_trap,high,"never,""restore se lam tu tieng Viet """"dé"""" KHONG THE GO DUOC NUA (chi co 1 duong keystroke). """"de"""" an toan nhung dang bien cach ra tu tieng Viet """"dé""""""",DES
P3_engine_keeps_vn_suite_expected_contradicts_note,DIR,DIR,DỈ,DỈ,0,0,ctx_misses,not_in_whitelist|short_token,never,0,0,3,collision_vn_word_cased,high,"never,""restore se lam tu tieng Viet """"DỈ"""" KHONG THE GO DUOC NUA (chi co 1 duong keystroke). bien the chu hoa cua """"dir""""; modifier key phai case-insensitive, output phai giu case goc""",
P3_engine_keeps_vn_suite_expected_contradicts_note,Dir,Dir,Dỉ,Dỉ,0,0,ctx_misses,not_in_whitelist|short_token,never,0,0,3,collision_vn_word_cased,high,"never,""restore se lam tu tieng Viet """"Dỉ"""" KHONG THE GO DUOC NUA (chi co 1 duong keystroke). bien the chu hoa cua """"dir""""; modifier key phai case-insensitive, output phai giu case goc""",DIR
P3_engine_keeps_vn_suite_expected_contradicts_note,dir,dir,dỉ,dỉ,0,0,ctx_misses,not_in_whitelist|short_token,never,0,0,3,collision_vn_word,high,"never,""restore se lam tu tieng Viet """"dỉ"""" KHONG THE GO DUOC NUA (chi co 1 duong keystroke). ra tu tieng Viet hop le """"dỉ""""; can whitelist hoac context""",DIR
P3_engine_keeps_vn_suite_expected_contradicts_note,dis,dis,dí,dí,0,0,ctx_misses,not_in_whitelist|short_token,never,0,0,3,collision_vn_syllable,medium,"never,""restore se lam tu tieng Viet """"dí"""" KHONG THE GO DUOC NUA (chi co 1 duong keystroke). ra syllable tieng Viet hop le """"dí""""""",
P3_engine_keeps_vn_suite_expected_contradicts_note,DOS,DOS,DÓ,DÓ,0,0,ctx_misses,not_in_whitelist|short_token,never,0,0,3,collision_vn_word_cased,high,"never,""restore se lam tu tieng Viet """"DÓ"""" KHONG THE GO DUOC NUA (chi co 1 duong keystroke). bien the chu hoa cua """"dos""""; modifier key phai case-insensitive, output phai giu case goc""",
P3_engine_keeps_vn_suite_expected_contradicts_note,DOS,DOS,DÓ,DÓ,0,0,ctx_misses,not_in_whitelist|short_token,never,0,0,3,inflection_trap_cased,high,"never,""restore se lam tu tieng Viet """"DÓ"""" KHONG THE GO DUOC NUA (chi co 1 duong keystroke). bien the chu hoa cua """"dos""""; modifier key phai case-insensitive, output phai giu case goc""",DOS
P3_engine_keeps_vn_suite_expected_contradicts_note,Dos,Dos,Dó,Dó,0,0,ctx_misses,not_in_whitelist|short_token,never,0,0,3,collision_vn_word_cased,high,"never,""restore se lam tu tieng Viet """"Dó"""" KHONG THE GO DUOC NUA (chi co 1 duong keystroke). bien the chu hoa cua """"dos""""; modifier key phai case-insensitive, output phai giu case goc""",DOS
P3_engine_keeps_vn_suite_expected_contradicts_note,Dos,Dos,Dó,Dó,0,0,ctx_misses,not_in_whitelist|short_token,never,0,0,3,inflection_trap_cased,high,"never,""restore se lam tu tieng Viet """"Dó"""" KHONG THE GO DUOC NUA (chi co 1 duong keystroke). bien the chu hoa cua """"dos""""; modifier key phai case-insensitive, output phai giu case goc""",DOS
P3_engine_keeps_vn_suite_expected_contradicts_note,dos,dos,dó,dó,0,0,ctx_misses,not_in_whitelist|short_token,never,0,0,3,collision_vn_word,high,"never,""restore se lam tu tieng Viet """"dó"""" KHONG THE GO DUOC NUA (chi co 1 duong keystroke). ra tu tieng Viet hop le """"dó""""; can whitelist hoac context""",DOS
P3_engine_keeps_vn_suite_expected_contradicts_note,dos,dos,dó,dó,0,0,ctx_misses,not_in_whitelist|short_token,never,0,0,3,inflection_trap,high,"never,""restore se lam tu tieng Viet """"dó"""" KHONG THE GO DUOC NUA (chi co 1 duong keystroke). """"do"""" an toan nhung dang bien cach ra tu tieng Viet """"dó""""""",DOS
P3_engine_keeps_vn_suite_expected_contradicts_note,DOW,DOW,DƠ,DƠ,0,0,ctx_misses,not_in_whitelist|short_token,never,0,0,3,collision_vn_word_cased,high,"never,""restore se lam tu tieng Viet """"DƠ"""" KHONG THE GO DUOC NUA (chi co 1 duong keystroke). bien the chu hoa cua """"dow""""; modifier key phai case-insensitive, output phai giu case goc""",
P3_engine_keeps_vn_suite_expected_contradicts_note,Dow,Dow,Dơ,Dơ,0,0,ctx_misses,not_in_whitelist|short_token,never,0,0,3,collision_vn_word_cased,high,"never,""restore se lam tu tieng Viet """"Dơ"""" KHONG THE GO DUOC NUA (chi co 1 duong keystroke). bien the chu hoa cua """"dow""""; modifier key phai case-insensitive, output phai giu case goc""",DOW
P3_engine_keeps_vn_suite_expected_contradicts_note,dow,dow,dơ,dơ,0,0,ctx_misses,not_in_whitelist|short_token,never,0,0,3,collision_vn_word,high,"never,""restore se lam tu tieng Viet """"dơ"""" KHONG THE GO DUOC NUA (chi co 1 duong keystroke). ra tu tieng Viet hop le """"dơ""""; can whitelist hoac context""",DOW
P3_engine_keeps_vn_suite_expected_contradicts_note,GAS,GAS,GÁ,GÁ,0,0,ctx_misses,not_in_whitelist|short_token,never,0,0,3,collision_vn_word_cased,high,"never,""restore se lam tu tieng Viet """"GÁ"""" KHONG THE GO DUOC NUA (chi co 1 duong keystroke). bien the chu hoa cua """"gas""""; modifier key phai case-insensitive, output phai giu case goc""",
P3_engine_keeps_vn_suite_expected_contradicts_note,GAS,GAS,GÁ,GÁ,0,0,ctx_misses,not_in_whitelist|short_token,never,0,0,3,inflection_trap_cased,high,"never,""restore se lam tu tieng Viet """"GÁ"""" KHONG THE GO DUOC NUA (chi co 1 duong keystroke). bien the chu hoa cua """"gas""""; modifier key phai case-insensitive, output phai giu case goc""",GAS
P3_engine_keeps_vn_suite_expected_contradicts_note,Gas,Gas,Gá,Gá,0,0,ctx_misses,not_in_whitelist|short_token,never,0,0,3,collision_vn_word_cased,high,"never,""restore se lam tu tieng Viet """"Gá"""" KHONG THE GO DUOC NUA (chi co 1 duong keystroke). bien the chu hoa cua """"gas""""; modifier key phai case-insensitive, output phai giu case goc""",GAS
P3_engine_keeps_vn_suite_expected_contradicts_note,Gas,Gas,Gá,Gá,0,0,ctx_misses,not_in_whitelist|short_token,never,0,0,3,inflection_trap_cased,high,"never,""restore se lam tu tieng Viet """"Gá"""" KHONG THE GO DUOC NUA (chi co 1 duong keystroke). bien the chu hoa cua """"gas""""; modifier key phai case-insensitive, output phai giu case goc""",GAS
P3_engine_keeps_vn_suite_expected_contradicts_note,gas,gas,gá,gá,0,0,ctx_misses,not_in_whitelist|short_token,never,0,0,3,collision_vn_word,high,"never,""restore se lam tu tieng Viet """"gá"""" KHONG THE GO DUOC NUA (chi co 1 duong keystroke). ra tu tieng Viet hop le """"gá""""; can whitelist hoac context""",GAS
P3_engine_keeps_vn_suite_expected_contradicts_note,gas,gas,gá,gá,0,0,ctx_misses,not_in_whitelist|short_token,never,0,0,3,inflection_trap,high,"never,""restore se lam tu tieng Viet """"gá"""" KHONG THE GO DUOC NUA (chi co 1 duong keystroke). """"ga"""" an toan nhung dang bien cach ra tu tieng Viet """"gá""""""",GAS
P3_engine_keeps_vn_suite_expected_contradicts_note,HES,HES,HÉ,HÉ,0,0,ctx_misses,not_in_whitelist|short_token,never,0,0,3,inflection_trap_cased,high,"never,""restore se lam tu tieng Viet """"HÉ"""" KHONG THE GO DUOC NUA (chi co 1 duong keystroke). bien the chu hoa cua """"hes""""; modifier key phai case-insensitive, output phai giu case goc""",
P3_engine_keeps_vn_suite_expected_contradicts_note,Hes,Hes,Hé,Hé,0,0,ctx_misses,not_in_whitelist|short_token,never,0,0,3,inflection_trap_cased,high,"never,""restore se lam tu tieng Viet """"Hé"""" KHONG THE GO DUOC NUA (chi co 1 duong keystroke). bien the chu hoa cua """"hes""""; modifier key phai case-insensitive, output phai giu case goc""",HES
P3_engine_keeps_vn_suite_expected_contradicts_note,hes,hes,hé,hé,0,0,ctx_misses,not_in_whitelist|short_token,never,0,0,3,inflection_trap,high,"never,""restore se lam tu tieng Viet """"hé"""" KHONG THE GO DUOC NUA (chi co 1 duong keystroke). """"he"""" an toan nhung dang bien cach ra tu tieng Viet """"hé"""" (dang suy dien, khong co trong top-10k)""",HES
P3_engine_keeps_vn_suite_expected_contradicts_note,IRS,IRS,Í,Í,0,0,ctx_misses,not_in_whitelist|short_token,never,0,0,3,collision_vn_word_cased,high,"never,""restore se lam tu tieng Viet """"Í"""" KHONG THE GO DUOC NUA (chi co 1 duong keystroke). bien the chu hoa cua """"irs""""; modifier key phai case-insensitive, output phai giu case goc""",
P3_engine_keeps_vn_suite_expected_contradicts_note,Irs,Irs,Í,Í,0,0,ctx_misses,not_in_whitelist|short_token,never,0,0,3,collision_vn_word_cased,high,"never,""restore se lam tu tieng Viet """"Í"""" KHONG THE GO DUOC NUA (chi co 1 duong keystroke). bien the chu hoa cua """"irs""""; modifier key phai case-insensitive, output phai giu case goc""",IRS
P3_engine_keeps_vn_suite_expected_contradicts_note,irs,irs,í,í,0,0,ctx_misses,not_in_whitelist|short_token,never,0,0,3,collision_vn_word,high,"never,""restore se lam tu tieng Viet """"í"""" KHONG THE GO DUOC NUA (chi co 1 duong keystroke). ra tu tieng Viet hop le """"í""""; can whitelist hoac context""",IRS
P3_engine_keeps_vn_suite_expected_contradicts_note,KEEN,KEEN,KÊN,KÊN,0,0,ctx_misses,not_in_whitelist,never,0,0,4,collision_vn_word_cased,high,"never,""restore se lam tu tieng Viet """"KÊN"""" KHONG THE GO DUOC NUA (chi co 1 duong keystroke). bien the chu hoa cua """"keen""""; modifier key phai case-insensitive, output phai giu case goc""",
P3_engine_keeps_vn_suite_expected_contradicts_note,Keen,Keen,Kên,Kên,0,0,ctx_misses,not_in_whitelist,never,0,0,4,collision_vn_word_cased,high,"never,""restore se lam tu tieng Viet """"Kên"""" KHONG THE GO DUOC NUA (chi co 1 duong keystroke). bien the chu hoa cua """"keen""""; modifier key phai case-insensitive, output phai giu case goc""",KEEN
P3_engine_keeps_vn_suite_expected_contradicts_note,keen,keen,kên,kên,0,0,ctx_misses,not_in_whitelist,never,0,0,4,collision_vn_word,high,"never,""restore se lam tu tieng Viet """"kên"""" KHONG THE GO DUOC NUA (chi co 1 duong keystroke). ra tu tieng Viet hop le """"kên""""; can whitelist hoac context""",KEEN
P3_engine_keeps_vn_suite_expected_contradicts_note,KYS,KYS,KÝ,KÝ,0,0,ctx_misses,not_in_whitelist|short_token,never,0,0,3,inflection_trap_cased,high,"never,""restore se lam tu tieng Viet """"KÝ"""" KHONG THE GO DUOC NUA (chi co 1 duong keystroke). bien the chu hoa cua """"kys""""; modifier key phai case-insensitive, output phai giu case goc""",
P3_engine_keeps_vn_suite_expected_contradicts_note,Kys,Kys,Ký,Ký,0,0,ctx_misses,not_in_whitelist|short_token,never,0,0,3,inflection_trap_cased,high,"never,""restore se lam tu tieng Viet """"Ký"""" KHONG THE GO DUOC NUA (chi co 1 duong keystroke). bien the chu hoa cua """"kys""""; modifier key phai case-insensitive, output phai giu case goc""",KYS
P3_engine_keeps_vn_suite_expected_contradicts_note,kys,kys,ký,ký,0,0,ctx_misses,not_in_whitelist|short_token,never,0,0,3,inflection_trap,high,"never,""restore se lam tu tieng Viet """"ký"""" KHONG THE GO DUOC NUA (chi co 1 duong keystroke). """"ky"""" an toan nhung dang bien cach ra tu tieng Viet """"ký"""" (dang suy dien, khong co trong top-10k)""",KYS
P3_engine_keeps_vn_suite_expected_contradicts_note,LAWN,LAWN,LĂN,LĂN,0,0,ctx_misses,not_in_whitelist,never,0,0,4,collision_vn_word_cased,high,"never,""restore se lam tu tieng Viet """"LĂN"""" KHONG THE GO DUOC NUA (chi co 1 duong keystroke). bien the chu hoa cua """"lawn""""; modifier key phai case-insensitive, output phai giu case goc""",
P3_engine_keeps_vn_suite_expected_contradicts_note,Lawn,Lawn,Lăn,Lăn,0,0,ctx_misses,not_in_whitelist,never,0,0,4,collision_vn_word_cased,high,"never,""restore se lam tu tieng Viet """"Lăn"""" KHONG THE GO DUOC NUA (chi co 1 duong keystroke). bien the chu hoa cua """"lawn""""; modifier key phai case-insensitive, output phai giu case goc""",LAWN
P3_engine_keeps_vn_suite_expected_contradicts_note,lawn,lawn,lăn,lăn,0,0,ctx_misses,not_in_whitelist,never,0,0,4,collision_vn_word,high,"never,""restore se lam tu tieng Viet """"lăn"""" KHONG THE GO DUOC NUA (chi co 1 duong keystroke). ra tu tieng Viet hop le """"lăn""""; can whitelist hoac context""",LAWN
P3_engine_keeps_vn_suite_expected_contradicts_note,LEE,LEE,LÊ,LÊ,0,0,ctx_misses,not_in_whitelist|short_token,never,0,0,3,collision_vn_word_cased,high,"never,""restore se lam tu tieng Viet """"LÊ"""" KHONG THE GO DUOC NUA (chi co 1 duong keystroke). bien the chu hoa cua """"lee""""; modifier key phai case-insensitive, output phai giu case goc""",
P3_engine_keeps_vn_suite_expected_contradicts_note,Lee,Lee,Lê,Lê,0,0,ctx_misses,not_in_whitelist|short_token,never,0,0,3,collision_vn_word_cased,high,"never,""restore se lam tu tieng Viet """"Lê"""" KHONG THE GO DUOC NUA (chi co 1 duong keystroke). bien the chu hoa cua """"lee""""; modifier key phai case-insensitive, output phai giu case goc""",LEE
P3_engine_keeps_vn_suite_expected_contradicts_note,lee,lee,lê,lê,0,0,ctx_misses,not_in_whitelist|short_token,never,0,0,3,collision_vn_word,high,"never,""restore se lam tu tieng Viet """"lê"""" KHONG THE GO DUOC NUA (chi co 1 duong keystroke). ra tu tieng Viet hop le """"lê""""; can whitelist hoac context""",LEE
P3_engine_keeps_vn_suite_expected_contradicts_note,LES,LES,LÉ,LÉ,0,0,ctx_misses,not_in_whitelist|short_token,never,0,0,3,collision_vn_word_cased,high,"never,""restore se lam tu tieng Viet """"LÉ"""" KHONG THE GO DUOC NUA (chi co 1 duong keystroke). bien the chu hoa cua """"les""""; modifier key phai case-insensitive, output phai giu case goc""",
P3_engine_keeps_vn_suite_expected_contradicts_note,LES,LES,LÉ,LÉ,0,0,ctx_misses,not_in_whitelist|short_token,never,0,0,3,inflection_trap_cased,high,"never,""restore se lam tu tieng Viet """"LÉ"""" KHONG THE GO DUOC NUA (chi co 1 duong keystroke). bien the chu hoa cua """"les""""; modifier key phai case-insensitive, output phai giu case goc""",LES
P3_engine_keeps_vn_suite_expected_contradicts_note,Les,Les,Lé,Lé,0,0,ctx_misses,not_in_whitelist|short_token,never,0,0,3,collision_vn_word_cased,high,"never,""restore se lam tu tieng Viet """"Lé"""" KHONG THE GO DUOC NUA (chi co 1 duong keystroke). bien the chu hoa cua """"les""""; modifier key phai case-insensitive, output phai giu case goc""",LES
P3_engine_keeps_vn_suite_expected_contradicts_note,Les,Les,Lé,Lé,0,0,ctx_misses,not_in_whitelist|short_token,never,0,0,3,inflection_trap_cased,high,"never,""restore se lam tu tieng Viet """"Lé"""" KHONG THE GO DUOC NUA (chi co 1 duong keystroke). bien the chu hoa cua """"les""""; modifier key phai case-insensitive, output phai giu case goc""",LES
P3_engine_keeps_vn_suite_expected_contradicts_note,les,les,lé,lé,0,0,ctx_misses,not_in_whitelist|short_token,never,0,0,3,collision_vn_word,high,"never,""restore se lam tu tieng Viet """"lé"""" KHONG THE GO DUOC NUA (chi co 1 duong keystroke). ra tu tieng Viet hop le """"lé""""; can whitelist hoac context""",LES
P3_engine_keeps_vn_suite_expected_contradicts_note,les,les,lé,lé,0,0,ctx_misses,not_in_whitelist|short_token,never,0,0,3,inflection_trap,high,"never,""restore se lam tu tieng Viet """"lé"""" KHONG THE GO DUOC NUA (chi co 1 duong keystroke). """"le"""" an toan nhung dang bien cach ra tu tieng Viet """"lé""""""",LES
P3_engine_keeps_vn_suite_expected_contradicts_note,LIS,LIS,LÍ,LÍ,0,0,ctx_misses,not_in_whitelist|short_token,never,0,0,3,inflection_trap_cased,high,"never,""restore se lam tu tieng Viet """"LÍ"""" KHONG THE GO DUOC NUA (chi co 1 duong keystroke). bien the chu hoa cua """"lis""""; modifier key phai case-insensitive, output phai giu case goc""",
P3_engine_keeps_vn_suite_expected_contradicts_note,Lis,Lis,Lí,Lí,0,0,ctx_misses,not_in_whitelist|short_token,never,0,0,3,inflection_trap_cased,high,"never,""restore se lam tu tieng Viet """"Lí"""" KHONG THE GO DUOC NUA (chi co 1 duong keystroke). bien the chu hoa cua """"lis""""; modifier key phai case-insensitive, output phai giu case goc""",LIS
P3_engine_keeps_vn_suite_expected_contradicts_note,lis,lis,lí,lí,0,0,ctx_misses,not_in_whitelist|short_token,never,0,0,3,inflection_trap,high,"never,""restore se lam tu tieng Viet """"lí"""" KHONG THE GO DUOC NUA (chi co 1 duong keystroke). """"li"""" an toan nhung dang bien cach ra tu tieng Viet """"lí"""" (dang suy dien, khong co trong top-10k)""",LIS
P3_engine_keeps_vn_suite_expected_contradicts_note,LOS,LOS,LÓ,LÓ,0,0,ctx_misses,not_in_whitelist|short_token,never,0,0,3,collision_vn_word_cased,high,"never,""restore se lam tu tieng Viet """"LÓ"""" KHONG THE GO DUOC NUA (chi co 1 duong keystroke). bien the chu hoa cua """"los""""; modifier key phai case-insensitive, output phai giu case goc""",
P3_engine_keeps_vn_suite_expected_contradicts_note,LOS,LOS,LÓ,LÓ,0,0,ctx_misses,not_in_whitelist|short_token,never,0,0,3,inflection_trap_cased,high,"never,""restore se lam tu tieng Viet """"LÓ"""" KHONG THE GO DUOC NUA (chi co 1 duong keystroke). bien the chu hoa cua """"los""""; modifier key phai case-insensitive, output phai giu case goc""",LOS
P3_engine_keeps_vn_suite_expected_contradicts_note,Los,Los,Ló,Ló,0,0,ctx_misses,not_in_whitelist|short_token,never,0,0,3,collision_vn_word_cased,high,"never,""restore se lam tu tieng Viet """"Ló"""" KHONG THE GO DUOC NUA (chi co 1 duong keystroke). bien the chu hoa cua """"los""""; modifier key phai case-insensitive, output phai giu case goc""",LOS
P3_engine_keeps_vn_suite_expected_contradicts_note,Los,Los,Ló,Ló,0,0,ctx_misses,not_in_whitelist|short_token,never,0,0,3,inflection_trap_cased,high,"never,""restore se lam tu tieng Viet """"Ló"""" KHONG THE GO DUOC NUA (chi co 1 duong keystroke). bien the chu hoa cua """"los""""; modifier key phai case-insensitive, output phai giu case goc""",LOS
P3_engine_keeps_vn_suite_expected_contradicts_note,los,los,ló,ló,0,0,ctx_misses,not_in_whitelist|short_token,never,0,0,3,collision_vn_word,high,"never,""restore se lam tu tieng Viet """"ló"""" KHONG THE GO DUOC NUA (chi co 1 duong keystroke). ra tu tieng Viet hop le """"ló""""; can whitelist hoac context""",LOS
P3_engine_keeps_vn_suite_expected_contradicts_note,los,los,ló,ló,0,0,ctx_misses,not_in_whitelist|short_token,never,0,0,3,inflection_trap,high,"never,""restore se lam tu tieng Viet """"ló"""" KHONG THE GO DUOC NUA (chi co 1 duong keystroke). """"lo"""" an toan nhung dang bien cach ra tu tieng Viet """"ló""""""",LOS
P3_engine_keeps_vn_suite_expected_contradicts_note,LUS,LUS,LÚ,LÚ,0,0,ctx_misses,not_in_whitelist|short_token,never,0,0,3,inflection_trap_cased,high,"never,""restore se lam tu tieng Viet """"LÚ"""" KHONG THE GO DUOC NUA (chi co 1 duong keystroke). bien the chu hoa cua """"lus""""; modifier key phai case-insensitive, output phai giu case goc""",
P3_engine_keeps_vn_suite_expected_contradicts_note,Lus,Lus,Lú,Lú,0,0,ctx_misses,not_in_whitelist|short_token,never,0,0,3,inflection_trap_cased,high,"never,""restore se lam tu tieng Viet """"Lú"""" KHONG THE GO DUOC NUA (chi co 1 duong keystroke). bien the chu hoa cua """"lus""""; modifier key phai case-insensitive, output phai giu case goc""",LUS
P3_engine_keeps_vn_suite_expected_contradicts_note,lus,lus,lú,lú,0,0,ctx_misses,not_in_whitelist|short_token,never,0,0,3,inflection_trap,high,"never,""restore se lam tu tieng Viet """"lú"""" KHONG THE GO DUOC NUA (chi co 1 duong keystroke). """"lu"""" an toan nhung dang bien cach ra tu tieng Viet """"lú"""" (dang suy dien, khong co trong top-10k)""",LUS
P3_engine_keeps_vn_suite_expected_contradicts_note,MAR,MAR,MẢ,MẢ,0,0,ctx_misses,not_in_whitelist|short_token,never,0,0,3,collision_vn_word_cased,high,"never,""restore se lam tu tieng Viet """"MẢ"""" KHONG THE GO DUOC NUA (chi co 1 duong keystroke). bien the chu hoa cua """"mar""""; modifier key phai case-insensitive, output phai giu case goc""",
P3_engine_keeps_vn_suite_expected_contradicts_note,Mar,Mar,Mả,Mả,0,0,ctx_misses,not_in_whitelist|short_token,never,0,0,3,collision_vn_word_cased,high,"never,""restore se lam tu tieng Viet """"Mả"""" KHONG THE GO DUOC NUA (chi co 1 duong keystroke). bien the chu hoa cua """"mar""""; modifier key phai case-insensitive, output phai giu case goc""",MAR
P3_engine_keeps_vn_suite_expected_contradicts_note,mar,mar,mả,mả,0,0,ctx_misses,not_in_whitelist|short_token,never,0,0,3,collision_vn_word,high,"never,""restore se lam tu tieng Viet """"mả"""" KHONG THE GO DUOC NUA (chi co 1 duong keystroke). ra tu tieng Viet hop le """"mả""""; can whitelist hoac context""",MAR
P3_engine_keeps_vn_suite_expected_contradicts_note,MARS,MARS,MÁ,MÁ,0,0,ctx_misses,not_in_whitelist,never,0,0,4,collision_vn_word_cased,high,"never,""restore se lam tu tieng Viet """"MÁ"""" KHONG THE GO DUOC NUA (chi co 1 duong keystroke). bien the chu hoa cua """"mars""""; modifier key phai case-insensitive, output phai giu case goc""",
P3_engine_keeps_vn_suite_expected_contradicts_note,Mars,Mars,Má,Má,0,0,ctx_misses,not_in_whitelist,never,0,0,4,collision_vn_word_cased,high,"never,""restore se lam tu tieng Viet """"Má"""" KHONG THE GO DUOC NUA (chi co 1 duong keystroke). bien the chu hoa cua """"mars""""; modifier key phai case-insensitive, output phai giu case goc""",MARS
P3_engine_keeps_vn_suite_expected_contradicts_note,mars,mars,má,má,0,0,ctx_misses,not_in_whitelist,never,0,0,4,collision_vn_word,high,"never,""restore se lam tu tieng Viet """"má"""" KHONG THE GO DUOC NUA (chi co 1 duong keystroke). ra tu tieng Viet hop le """"má""""; can whitelist hoac context""",MARS
P3_engine_keeps_vn_suite_expected_contradicts_note,MAX,MAX,MÃ,MÃ,0,0,ctx_misses,not_in_whitelist|short_token,never,0,0,3,collision_vn_word_cased,high,"never,""restore se lam tu tieng Viet """"MÃ"""" KHONG THE GO DUOC NUA (chi co 1 duong keystroke). bien the chu hoa cua """"max""""; modifier key phai case-insensitive, output phai giu case goc""",
P3_engine_keeps_vn_suite_expected_contradicts_note,Max,Max,Mã,Mã,0,0,ctx_misses,not_in_whitelist|short_token,never,0,0,3,collision_vn_word_cased,high,"never,""restore se lam tu tieng Viet """"Mã"""" KHONG THE GO DUOC NUA (chi co 1 duong keystroke). bien the chu hoa cua """"max""""; modifier key phai case-insensitive, output phai giu case goc""",MAX
P3_engine_keeps_vn_suite_expected_contradicts_note,max,max,mã,mã,0,0,ctx_misses,not_in_whitelist|short_token,never,0,0,3,collision_vn_word,high,"never,""restore se lam tu tieng Viet """"mã"""" KHONG THE GO DUOC NUA (chi co 1 duong keystroke). ra tu tieng Viet hop le """"mã""""; can whitelist hoac context""",MAX
P3_engine_keeps_vn_suite_expected_contradicts_note,MES,MES,MÉ,MÉ,0,0,ctx_misses,not_in_whitelist|short_token,never,0,0,3,inflection_trap_cased,high,"never,""restore se lam tu tieng Viet """"MÉ"""" KHONG THE GO DUOC NUA (chi co 1 duong keystroke). bien the chu hoa cua """"mes""""; modifier key phai case-insensitive, output phai giu case goc""",
P3_engine_keeps_vn_suite_expected_contradicts_note,Mes,Mes,Mé,Mé,0,0,ctx_misses,not_in_whitelist|short_token,never,0,0,3,inflection_trap_cased,high,"never,""restore se lam tu tieng Viet """"Mé"""" KHONG THE GO DUOC NUA (chi co 1 duong keystroke). bien the chu hoa cua """"mes""""; modifier key phai case-insensitive, output phai giu case goc""",MES
P3_engine_keeps_vn_suite_expected_contradicts_note,mes,mes,mé,mé,0,0,ctx_misses,not_in_whitelist|short_token,never,0,0,3,inflection_trap,high,"never,""restore se lam tu tieng Viet """"mé"""" KHONG THE GO DUOC NUA (chi co 1 duong keystroke). """"me"""" an toan nhung dang bien cach ra tu tieng Viet """"mé"""" (dang suy dien, khong co trong top-10k)""",MES
P3_engine_keeps_vn_suite_expected_contradicts_note,MIS,MIS,MÍ,MÍ,0,0,ctx_misses,not_in_whitelist|short_token,never,0,0,3,inflection_trap_cased,high,"never,""restore se lam tu tieng Viet """"MÍ"""" KHONG THE GO DUOC NUA (chi co 1 duong keystroke). bien the chu hoa cua """"mis""""; modifier key phai case-insensitive, output phai giu case goc""",
P3_engine_keeps_vn_suite_expected_contradicts_note,Mis,Mis,Mí,Mí,0,0,ctx_misses,not_in_whitelist|short_token,never,0,0,3,inflection_trap_cased,high,"never,""restore se lam tu tieng Viet """"Mí"""" KHONG THE GO DUOC NUA (chi co 1 duong keystroke). bien the chu hoa cua """"mis""""; modifier key phai case-insensitive, output phai giu case goc""",MIS
P3_engine_keeps_vn_suite_expected_contradicts_note,mis,mis,mí,mí,0,0,ctx_misses,not_in_whitelist|short_token,never,0,0,3,inflection_trap,high,"never,""restore se lam tu tieng Viet """"mí"""" KHONG THE GO DUOC NUA (chi co 1 duong keystroke). """"mi"""" an toan nhung dang bien cach ra tu tieng Viet """"mí"""" (dang suy dien, khong co trong top-10k)""",MIS
P3_engine_keeps_vn_suite_expected_contradicts_note,MIX,MIX,MĨ,MĨ,0,0,ctx_misses,not_in_whitelist|short_token,never,0,0,3,collision_vn_word_cased,high,"never,""restore se lam tu tieng Viet """"MĨ"""" KHONG THE GO DUOC NUA (chi co 1 duong keystroke). bien the chu hoa cua """"mix""""; modifier key phai case-insensitive, output phai giu case goc""",
P3_engine_keeps_vn_suite_expected_contradicts_note,Mix,Mix,Mĩ,Mĩ,0,0,ctx_misses,not_in_whitelist|short_token,never,0,0,3,collision_vn_word_cased,high,"never,""restore se lam tu tieng Viet """"Mĩ"""" KHONG THE GO DUOC NUA (chi co 1 duong keystroke). bien the chu hoa cua """"mix""""; modifier key phai case-insensitive, output phai giu case goc""",MIX
P3_engine_keeps_vn_suite_expected_contradicts_note,mix,mix,mĩ,mĩ,0,0,ctx_misses,not_in_whitelist|short_token,never,0,0,3,collision_vn_word,high,"never,""restore se lam tu tieng Viet """"mĩ"""" KHONG THE GO DUOC NUA (chi co 1 duong keystroke). ra tu tieng Viet hop le """"mĩ""""; can whitelist hoac context""",MIX
P3_engine_keeps_vn_suite_expected_contradicts_note,MOON,MOON,MÔN,MÔN,0,0,ctx_misses,not_in_whitelist,never,0,0,4,collision_vn_word_cased,high,"never,""restore se lam tu tieng Viet """"MÔN"""" KHONG THE GO DUOC NUA (chi co 1 duong keystroke). bien the chu hoa cua """"moon""""; modifier key phai case-insensitive, output phai giu case goc""",
P3_engine_keeps_vn_suite_expected_contradicts_note,Moon,Moon,Môn,Môn,0,0,ctx_misses,not_in_whitelist,never,0,0,4,collision_vn_word_cased,high,"never,""restore se lam tu tieng Viet """"Môn"""" KHONG THE GO DUOC NUA (chi co 1 duong keystroke). bien the chu hoa cua """"moon""""; modifier key phai case-insensitive, output phai giu case goc""",MOON
P3_engine_keeps_vn_suite_expected_contradicts_note,moon,moon,môn,môn,0,0,ctx_misses,not_in_whitelist,never,0,0,4,collision_vn_word,high,"never,""restore se lam tu tieng Viet """"môn"""" KHONG THE GO DUOC NUA (chi co 1 duong keystroke). ra tu tieng Viet hop le """"môn""""; can whitelist hoac context""",MOON
P3_engine_keeps_vn_suite_expected_contradicts_note,MOS,MOS,MÓ,MÓ,0,0,ctx_misses,not_in_whitelist|short_token,never,0,0,3,inflection_trap_cased,high,"never,""restore se lam tu tieng Viet """"MÓ"""" KHONG THE GO DUOC NUA (chi co 1 duong keystroke). bien the chu hoa cua """"mos""""; modifier key phai case-insensitive, output phai giu case goc""",
P3_engine_keeps_vn_suite_expected_contradicts_note,Mos,Mos,Mó,Mó,0,0,ctx_misses,not_in_whitelist|short_token,never,0,0,3,inflection_trap_cased,high,"never,""restore se lam tu tieng Viet """"Mó"""" KHONG THE GO DUOC NUA (chi co 1 duong keystroke). bien the chu hoa cua """"mos""""; modifier key phai case-insensitive, output phai giu case goc""",MOS
P3_engine_keeps_vn_suite_expected_contradicts_note,mos,mos,mó,mó,0,0,ctx_misses,not_in_whitelist|short_token,never,0,0,3,inflection_trap,high,"never,""restore se lam tu tieng Viet """"mó"""" KHONG THE GO DUOC NUA (chi co 1 duong keystroke). """"mo"""" an toan nhung dang bien cach ra tu tieng Viet """"mó"""" (dang suy dien, khong co trong top-10k)""",MOS
P3_engine_keeps_vn_suite_expected_contradicts_note,MUS,MUS,MÚ,MÚ,0,0,ctx_misses,not_in_whitelist|short_token,never,0,0,3,inflection_trap_cased,high,"never,""restore se lam tu tieng Viet """"MÚ"""" KHONG THE GO DUOC NUA (chi co 1 duong keystroke). bien the chu hoa cua """"mus""""; modifier key phai case-insensitive, output phai giu case goc""",
P3_engine_keeps_vn_suite_expected_contradicts_note,Mus,Mus,Mú,Mú,0,0,ctx_misses,not_in_whitelist|short_token,never,0,0,3,inflection_trap_cased,high,"never,""restore se lam tu tieng Viet """"Mú"""" KHONG THE GO DUOC NUA (chi co 1 duong keystroke). bien the chu hoa cua """"mus""""; modifier key phai case-insensitive, output phai giu case goc""",MUS
P3_engine_keeps_vn_suite_expected_contradicts_note,mus,mus,mú,mú,0,0,ctx_misses,not_in_whitelist|short_token,never,0,0,3,inflection_trap,high,"never,""restore se lam tu tieng Viet """"mú"""" KHONG THE GO DUOC NUA (chi co 1 duong keystroke). """"mu"""" an toan nhung dang bien cach ra tu tieng Viet """"mú"""" (dang suy dien, khong co trong top-10k)""",MUS
P3_engine_keeps_vn_suite_expected_contradicts_note,NES,NES,NÉ,NÉ,0,0,ctx_misses,not_in_whitelist|short_token,never,0,0,3,inflection_trap_cased,high,"never,""restore se lam tu tieng Viet """"NÉ"""" KHONG THE GO DUOC NUA (chi co 1 duong keystroke). bien the chu hoa cua """"nes""""; modifier key phai case-insensitive, output phai giu case goc""",
P3_engine_keeps_vn_suite_expected_contradicts_note,Nes,Nes,Né,Né,0,0,ctx_misses,not_in_whitelist|short_token,never,0,0,3,inflection_trap_cased,high,"never,""restore se lam tu tieng Viet """"Né"""" KHONG THE GO DUOC NUA (chi co 1 duong keystroke). bien the chu hoa cua """"nes""""; modifier key phai case-insensitive, output phai giu case goc""",NES
P3_engine_keeps_vn_suite_expected_contradicts_note,nes,nes,né,né,0,0,ctx_misses,not_in_whitelist|short_token,never,0,0,3,inflection_trap,high,"never,""restore se lam tu tieng Viet """"né"""" KHONG THE GO DUOC NUA (chi co 1 duong keystroke). """"ne"""" an toan nhung dang bien cach ra tu tieng Viet """"né"""" (dang suy dien, khong co trong top-10k)""",NES
P3_engine_keeps_vn_suite_expected_contradicts_note,NEXTJS,NEXTJS,NÉT,NÉT,0,0,ctx_misses,not_in_whitelist,never,0,0,6,collision_vn_word_cased,high,"never,""restore se lam tu tieng Viet """"NÉT"""" KHONG THE GO DUOC NUA (chi co 1 duong keystroke). bien the chu hoa cua """"nextjs""""; modifier key phai case-insensitive, output phai giu case goc""",
P3_engine_keeps_vn_suite_expected_contradicts_note,Nextjs,Nextjs,Nét,Nét,0,0,ctx_misses,not_in_whitelist,never,0,0,6,collision_vn_word_cased,high,"never,""restore se lam tu tieng Viet """"Nét"""" KHONG THE GO DUOC NUA (chi co 1 duong keystroke). bien the chu hoa cua """"nextjs""""; modifier key phai case-insensitive, output phai giu case goc""",NEXTJS
P3_engine_keeps_vn_suite_expected_contradicts_note,nextjs,nextjs,nét,nét,0,0,ctx_misses,not_in_whitelist,never,0,0,6,collision_vn_word,high,"never,""restore se lam tu tieng Viet """"nét"""" KHONG THE GO DUOC NUA (chi co 1 duong keystroke). ra tu tieng Viet hop le """"nét""""; can whitelist hoac context""",NEXTJS
P3_engine_keeps_vn_suite_expected_contradicts_note,NOON,NOON,NÔN,NÔN,0,0,ctx_misses,not_in_whitelist,never,0,0,4,collision_vn_word_cased,high,"never,""restore se lam tu tieng Viet """"NÔN"""" KHONG THE GO DUOC NUA (chi co 1 duong keystroke). bien the chu hoa cua """"noon""""; modifier key phai case-insensitive, output phai giu case goc""",
P3_engine_keeps_vn_suite_expected_contradicts_note,Noon,Noon,Nôn,Nôn,0,0,ctx_misses,not_in_whitelist,never,0,0,4,collision_vn_word_cased,high,"never,""restore se lam tu tieng Viet """"Nôn"""" KHONG THE GO DUOC NUA (chi co 1 duong keystroke). bien the chu hoa cua """"noon""""; modifier key phai case-insensitive, output phai giu case goc""",NOON
P3_engine_keeps_vn_suite_expected_contradicts_note,noon,noon,nôn,nôn,0,0,ctx_misses,not_in_whitelist,never,0,0,4,collision_vn_word,high,"never,""restore se lam tu tieng Viet """"nôn"""" KHONG THE GO DUOC NUA (chi co 1 duong keystroke). ra tu tieng Viet hop le """"nôn""""; can whitelist hoac context""",NOON
P3_engine_keeps_vn_suite_expected_contradicts_note,NOS,NOS,NÓ,NÓ,0,0,ctx_misses,not_in_whitelist|short_token,never,0,0,3,inflection_trap_cased,high,"never,""restore se lam tu tieng Viet """"NÓ"""" KHONG THE GO DUOC NUA (chi co 1 duong keystroke). bien the chu hoa cua """"nos""""; modifier key phai case-insensitive, output phai giu case goc""",
P3_engine_keeps_vn_suite_expected_contradicts_note,Nos,Nos,Nó,Nó,0,0,ctx_misses,not_in_whitelist|short_token,never,0,0,3,inflection_trap_cased,high,"never,""restore se lam tu tieng Viet """"Nó"""" KHONG THE GO DUOC NUA (chi co 1 duong keystroke). bien the chu hoa cua """"nos""""; modifier key phai case-insensitive, output phai giu case goc""",NOS
P3_engine_keeps_vn_suite_expected_contradicts_note,nos,nos,nó,nó,0,0,ctx_misses,not_in_whitelist|short_token,never,0,0,3,inflection_trap,high,"never,""restore se lam tu tieng Viet """"nó"""" KHONG THE GO DUOC NUA (chi co 1 duong keystroke). """"no"""" an toan nhung dang bien cach ra tu tieng Viet """"nó"""" (dang suy dien, khong co trong top-10k)""",NOS
P3_engine_keeps_vn_suite_expected_contradicts_note,OWN,OWN,ƠN,ƠN,0,0,ctx_misses,not_in_whitelist|short_token,never,0,0,3,collision_vn_word_cased,high,"never,""restore se lam tu tieng Viet """"ƠN"""" KHONG THE GO DUOC NUA (chi co 1 duong keystroke). bien the chu hoa cua """"own""""; modifier key phai case-insensitive, output phai giu case goc""",
P3_engine_keeps_vn_suite_expected_contradicts_note,Own,Own,Ơn,Ơn,0,0,ctx_misses,not_in_whitelist|short_token,never,0,0,3,collision_vn_word_cased,high,"never,""restore se lam tu tieng Viet """"Ơn"""" KHONG THE GO DUOC NUA (chi co 1 duong keystroke). bien the chu hoa cua """"own""""; modifier key phai case-insensitive, output phai giu case goc""",OWN
P3_engine_keeps_vn_suite_expected_contradicts_note,own,own,ơn,ơn,0,0,ctx_misses,not_in_whitelist|short_token,never,0,0,3,collision_vn_word,high,"never,""restore se lam tu tieng Viet """"ơn"""" KHONG THE GO DUOC NUA (chi co 1 duong keystroke). ra tu tieng Viet hop le """"ơn""""; can whitelist hoac context""",OWN
P3_engine_keeps_vn_suite_expected_contradicts_note,par,par,pả,pả,0,0,ctx_misses,not_in_whitelist|short_token,never,0,0,3,collision_vn_syllable,medium,"never,""restore se lam tu tieng Viet """"pả"""" KHONG THE GO DUOC NUA (chi co 1 duong keystroke). ra syllable tieng Viet hop le """"pả""""""",
P3_engine_keeps_vn_suite_expected_contradicts_note,pee,pee,pê,pê,0,0,ctx_misses,not_in_whitelist|short_token,never,0,0,3,collision_vn_syllable,medium,"never,""restore se lam tu tieng Viet """"pê"""" KHONG THE GO DUOC NUA (chi co 1 duong keystroke). ra syllable tieng Viet hop le """"pê""""""",
P3_engine_keeps_vn_suite_expected_contradicts_note,PHIS,PHIS,PHÍ,PHÍ,0,0,ctx_misses,not_in_whitelist,never,0,0,4,inflection_trap_cased,high,"never,""restore se lam tu tieng Viet """"PHÍ"""" KHONG THE GO DUOC NUA (chi co 1 duong keystroke). bien the chu hoa cua """"phis""""; modifier key phai case-insensitive, output phai giu case goc""",
P3_engine_keeps_vn_suite_expected_contradicts_note,Phis,Phis,Phí,Phí,0,0,ctx_misses,not_in_whitelist,never,0,0,4,inflection_trap_cased,high,"never,""restore se lam tu tieng Viet """"Phí"""" KHONG THE GO DUOC NUA (chi co 1 duong keystroke). bien the chu hoa cua """"phis""""; modifier key phai case-insensitive, output phai giu case goc""",PHIS
P3_engine_keeps_vn_suite_expected_contradicts_note,phis,phis,phí,phí,0,0,ctx_misses,not_in_whitelist,never,0,0,4,inflection_trap,high,"never,""restore se lam tu tieng Viet """"phí"""" KHONG THE GO DUOC NUA (chi co 1 duong keystroke). """"phi"""" an toan nhung dang bien cach ra tu tieng Viet """"phí"""" (dang suy dien, khong co trong top-10k)""",PHIS
P3_engine_keeps_vn_suite_expected_contradicts_note,QUEEN,QUEEN,QUÊN,QUÊN,0,0,ctx_misses,not_in_whitelist,never,0,0,5,collision_vn_word_cased,high,"never,""restore se lam tu tieng Viet """"QUÊN"""" KHONG THE GO DUOC NUA (chi co 1 duong keystroke). bien the chu hoa cua """"queen""""; modifier key phai case-insensitive, output phai giu case goc""",
P3_engine_keeps_vn_suite_expected_contradicts_note,Queen,Queen,Quên,Quên,0,0,ctx_misses,not_in_whitelist,never,0,0,5,collision_vn_word_cased,high,"never,""restore se lam tu tieng Viet """"Quên"""" KHONG THE GO DUOC NUA (chi co 1 duong keystroke). bien the chu hoa cua """"queen""""; modifier key phai case-insensitive, output phai giu case goc""",QUEEN
P3_engine_keeps_vn_suite_expected_contradicts_note,queen,queen,quên,quên,0,0,ctx_misses,not_in_whitelist,never,0,0,5,collision_vn_word,high,"never,""restore se lam tu tieng Viet """"quên"""" KHONG THE GO DUOC NUA (chi co 1 duong keystroke). ra tu tieng Viet hop le """"quên""""; can whitelist hoac context""",QUEEN
P3_engine_keeps_vn_suite_expected_contradicts_note,RAMS,RAMS,RÁM,RÁM,0,0,ctx_misses,not_in_whitelist,never,0,0,4,inflection_trap_cased,high,"never,""restore se lam tu tieng Viet """"RÁM"""" KHONG THE GO DUOC NUA (chi co 1 duong keystroke). bien the chu hoa cua """"rams""""; modifier key phai case-insensitive, output phai giu case goc""",
P3_engine_keeps_vn_suite_expected_contradicts_note,Rams,Rams,Rám,Rám,0,0,ctx_misses,not_in_whitelist,never,0,0,4,inflection_trap_cased,high,"never,""restore se lam tu tieng Viet """"Rám"""" KHONG THE GO DUOC NUA (chi co 1 duong keystroke). bien the chu hoa cua """"rams""""; modifier key phai case-insensitive, output phai giu case goc""",RAMS
P3_engine_keeps_vn_suite_expected_contradicts_note,rams,rams,rám,rám,0,0,ctx_misses,not_in_whitelist,never,0,0,4,inflection_trap,high,"never,""restore se lam tu tieng Viet """"rám"""" KHONG THE GO DUOC NUA (chi co 1 duong keystroke). """"ram"""" an toan nhung dang bien cach ra tu tieng Viet """"rám"""" (dang suy dien, khong co trong top-10k)""",RAMS
P3_engine_keeps_vn_suite_expected_contradicts_note,RANS,RANS,RÁN,RÁN,0,0,ctx_misses,not_in_whitelist,never,0,0,4,inflection_trap_cased,high,"never,""restore se lam tu tieng Viet """"RÁN"""" KHONG THE GO DUOC NUA (chi co 1 duong keystroke). bien the chu hoa cua """"rans""""; modifier key phai case-insensitive, output phai giu case goc""",
P3_engine_keeps_vn_suite_expected_contradicts_note,Rans,Rans,Rán,Rán,0,0,ctx_misses,not_in_whitelist,never,0,0,4,inflection_trap_cased,high,"never,""restore se lam tu tieng Viet """"Rán"""" KHONG THE GO DUOC NUA (chi co 1 duong keystroke). bien the chu hoa cua """"rans""""; modifier key phai case-insensitive, output phai giu case goc""",RANS
P3_engine_keeps_vn_suite_expected_contradicts_note,rans,rans,rán,rán,0,0,ctx_misses,not_in_whitelist,never,0,0,4,inflection_trap,high,"never,""restore se lam tu tieng Viet """"rán"""" KHONG THE GO DUOC NUA (chi co 1 duong keystroke). """"ran"""" an toan nhung dang bien cach ra tu tieng Viet """"rán"""" (dang suy dien, khong co trong top-10k)""",RANS
P3_engine_keeps_vn_suite_expected_contradicts_note,RAS,RAS,RÁ,RÁ,0,0,ctx_misses,not_in_whitelist|short_token,never,0,0,3,inflection_trap_cased,high,"never,""restore se lam tu tieng Viet """"RÁ"""" KHONG THE GO DUOC NUA (chi co 1 duong keystroke). bien the chu hoa cua """"ras""""; modifier key phai case-insensitive, output phai giu case goc""",
P3_engine_keeps_vn_suite_expected_contradicts_note,Ras,Ras,Rá,Rá,0,0,ctx_misses,not_in_whitelist|short_token,never,0,0,3,inflection_trap_cased,high,"never,""restore se lam tu tieng Viet """"Rá"""" KHONG THE GO DUOC NUA (chi co 1 duong keystroke). bien the chu hoa cua """"ras""""; modifier key phai case-insensitive, output phai giu case goc""",RAS
P3_engine_keeps_vn_suite_expected_contradicts_note,ras,ras,rá,rá,0,0,ctx_misses,not_in_whitelist|short_token,never,0,0,3,inflection_trap,high,"never,""restore se lam tu tieng Viet """"rá"""" KHONG THE GO DUOC NUA (chi co 1 duong keystroke). """"ra"""" an toan nhung dang bien cach ra tu tieng Viet """"rá"""" (dang suy dien, khong co trong top-10k)""",RAS
P3_engine_keeps_vn_suite_expected_contradicts_note,RATS,RATS,RÁT,RÁT,0,0,ctx_misses,not_in_whitelist,never,0,0,4,collision_vn_word_cased,high,"never,""restore se lam tu tieng Viet """"RÁT"""" KHONG THE GO DUOC NUA (chi co 1 duong keystroke). bien the chu hoa cua """"rats""""; modifier key phai case-insensitive, output phai giu case goc""",
P3_engine_keeps_vn_suite_expected_contradicts_note,Rats,Rats,Rát,Rát,0,0,ctx_misses,not_in_whitelist,never,0,0,4,collision_vn_word_cased,high,"never,""restore se lam tu tieng Viet """"Rát"""" KHONG THE GO DUOC NUA (chi co 1 duong keystroke). bien the chu hoa cua """"rats""""; modifier key phai case-insensitive, output phai giu case goc""",RATS
P3_engine_keeps_vn_suite_expected_contradicts_note,rats,rats,rát,rát,0,0,ctx_misses,not_in_whitelist,never,0,0,4,collision_vn_word,high,"never,""restore se lam tu tieng Viet """"rát"""" KHONG THE GO DUOC NUA (chi co 1 duong keystroke). ra tu tieng Viet hop le """"rát""""; can whitelist hoac context""",RATS
P3_engine_keeps_vn_suite_expected_contradicts_note,reef,reef,rề,rề,0,0,ctx_misses,not_in_whitelist,never,0,0,4,collision_vn_syllable,medium,"never,""restore se lam tu tieng Viet """"rề"""" KHONG THE GO DUOC NUA (chi co 1 duong keystroke). ra syllable tieng Viet hop le """"rề""""""",
P3_engine_keeps_vn_suite_expected_contradicts_note,REER,REER,RỂ,RỂ,0,0,ctx_misses,not_in_whitelist,never,0,0,4,inflection_trap_cased,high,"never,""restore se lam tu tieng Viet """"RỂ"""" KHONG THE GO DUOC NUA (chi co 1 duong keystroke). bien the chu hoa cua """"reer""""; modifier key phai case-insensitive, output phai giu case goc""",
P3_engine_keeps_vn_suite_expected_contradicts_note,Reer,Reer,Rể,Rể,0,0,ctx_misses,not_in_whitelist,never,0,0,4,inflection_trap_cased,high,"never,""restore se lam tu tieng Viet """"Rể"""" KHONG THE GO DUOC NUA (chi co 1 duong keystroke). bien the chu hoa cua """"reer""""; modifier key phai case-insensitive, output phai giu case goc""",REER
P3_engine_keeps_vn_suite_expected_contradicts_note,reer,reer,rể,rể,0,0,ctx_misses,not_in_whitelist,never,0,0,4,inflection_trap,high,"never,""restore se lam tu tieng Viet """"rể"""" KHONG THE GO DUOC NUA (chi co 1 duong keystroke). """"re"""" an toan nhung dang bien cach ra tu tieng Viet """"rể"""" (dang suy dien, khong co trong top-10k)""",REER
P3_engine_keeps_vn_suite_expected_contradicts_note,REES,REES,RẾ,RẾ,0,0,ctx_misses,not_in_whitelist,never,0,0,4,inflection_trap_cased,high,"never,""restore se lam tu tieng Viet """"RẾ"""" KHONG THE GO DUOC NUA (chi co 1 duong keystroke). bien the chu hoa cua """"rees""""; modifier key phai case-insensitive, output phai giu case goc""",
P3_engine_keeps_vn_suite_expected_contradicts_note,Rees,Rees,Rế,Rế,0,0,ctx_misses,not_in_whitelist,never,0,0,4,inflection_trap_cased,high,"never,""restore se lam tu tieng Viet """"Rế"""" KHONG THE GO DUOC NUA (chi co 1 duong keystroke). bien the chu hoa cua """"rees""""; modifier key phai case-insensitive, output phai giu case goc""",REES
P3_engine_keeps_vn_suite_expected_contradicts_note,rees,rees,rế,rế,0,0,ctx_misses,not_in_whitelist,never,0,0,4,inflection_trap,high,"never,""restore se lam tu tieng Viet """"rế"""" KHONG THE GO DUOC NUA (chi co 1 duong keystroke). """"re"""" an toan nhung dang bien cach ra tu tieng Viet """"rế"""" (dang suy dien, khong co trong top-10k)""",REES
P3_engine_keeps_vn_suite_expected_contradicts_note,REEST,REEST,RẾT,RẾT,0,0,ctx_misses,not_in_whitelist,never,0,0,5,inflection_trap_cased,high,"never,""restore se lam tu tieng Viet """"RẾT"""" KHONG THE GO DUOC NUA (chi co 1 duong keystroke). bien the chu hoa cua """"reest""""; modifier key phai case-insensitive, output phai giu case goc""",
P3_engine_keeps_vn_suite_expected_contradicts_note,Reest,Reest,Rết,Rết,0,0,ctx_misses,not_in_whitelist,never,0,0,5,inflection_trap_cased,high,"never,""restore se lam tu tieng Viet """"Rết"""" KHONG THE GO DUOC NUA (chi co 1 duong keystroke). bien the chu hoa cua """"reest""""; modifier key phai case-insensitive, output phai giu case goc""",REEST
P3_engine_keeps_vn_suite_expected_contradicts_note,reest,reest,rết,rết,0,0,ctx_misses,not_in_whitelist,never,0,0,5,inflection_trap,high,"never,""restore se lam tu tieng Viet """"rết"""" KHONG THE GO DUOC NUA (chi co 1 duong keystroke). """"re"""" an toan nhung dang bien cach ra tu tieng Viet """"rết"""" (dang suy dien, khong co trong top-10k)""",REEST
P3_engine_keeps_vn_suite_expected_contradicts_note,REF,REF,RÈ,RÈ,0,0,ctx_misses,not_in_whitelist|short_token,never,0,0,3,collision_vn_word_cased,high,"never,""restore se lam tu tieng Viet """"RÈ"""" KHONG THE GO DUOC NUA (chi co 1 duong keystroke). bien the chu hoa cua """"ref""""; modifier key phai case-insensitive, output phai giu case goc""",
P3_engine_keeps_vn_suite_expected_contradicts_note,Ref,Ref,Rè,Rè,0,0,ctx_misses,not_in_whitelist|short_token,never,0,0,3,collision_vn_word_cased,high,"never,""restore se lam tu tieng Viet """"Rè"""" KHONG THE GO DUOC NUA (chi co 1 duong keystroke). bien the chu hoa cua """"ref""""; modifier key phai case-insensitive, output phai giu case goc""",REF
P3_engine_keeps_vn_suite_expected_contradicts_note,ref,ref,rè,rè,0,0,ctx_misses,not_in_whitelist|short_token,never,0,0,3,collision_vn_word,high,"never,""restore se lam tu tieng Viet """"rè"""" KHONG THE GO DUOC NUA (chi co 1 duong keystroke). ra tu tieng Viet hop le """"rè""""; can whitelist hoac context""",REF
P3_engine_keeps_vn_suite_expected_contradicts_note,REFERS,REFERS,RẾ,RẾ,0,0,ctx_misses,not_in_whitelist,never,0,0,6,collision_vn_word_cased,high,"never,""restore se lam tu tieng Viet """"RẾ"""" KHONG THE GO DUOC NUA (chi co 1 duong keystroke). bien the chu hoa cua """"refers""""; modifier key phai case-insensitive, output phai giu case goc""",
P3_engine_keeps_vn_suite_expected_contradicts_note,Refers,Refers,Rế,Rế,0,0,ctx_misses,not_in_whitelist,never,0,0,6,collision_vn_word_cased,high,"never,""restore se lam tu tieng Viet """"Rế"""" KHONG THE GO DUOC NUA (chi co 1 duong keystroke). bien the chu hoa cua """"refers""""; modifier key phai case-insensitive, output phai giu case goc""",REFERS
P3_engine_keeps_vn_suite_expected_contradicts_note,refers,refers,rế,rế,0,0,ctx_misses,not_in_whitelist,never,0,0,6,collision_vn_word,high,"never,""restore se lam tu tieng Viet """"rế"""" KHONG THE GO DUOC NUA (chi co 1 duong keystroke). ra tu tieng Viet hop le """"rế""""; can whitelist hoac context""",REFERS
P3_engine_keeps_vn_suite_expected_contradicts_note,RES,RES,RÉ,RÉ,0,0,ctx_misses,not_in_whitelist|short_token,never,0,0,3,collision_vn_word_cased,high,"never,""restore se lam tu tieng Viet """"RÉ"""" KHONG THE GO DUOC NUA (chi co 1 duong keystroke). bien the chu hoa cua """"res""""; modifier key phai case-insensitive, output phai giu case goc""",
P3_engine_keeps_vn_suite_expected_contradicts_note,RES,RES,RÉ,RÉ,0,0,ctx_misses,not_in_whitelist|short_token,never,0,0,3,inflection_trap_cased,high,"never,""restore se lam tu tieng Viet """"RÉ"""" KHONG THE GO DUOC NUA (chi co 1 duong keystroke). bien the chu hoa cua """"res""""; modifier key phai case-insensitive, output phai giu case goc""",RES
P3_engine_keeps_vn_suite_expected_contradicts_note,Res,Res,Ré,Ré,0,0,ctx_misses,not_in_whitelist|short_token,never,0,0,3,collision_vn_word_cased,high,"never,""restore se lam tu tieng Viet """"Ré"""" KHONG THE GO DUOC NUA (chi co 1 duong keystroke). bien the chu hoa cua """"res""""; modifier key phai case-insensitive, output phai giu case goc""",RES
P3_engine_keeps_vn_suite_expected_contradicts_note,Res,Res,Ré,Ré,0,0,ctx_misses,not_in_whitelist|short_token,never,0,0,3,inflection_trap_cased,high,"never,""restore se lam tu tieng Viet """"Ré"""" KHONG THE GO DUOC NUA (chi co 1 duong keystroke). bien the chu hoa cua """"res""""; modifier key phai case-insensitive, output phai giu case goc""",RES
P3_engine_keeps_vn_suite_expected_contradicts_note,res,res,ré,ré,0,0,ctx_misses,not_in_whitelist|short_token,never,0,0,3,collision_vn_word,high,"never,""restore se lam tu tieng Viet """"ré"""" KHONG THE GO DUOC NUA (chi co 1 duong keystroke). ra tu tieng Viet hop le """"ré""""; can whitelist hoac context""",RES
P3_engine_keeps_vn_suite_expected_contradicts_note,res,res,ré,ré,0,0,ctx_misses,not_in_whitelist|short_token,never,0,0,3,inflection_trap,high,"never,""restore se lam tu tieng Viet """"ré"""" KHONG THE GO DUOC NUA (chi co 1 duong keystroke). """"re"""" an toan nhung dang bien cach ra tu tieng Viet """"ré""""""",RES
P3_engine_keeps_vn_suite_expected_contradicts_note,RESET,RESET,RẾT,RẾT,0,0,ctx_misses,not_in_whitelist,never,0,0,5,collision_vn_word_cased,high,"never,""restore se lam tu tieng Viet """"RẾT"""" KHONG THE GO DUOC NUA (chi co 1 duong keystroke). bien the chu hoa cua """"reset""""; modifier key phai case-insensitive, output phai giu case goc""",
P3_engine_keeps_vn_suite_expected_contradicts_note,Reset,Reset,Rết,Rết,0,0,ctx_misses,not_in_whitelist,never,0,0,5,collision_vn_word_cased,high,"never,""restore se lam tu tieng Viet """"Rết"""" KHONG THE GO DUOC NUA (chi co 1 duong keystroke). bien the chu hoa cua """"reset""""; modifier key phai case-insensitive, output phai giu case goc""",RESET
P3_engine_keeps_vn_suite_expected_contradicts_note,reset,reset,rết,rết,0,0,ctx_misses,not_in_whitelist,never,0,0,5,collision_vn_word,high,"never,""restore se lam tu tieng Viet """"rết"""" KHONG THE GO DUOC NUA (chi co 1 duong keystroke). ra tu tieng Viet hop le """"rết""""; can whitelist hoac context""",RESET
P3_engine_keeps_vn_suite_expected_contradicts_note,RIMS,RIMS,RÍM,RÍM,0,0,ctx_misses,not_in_whitelist,never,0,0,4,inflection_trap_cased,high,"never,""restore se lam tu tieng Viet """"RÍM"""" KHONG THE GO DUOC NUA (chi co 1 duong keystroke). bien the chu hoa cua """"rims""""; modifier key phai case-insensitive, output phai giu case goc""",
P3_engine_keeps_vn_suite_expected_contradicts_note,Rims,Rims,Rím,Rím,0,0,ctx_misses,not_in_whitelist,never,0,0,4,inflection_trap_cased,high,"never,""restore se lam tu tieng Viet """"Rím"""" KHONG THE GO DUOC NUA (chi co 1 duong keystroke). bien the chu hoa cua """"rims""""; modifier key phai case-insensitive, output phai giu case goc""",RIMS
P3_engine_keeps_vn_suite_expected_contradicts_note,rims,rims,rím,rím,0,0,ctx_misses,not_in_whitelist,never,0,0,4,inflection_trap,high,"never,""restore se lam tu tieng Viet """"rím"""" KHONG THE GO DUOC NUA (chi co 1 duong keystroke). """"rim"""" an toan nhung dang bien cach ra tu tieng Viet """"rím"""" (dang suy dien, khong co trong top-10k)""",RIMS
P3_engine_keeps_vn_suite_expected_contradicts_note,RIS,RIS,RÍ,RÍ,0,0,ctx_misses,not_in_whitelist|short_token,never,0,0,3,inflection_trap_cased,high,"never,""restore se lam tu tieng Viet """"RÍ"""" KHONG THE GO DUOC NUA (chi co 1 duong keystroke). bien the chu hoa cua """"ris""""; modifier key phai case-insensitive, output phai giu case goc""",
P3_engine_keeps_vn_suite_expected_contradicts_note,Ris,Ris,Rí,Rí,0,0,ctx_misses,not_in_whitelist|short_token,never,0,0,3,inflection_trap_cased,high,"never,""restore se lam tu tieng Viet """"Rí"""" KHONG THE GO DUOC NUA (chi co 1 duong keystroke). bien the chu hoa cua """"ris""""; modifier key phai case-insensitive, output phai giu case goc""",RIS
P3_engine_keeps_vn_suite_expected_contradicts_note,ris,ris,rí,rí,0,0,ctx_misses,not_in_whitelist|short_token,never,0,0,3,inflection_trap,high,"never,""restore se lam tu tieng Viet """"rí"""" KHONG THE GO DUOC NUA (chi co 1 duong keystroke). """"ri"""" an toan nhung dang bien cach ra tu tieng Viet """"rí"""" (dang suy dien, khong co trong top-10k)""",RIS
P3_engine_keeps_vn_suite_expected_contradicts_note,ROMS,ROMS,RÓM,RÓM,0,0,ctx_misses,not_in_whitelist,never,0,0,4,inflection_trap_cased,high,"never,""restore se lam tu tieng Viet """"RÓM"""" KHONG THE GO DUOC NUA (chi co 1 duong keystroke). bien the chu hoa cua """"roms""""; modifier key phai case-insensitive, output phai giu case goc""",
P3_engine_keeps_vn_suite_expected_contradicts_note,Roms,Roms,Róm,Róm,0,0,ctx_misses,not_in_whitelist,never,0,0,4,inflection_trap_cased,high,"never,""restore se lam tu tieng Viet """"Róm"""" KHONG THE GO DUOC NUA (chi co 1 duong keystroke). bien the chu hoa cua """"roms""""; modifier key phai case-insensitive, output phai giu case goc""",ROMS
P3_engine_keeps_vn_suite_expected_contradicts_note,roms,roms,róm,róm,0,0,ctx_misses,not_in_whitelist,never,0,0,4,inflection_trap,high,"never,""restore se lam tu tieng Viet """"róm"""" KHONG THE GO DUOC NUA (chi co 1 duong keystroke). """"rom"""" an toan nhung dang bien cach ra tu tieng Viet """"róm"""" (dang suy dien, khong co trong top-10k)""",ROMS
P3_engine_keeps_vn_suite_expected_contradicts_note,RONS,RONS,RÓN,RÓN,0,0,ctx_misses,not_in_whitelist,never,0,0,4,inflection_trap_cased,high,"never,""restore se lam tu tieng Viet """"RÓN"""" KHONG THE GO DUOC NUA (chi co 1 duong keystroke). bien the chu hoa cua """"rons""""; modifier key phai case-insensitive, output phai giu case goc""",
P3_engine_keeps_vn_suite_expected_contradicts_note,Rons,Rons,Rón,Rón,0,0,ctx_misses,not_in_whitelist,never,0,0,4,inflection_trap_cased,high,"never,""restore se lam tu tieng Viet """"Rón"""" KHONG THE GO DUOC NUA (chi co 1 duong keystroke). bien the chu hoa cua """"rons""""; modifier key phai case-insensitive, output phai giu case goc""",RONS
P3_engine_keeps_vn_suite_expected_contradicts_note,rons,rons,rón,rón,0,0,ctx_misses,not_in_whitelist,never,0,0,4,inflection_trap,high,"never,""restore se lam tu tieng Viet """"rón"""" KHONG THE GO DUOC NUA (chi co 1 duong keystroke). """"ron"""" an toan nhung dang bien cach ra tu tieng Viet """"rón"""" (dang suy dien, khong co trong top-10k)""",RONS
P3_engine_keeps_vn_suite_expected_contradicts_note,ROOF,ROOF,RỒ,RỒ,0,0,ctx_misses,not_in_whitelist,never,0,0,4,collision_vn_word_cased,high,"never,""restore se lam tu tieng Viet """"RỒ"""" KHONG THE GO DUOC NUA (chi co 1 duong keystroke). bien the chu hoa cua """"roof""""; modifier key phai case-insensitive, output phai giu case goc""",
P3_engine_keeps_vn_suite_expected_contradicts_note,Roof,Roof,Rồ,Rồ,0,0,ctx_misses,not_in_whitelist,never,0,0,4,collision_vn_word_cased,high,"never,""restore se lam tu tieng Viet """"Rồ"""" KHONG THE GO DUOC NUA (chi co 1 duong keystroke). bien the chu hoa cua """"roof""""; modifier key phai case-insensitive, output phai giu case goc""",ROOF
P3_engine_keeps_vn_suite_expected_contradicts_note,roof,roof,rồ,rồ,0,0,ctx_misses,not_in_whitelist,never,0,0,4,collision_vn_word,high,"never,""restore se lam tu tieng Viet """"rồ"""" KHONG THE GO DUOC NUA (chi co 1 duong keystroke). ra tu tieng Viet hop le """"rồ""""; can whitelist hoac context""",ROOF
P3_engine_keeps_vn_suite_expected_contradicts_note,ROOM,ROOM,RÔM,RÔM,0,0,ctx_misses,not_in_whitelist,never,0,0,4,collision_vn_word_cased,high,"never,""restore se lam tu tieng Viet """"RÔM"""" KHONG THE GO DUOC NUA (chi co 1 duong keystroke). bien the chu hoa cua """"room""""; modifier key phai case-insensitive, output phai giu case goc""",
P3_engine_keeps_vn_suite_expected_contradicts_note,Room,Room,Rôm,Rôm,0,0,ctx_misses,not_in_whitelist,never,0,0,4,collision_vn_word_cased,high,"never,""restore se lam tu tieng Viet """"Rôm"""" KHONG THE GO DUOC NUA (chi co 1 duong keystroke). bien the chu hoa cua """"room""""; modifier key phai case-insensitive, output phai giu case goc""",ROOM
P3_engine_keeps_vn_suite_expected_contradicts_note,room,room,rôm,rôm,0,0,ctx_misses,not_in_whitelist,never,0,0,4,collision_vn_word,high,"never,""restore se lam tu tieng Viet """"rôm"""" KHONG THE GO DUOC NUA (chi co 1 duong keystroke). ra tu tieng Viet hop le """"rôm""""; can whitelist hoac context""",ROOM
P3_engine_keeps_vn_suite_expected_contradicts_note,ROOTS,ROOTS,RỐT,RỐT,0,0,ctx_misses,not_in_whitelist,never,0,0,5,collision_vn_word_cased,high,"never,""restore se lam tu tieng Viet """"RỐT"""" KHONG THE GO DUOC NUA (chi co 1 duong keystroke). bien the chu hoa cua """"roots""""; modifier key phai case-insensitive, output phai giu case goc""",
P3_engine_keeps_vn_suite_expected_contradicts_note,Roots,Roots,Rốt,Rốt,0,0,ctx_misses,not_in_whitelist,never,0,0,5,collision_vn_word_cased,high,"never,""restore se lam tu tieng Viet """"Rốt"""" KHONG THE GO DUOC NUA (chi co 1 duong keystroke). bien the chu hoa cua """"roots""""; modifier key phai case-insensitive, output phai giu case goc""",ROOTS
P3_engine_keeps_vn_suite_expected_contradicts_note,roots,roots,rốt,rốt,0,0,ctx_misses,not_in_whitelist,never,0,0,5,collision_vn_word,high,"never,""restore se lam tu tieng Viet """"rốt"""" KHONG THE GO DUOC NUA (chi co 1 duong keystroke). ra tu tieng Viet hop le """"rốt""""; can whitelist hoac context""",ROOTS
P3_engine_keeps_vn_suite_expected_contradicts_note,rosa,rosa,róa,róa,0,0,ctx_misses,not_in_whitelist,never,0,0,4,collision_vn_syllable,medium,"never,""restore se lam tu tieng Viet """"roá"""" KHONG THE GO DUOC NUA (chi co 1 duong keystroke). ra syllable tieng Viet hop le """"roá""""""",
P3_engine_keeps_vn_suite_expected_contradicts_note,ROW,ROW,RƠ,RƠ,0,0,ctx_misses,not_in_whitelist|short_token,never,0,0,3,collision_vn_word_cased,high,"never,""restore se lam tu tieng Viet """"RƠ"""" KHONG THE GO DUOC NUA (chi co 1 duong keystroke). bien the chu hoa cua """"row""""; modifier key phai case-insensitive, output phai giu case goc""",
P3_engine_keeps_vn_suite_expected_contradicts_note,Row,Row,Rơ,Rơ,0,0,ctx_misses,not_in_whitelist|short_token,never,0,0,3,collision_vn_word_cased,high,"never,""restore se lam tu tieng Viet """"Rơ"""" KHONG THE GO DUOC NUA (chi co 1 duong keystroke). bien the chu hoa cua """"row""""; modifier key phai case-insensitive, output phai giu case goc""",ROW
P3_engine_keeps_vn_suite_expected_contradicts_note,row,row,rơ,rơ,0,0,ctx_misses,not_in_whitelist|short_token,never,0,0,3,collision_vn_word,high,"never,""restore se lam tu tieng Viet """"rơ"""" KHONG THE GO DUOC NUA (chi co 1 duong keystroke). ra tu tieng Viet hop le """"rơ""""; can whitelist hoac context""",ROW
P3_engine_keeps_vn_suite_expected_contradicts_note,ROWS,ROWS,RỚ,RỚ,0,0,ctx_misses,not_in_whitelist,never,0,0,4,collision_vn_word_cased,high,"never,""restore se lam tu tieng Viet """"RỚ"""" KHONG THE GO DUOC NUA (chi co 1 duong keystroke). bien the chu hoa cua """"rows""""; modifier key phai case-insensitive, output phai giu case goc""",
P3_engine_keeps_vn_suite_expected_contradicts_note,Rows,Rows,Rớ,Rớ,0,0,ctx_misses,not_in_whitelist,never,0,0,4,collision_vn_word_cased,high,"never,""restore se lam tu tieng Viet """"Rớ"""" KHONG THE GO DUOC NUA (chi co 1 duong keystroke). bien the chu hoa cua """"rows""""; modifier key phai case-insensitive, output phai giu case goc""",ROWS
P3_engine_keeps_vn_suite_expected_contradicts_note,rows,rows,rớ,rớ,0,0,ctx_misses,not_in_whitelist,never,0,0,4,collision_vn_word,high,"never,""restore se lam tu tieng Viet """"rớ"""" KHONG THE GO DUOC NUA (chi co 1 duong keystroke). ra tu tieng Viet hop le """"rớ""""; can whitelist hoac context""",ROWS
P3_engine_keeps_vn_suite_expected_contradicts_note,RUS,RUS,RÚ,RÚ,0,0,ctx_misses,not_in_whitelist|short_token,never,0,0,3,inflection_trap_cased,high,"never,""restore se lam tu tieng Viet """"RÚ"""" KHONG THE GO DUOC NUA (chi co 1 duong keystroke). bien the chu hoa cua """"rus""""; modifier key phai case-insensitive, output phai giu case goc""",
P3_engine_keeps_vn_suite_expected_contradicts_note,Rus,Rus,Rú,Rú,0,0,ctx_misses,not_in_whitelist|short_token,never,0,0,3,inflection_trap_cased,high,"never,""restore se lam tu tieng Viet """"Rú"""" KHONG THE GO DUOC NUA (chi co 1 duong keystroke). bien the chu hoa cua """"rus""""; modifier key phai case-insensitive, output phai giu case goc""",RUS
P3_engine_keeps_vn_suite_expected_contradicts_note,rus,rus,rú,rú,0,0,ctx_misses,not_in_whitelist|short_token,never,0,0,3,inflection_trap,high,"never,""restore se lam tu tieng Viet """"rú"""" KHONG THE GO DUOC NUA (chi co 1 duong keystroke). """"ru"""" an toan nhung dang bien cach ra tu tieng Viet """"rú"""" (dang suy dien, khong co trong top-10k)""",RUS
P3_engine_keeps_vn_suite_expected_contradicts_note,RUST,RUST,RÚT,RÚT,0,0,ctx_misses,not_in_whitelist,never,0,0,4,collision_vn_word_cased,high,"never,""restore se lam tu tieng Viet """"RÚT"""" KHONG THE GO DUOC NUA (chi co 1 duong keystroke). bien the chu hoa cua """"rust""""; modifier key phai case-insensitive, output phai giu case goc""",
P3_engine_keeps_vn_suite_expected_contradicts_note,Rust,Rust,Rút,Rút,0,0,ctx_misses,not_in_whitelist,never,0,0,4,collision_vn_word_cased,high,"never,""restore se lam tu tieng Viet """"Rút"""" KHONG THE GO DUOC NUA (chi co 1 duong keystroke). bien the chu hoa cua """"rust""""; modifier key phai case-insensitive, output phai giu case goc""",RUST
P3_engine_keeps_vn_suite_expected_contradicts_note,rust,rust,rút,rút,0,0,ctx_misses,not_in_whitelist,never,0,0,4,collision_vn_word,high,"never,""restore se lam tu tieng Viet """"rút"""" KHONG THE GO DUOC NUA (chi co 1 duong keystroke). ra tu tieng Viet hop le """"rút""""; can whitelist hoac context""",RUST
P3_engine_keeps_vn_suite_expected_contradicts_note,SANS,SANS,SÁN,SÁN,0,0,ctx_misses,not_in_whitelist,never,0,0,4,collision_vn_word_cased,high,"never,""restore se lam tu tieng Viet """"SÁN"""" KHONG THE GO DUOC NUA (chi co 1 duong keystroke). bien the chu hoa cua """"sans""""; modifier key phai case-insensitive, output phai giu case goc""",
P3_engine_keeps_vn_suite_expected_contradicts_note,SANS,SANS,SÁN,SÁN,0,0,ctx_misses,not_in_whitelist,never,0,0,4,inflection_trap_cased,high,"never,""restore se lam tu tieng Viet """"SÁN"""" KHONG THE GO DUOC NUA (chi co 1 duong keystroke). bien the chu hoa cua """"sans""""; modifier key phai case-insensitive, output phai giu case goc""",SANS
P3_engine_keeps_vn_suite_expected_contradicts_note,Sans,Sans,Sán,Sán,0,0,ctx_misses,not_in_whitelist,never,0,0,4,collision_vn_word_cased,high,"never,""restore se lam tu tieng Viet """"Sán"""" KHONG THE GO DUOC NUA (chi co 1 duong keystroke). bien the chu hoa cua """"sans""""; modifier key phai case-insensitive, output phai giu case goc""",SANS
P3_engine_keeps_vn_suite_expected_contradicts_note,Sans,Sans,Sán,Sán,0,0,ctx_misses,not_in_whitelist,never,0,0,4,inflection_trap_cased,high,"never,""restore se lam tu tieng Viet """"Sán"""" KHONG THE GO DUOC NUA (chi co 1 duong keystroke). bien the chu hoa cua """"sans""""; modifier key phai case-insensitive, output phai giu case goc""",SANS
P3_engine_keeps_vn_suite_expected_contradicts_note,sans,sans,sán,sán,0,0,ctx_misses,not_in_whitelist,never,0,0,4,collision_vn_word,high,"never,""restore se lam tu tieng Viet """"sán"""" KHONG THE GO DUOC NUA (chi co 1 duong keystroke). ra tu tieng Viet hop le """"sán""""; can whitelist hoac context""",SANS
P3_engine_keeps_vn_suite_expected_contradicts_note,sans,sans,sán,sán,0,0,ctx_misses,not_in_whitelist,never,0,0,4,inflection_trap,high,"never,""restore se lam tu tieng Viet """"sán"""" KHONG THE GO DUOC NUA (chi co 1 duong keystroke). """"san"""" an toan nhung dang bien cach ra tu tieng Viet """"sán""""""",SANS
P3_engine_keeps_vn_suite_expected_contradicts_note,SAOS,SAOS,SÁO,SÁO,0,0,ctx_misses,not_in_whitelist,never,0,0,4,inflection_trap_cased,high,"never,""restore se lam tu tieng Viet """"SÁO"""" KHONG THE GO DUOC NUA (chi co 1 duong keystroke). bien the chu hoa cua """"saos""""; modifier key phai case-insensitive, output phai giu case goc""",
P3_engine_keeps_vn_suite_expected_contradicts_note,Saos,Saos,Sáo,Sáo,0,0,ctx_misses,not_in_whitelist,never,0,0,4,inflection_trap_cased,high,"never,""restore se lam tu tieng Viet """"Sáo"""" KHONG THE GO DUOC NUA (chi co 1 duong keystroke). bien the chu hoa cua """"saos""""; modifier key phai case-insensitive, output phai giu case goc""",SAOS
P3_engine_keeps_vn_suite_expected_contradicts_note,saos,saos,sáo,sáo,0,0,ctx_misses,not_in_whitelist,never,0,0,4,inflection_trap,high,"never,""restore se lam tu tieng Viet """"sáo"""" KHONG THE GO DUOC NUA (chi co 1 duong keystroke). """"sao"""" an toan nhung dang bien cach ra tu tieng Viet """"sáo"""" (dang suy dien, khong co trong top-10k)""",SAOS
P3_engine_keeps_vn_suite_expected_contradicts_note,SAS,SAS,SÁ,SÁ,0,0,ctx_misses,not_in_whitelist|short_token,never,0,0,3,collision_vn_word_cased,high,"never,""restore se lam tu tieng Viet """"SÁ"""" KHONG THE GO DUOC NUA (chi co 1 duong keystroke). bien the chu hoa cua """"sas""""; modifier key phai case-insensitive, output phai giu case goc""",
P3_engine_keeps_vn_suite_expected_contradicts_note,SAS,SAS,SÁ,SÁ,0,0,ctx_misses,not_in_whitelist|short_token,never,0,0,3,inflection_trap_cased,high,"never,""restore se lam tu tieng Viet """"SÁ"""" KHONG THE GO DUOC NUA (chi co 1 duong keystroke). bien the chu hoa cua """"sas""""; modifier key phai case-insensitive, output phai giu case goc""",SAS
P3_engine_keeps_vn_suite_expected_contradicts_note,Sas,Sas,Sá,Sá,0,0,ctx_misses,not_in_whitelist|short_token,never,0,0,3,collision_vn_word_cased,high,"never,""restore se lam tu tieng Viet """"Sá"""" KHONG THE GO DUOC NUA (chi co 1 duong keystroke). bien the chu hoa cua """"sas""""; modifier key phai case-insensitive, output phai giu case goc""",SAS
P3_engine_keeps_vn_suite_expected_contradicts_note,Sas,Sas,Sá,Sá,0,0,ctx_misses,not_in_whitelist|short_token,never,0,0,3,inflection_trap_cased,high,"never,""restore se lam tu tieng Viet """"Sá"""" KHONG THE GO DUOC NUA (chi co 1 duong keystroke). bien the chu hoa cua """"sas""""; modifier key phai case-insensitive, output phai giu case goc""",SAS
P3_engine_keeps_vn_suite_expected_contradicts_note,sas,sas,sá,sá,0,0,ctx_misses,not_in_whitelist|short_token,never,0,0,3,collision_vn_word,high,"never,""restore se lam tu tieng Viet """"sá"""" KHONG THE GO DUOC NUA (chi co 1 duong keystroke). ra tu tieng Viet hop le """"sá""""; can whitelist hoac context""",SAS
P3_engine_keeps_vn_suite_expected_contradicts_note,sas,sas,sá,sá,0,0,ctx_misses,not_in_whitelist|short_token,never,0,0,3,inflection_trap,high,"never,""restore se lam tu tieng Viet """"sá"""" KHONG THE GO DUOC NUA (chi co 1 duong keystroke). """"sa"""" an toan nhung dang bien cach ra tu tieng Viet """"sá""""""",SAS
P3_engine_keeps_vn_suite_expected_contradicts_note,SEER,SEER,SỂ,SỂ,0,0,ctx_misses,not_in_whitelist,never,0,0,4,inflection_trap_cased,high,"never,""restore se lam tu tieng Viet """"SỂ"""" KHONG THE GO DUOC NUA (chi co 1 duong keystroke). bien the chu hoa cua """"seer""""; modifier key phai case-insensitive, output phai giu case goc""",
P3_engine_keeps_vn_suite_expected_contradicts_note,Seer,Seer,Sể,Sể,0,0,ctx_misses,not_in_whitelist,never,0,0,4,inflection_trap_cased,high,"never,""restore se lam tu tieng Viet """"Sể"""" KHONG THE GO DUOC NUA (chi co 1 duong keystroke). bien the chu hoa cua """"seer""""; modifier key phai case-insensitive, output phai giu case goc""",SEER
P3_engine_keeps_vn_suite_expected_contradicts_note,seer,seer,sể,sể,0,0,ctx_misses,not_in_whitelist,never,0,0,4,inflection_trap,high,"never,""restore se lam tu tieng Viet """"sể"""" KHONG THE GO DUOC NUA (chi co 1 duong keystroke). """"se"""" an toan nhung dang bien cach ra tu tieng Viet """"sể"""" (dang suy dien, khong co trong top-10k)""",SEER
P3_engine_keeps_vn_suite_expected_contradicts_note,SER,SER,SẺ,SẺ,0,0,ctx_misses,not_in_whitelist|short_token,never,0,0,3,collision_vn_word_cased,high,"never,""restore se lam tu tieng Viet """"SẺ"""" KHONG THE GO DUOC NUA (chi co 1 duong keystroke). bien the chu hoa cua """"ser""""; modifier key phai case-insensitive, output phai giu case goc""",
P3_engine_keeps_vn_suite_expected_contradicts_note,Ser,Ser,Sẻ,Sẻ,0,0,ctx_misses,not_in_whitelist|short_token,never,0,0,3,collision_vn_word_cased,high,"never,""restore se lam tu tieng Viet """"Sẻ"""" KHONG THE GO DUOC NUA (chi co 1 duong keystroke). bien the chu hoa cua """"ser""""; modifier key phai case-insensitive, output phai giu case goc""",SER
P3_engine_keeps_vn_suite_expected_contradicts_note,ser,ser,sẻ,sẻ,0,0,ctx_misses,not_in_whitelist|short_token,never,0,0,3,collision_vn_word,high,"never,""restore se lam tu tieng Viet """"sẻ"""" KHONG THE GO DUOC NUA (chi co 1 duong keystroke). ra tu tieng Viet hop le """"sẻ""""; can whitelist hoac context""",SER
P3_engine_keeps_vn_suite_expected_contradicts_note,SETS,SETS,SÉT,SÉT,0,0,ctx_misses,not_in_whitelist,never,0,0,4,collision_vn_word_cased,high,"never,""restore se lam tu tieng Viet """"SÉT"""" KHONG THE GO DUOC NUA (chi co 1 duong keystroke). bien the chu hoa cua """"sets""""; modifier key phai case-insensitive, output phai giu case goc""",
P3_engine_keeps_vn_suite_expected_contradicts_note,Sets,Sets,Sét,Sét,0,0,ctx_misses,not_in_whitelist,never,0,0,4,collision_vn_word_cased,high,"never,""restore se lam tu tieng Viet """"Sét"""" KHONG THE GO DUOC NUA (chi co 1 duong keystroke). bien the chu hoa cua """"sets""""; modifier key phai case-insensitive, output phai giu case goc""",SETS
P3_engine_keeps_vn_suite_expected_contradicts_note,sets,sets,sét,sét,0,0,ctx_misses,not_in_whitelist,never,0,0,4,collision_vn_word,high,"never,""restore se lam tu tieng Viet """"sét"""" KHONG THE GO DUOC NUA (chi co 1 duong keystroke). ra tu tieng Viet hop le """"sét""""; can whitelist hoac context""",SETS
P3_engine_keeps_vn_suite_expected_contradicts_note,SEX,SEX,SẼ,SẼ,0,0,ctx_misses,not_in_whitelist|short_token,never,0,0,3,collision_vn_word_cased,high,"never,""restore se lam tu tieng Viet """"SẼ"""" KHONG THE GO DUOC NUA (chi co 1 duong keystroke). bien the chu hoa cua """"sex""""; modifier key phai case-insensitive, output phai giu case goc""",
P3_engine_keeps_vn_suite_expected_contradicts_note,Sex,Sex,Sẽ,Sẽ,0,0,ctx_misses,not_in_whitelist|short_token,never,0,0,3,collision_vn_word_cased,high,"never,""restore se lam tu tieng Viet """"Sẽ"""" KHONG THE GO DUOC NUA (chi co 1 duong keystroke). bien the chu hoa cua """"sex""""; modifier key phai case-insensitive, output phai giu case goc""",SEX
P3_engine_keeps_vn_suite_expected_contradicts_note,sex,sex,sẽ,sẽ,0,0,ctx_misses,not_in_whitelist|short_token,never,0,0,3,collision_vn_word,high,"never,""restore se lam tu tieng Viet """"sẽ"""" KHONG THE GO DUOC NUA (chi co 1 duong keystroke). ra tu tieng Viet hop le """"sẽ""""; can whitelist hoac context""",SEX
P3_engine_keeps_vn_suite_expected_contradicts_note,SIR,SIR,SỈ,SỈ,0,0,ctx_misses,not_in_whitelist|short_token,never,0,0,3,collision_vn_word_cased,high,"never,""restore se lam tu tieng Viet """"SỈ"""" KHONG THE GO DUOC NUA (chi co 1 duong keystroke). bien the chu hoa cua """"sir""""; modifier key phai case-insensitive, output phai giu case goc""",
P3_engine_keeps_vn_suite_expected_contradicts_note,Sir,Sir,Sỉ,Sỉ,0,0,ctx_misses,not_in_whitelist|short_token,never,0,0,3,collision_vn_word_cased,high,"never,""restore se lam tu tieng Viet """"Sỉ"""" KHONG THE GO DUOC NUA (chi co 1 duong keystroke). bien the chu hoa cua """"sir""""; modifier key phai case-insensitive, output phai giu case goc""",SIR
P3_engine_keeps_vn_suite_expected_contradicts_note,sir,sir,sỉ,sỉ,0,0,ctx_misses,not_in_whitelist|short_token,never,0,0,3,collision_vn_word,high,"never,""restore se lam tu tieng Viet """"sỉ"""" KHONG THE GO DUOC NUA (chi co 1 duong keystroke). ra tu tieng Viet hop le """"sỉ""""; can whitelist hoac context""",SIR
P3_engine_keeps_vn_suite_expected_contradicts_note,SIX,SIX,SĨ,SĨ,0,0,ctx_misses,not_in_whitelist|short_token,never,0,0,3,collision_vn_word_cased,high,"never,""restore se lam tu tieng Viet """"SĨ"""" KHONG THE GO DUOC NUA (chi co 1 duong keystroke). bien the chu hoa cua """"six""""; modifier key phai case-insensitive, output phai giu case goc""",
P3_engine_keeps_vn_suite_expected_contradicts_note,Six,Six,Sĩ,Sĩ,0,0,ctx_misses,not_in_whitelist|short_token,never,0,0,3,collision_vn_word_cased,high,"never,""restore se lam tu tieng Viet """"Sĩ"""" KHONG THE GO DUOC NUA (chi co 1 duong keystroke). bien the chu hoa cua """"six""""; modifier key phai case-insensitive, output phai giu case goc""",SIX
P3_engine_keeps_vn_suite_expected_contradicts_note,six,six,sĩ,sĩ,0,0,ctx_misses,not_in_whitelist|short_token,never,0,0,3,collision_vn_word,high,"never,""restore se lam tu tieng Viet """"sĩ"""" KHONG THE GO DUOC NUA (chi co 1 duong keystroke). ra tu tieng Viet hop le """"sĩ""""; can whitelist hoac context""",SIX
P3_engine_keeps_vn_suite_expected_contradicts_note,sofa,sofa,sòa,sòa,0,0,ctx_misses,not_in_whitelist,never,0,0,4,collision_vn_syllable,medium,"never,""restore se lam tu tieng Viet """"soà"""" KHONG THE GO DUOC NUA (chi co 1 duong keystroke). ra syllable tieng Viet hop le """"soà""""""",
P3_engine_keeps_vn_suite_expected_contradicts_note,SORTS,SORTS,SÓT,SÓT,0,0,ctx_misses,not_in_whitelist,never,0,0,5,collision_vn_word_cased,high,"never,""restore se lam tu tieng Viet """"SÓT"""" KHONG THE GO DUOC NUA (chi co 1 duong keystroke). bien the chu hoa cua """"sorts""""; modifier key phai case-insensitive, output phai giu case goc""",
P3_engine_keeps_vn_suite_expected_contradicts_note,Sorts,Sorts,Sót,Sót,0,0,ctx_misses,not_in_whitelist,never,0,0,5,collision_vn_word_cased,high,"never,""restore se lam tu tieng Viet """"Sót"""" KHONG THE GO DUOC NUA (chi co 1 duong keystroke). bien the chu hoa cua """"sorts""""; modifier key phai case-insensitive, output phai giu case goc""",SORTS
P3_engine_keeps_vn_suite_expected_contradicts_note,sorts,sorts,sót,sót,0,0,ctx_misses,not_in_whitelist,never,0,0,5,collision_vn_word,high,"never,""restore se lam tu tieng Viet """"sót"""" KHONG THE GO DUOC NUA (chi co 1 duong keystroke). ra tu tieng Viet hop le """"sót""""; can whitelist hoac context""",SORTS
P3_engine_keeps_vn_suite_expected_contradicts_note,SUNS,SUNS,SÚN,SÚN,0,0,ctx_misses,not_in_whitelist,never,0,0,4,inflection_trap_cased,high,"never,""restore se lam tu tieng Viet """"SÚN"""" KHONG THE GO DUOC NUA (chi co 1 duong keystroke). bien the chu hoa cua """"suns""""; modifier key phai case-insensitive, output phai giu case goc""",
P3_engine_keeps_vn_suite_expected_contradicts_note,Suns,Suns,Sún,Sún,0,0,ctx_misses,not_in_whitelist,never,0,0,4,inflection_trap_cased,high,"never,""restore se lam tu tieng Viet """"Sún"""" KHONG THE GO DUOC NUA (chi co 1 duong keystroke). bien the chu hoa cua """"suns""""; modifier key phai case-insensitive, output phai giu case goc""",SUNS
P3_engine_keeps_vn_suite_expected_contradicts_note,suns,suns,sún,sún,0,0,ctx_misses,not_in_whitelist,never,0,0,4,inflection_trap,high,"never,""restore se lam tu tieng Viet """"sún"""" KHONG THE GO DUOC NUA (chi co 1 duong keystroke). """"sun"""" an toan nhung dang bien cach ra tu tieng Viet """"sún"""" (dang suy dien, khong co trong top-10k)""",SUNS
P3_engine_keeps_vn_suite_expected_contradicts_note,SUR,SUR,SỦ,SỦ,0,0,ctx_misses,not_in_whitelist|short_token,never,0,0,3,collision_vn_word_cased,high,"never,""restore se lam tu tieng Viet """"SỦ"""" KHONG THE GO DUOC NUA (chi co 1 duong keystroke). bien the chu hoa cua """"sur""""; modifier key phai case-insensitive, output phai giu case goc""",
P3_engine_keeps_vn_suite_expected_contradicts_note,Sur,Sur,Sủ,Sủ,0,0,ctx_misses,not_in_whitelist|short_token,never,0,0,3,collision_vn_word_cased,high,"never,""restore se lam tu tieng Viet """"Sủ"""" KHONG THE GO DUOC NUA (chi co 1 duong keystroke). bien the chu hoa cua """"sur""""; modifier key phai case-insensitive, output phai giu case goc""",SUR
P3_engine_keeps_vn_suite_expected_contradicts_note,sur,sur,sủ,sủ,0,0,ctx_misses,not_in_whitelist|short_token,never,0,0,3,collision_vn_word,high,"never,""restore se lam tu tieng Viet """"sủ"""" KHONG THE GO DUOC NUA (chi co 1 duong keystroke). ra tu tieng Viet hop le """"sủ""""; can whitelist hoac context""",SUR
P3_engine_keeps_vn_suite_expected_contradicts_note,SURF,SURF,SÙ,SÙ,0,0,ctx_misses,not_in_whitelist,never,0,0,4,collision_vn_word_cased,high,"never,""restore se lam tu tieng Viet """"SÙ"""" KHONG THE GO DUOC NUA (chi co 1 duong keystroke). bien the chu hoa cua """"surf""""; modifier key phai case-insensitive, output phai giu case goc""",
P3_engine_keeps_vn_suite_expected_contradicts_note,Surf,Surf,Sù,Sù,0,0,ctx_misses,not_in_whitelist,never,0,0,4,collision_vn_word_cased,high,"never,""restore se lam tu tieng Viet """"Sù"""" KHONG THE GO DUOC NUA (chi co 1 duong keystroke). bien the chu hoa cua """"surf""""; modifier key phai case-insensitive, output phai giu case goc""",SURF
P3_engine_keeps_vn_suite_expected_contradicts_note,surf,surf,sù,sù,0,0,ctx_misses,not_in_whitelist,never,0,0,4,collision_vn_word,high,"never,""restore se lam tu tieng Viet """"sù"""" KHONG THE GO DUOC NUA (chi co 1 duong keystroke). ra tu tieng Viet hop le """"sù""""; can whitelist hoac context""",SURF
P3_engine_keeps_vn_suite_expected_contradicts_note,SUS,SUS,SÚ,SÚ,0,0,ctx_misses,not_in_whitelist|short_token,never,0,0,3,inflection_trap_cased,high,"never,""restore se lam tu tieng Viet """"SÚ"""" KHONG THE GO DUOC NUA (chi co 1 duong keystroke). bien the chu hoa cua """"sus""""; modifier key phai case-insensitive, output phai giu case goc""",
P3_engine_keeps_vn_suite_expected_contradicts_note,Sus,Sus,Sú,Sú,0,0,ctx_misses,not_in_whitelist|short_token,never,0,0,3,inflection_trap_cased,high,"never,""restore se lam tu tieng Viet """"Sú"""" KHONG THE GO DUOC NUA (chi co 1 duong keystroke). bien the chu hoa cua """"sus""""; modifier key phai case-insensitive, output phai giu case goc""",SUS
P3_engine_keeps_vn_suite_expected_contradicts_note,sus,sus,sú,sú,0,0,ctx_misses,not_in_whitelist|short_token,never,0,0,3,inflection_trap,high,"never,""restore se lam tu tieng Viet """"sú"""" KHONG THE GO DUOC NUA (chi co 1 duong keystroke). """"su"""" an toan nhung dang bien cach ra tu tieng Viet """"sú"""" (dang suy dien, khong co trong top-10k)""",SUS
P3_engine_keeps_vn_suite_expected_contradicts_note,TAR,TAR,TẢ,TẢ,0,0,ctx_misses,not_in_whitelist|short_token,never,0,0,3,collision_vn_word_cased,high,"never,""restore se lam tu tieng Viet """"TẢ"""" KHONG THE GO DUOC NUA (chi co 1 duong keystroke). bien the chu hoa cua """"tar""""; modifier key phai case-insensitive, output phai giu case goc""",
P3_engine_keeps_vn_suite_expected_contradicts_note,Tar,Tar,Tả,Tả,0,0,ctx_misses,not_in_whitelist|short_token,never,0,0,3,collision_vn_word_cased,high,"never,""restore se lam tu tieng Viet """"Tả"""" KHONG THE GO DUOC NUA (chi co 1 duong keystroke). bien the chu hoa cua """"tar""""; modifier key phai case-insensitive, output phai giu case goc""",TAR
P3_engine_keeps_vn_suite_expected_contradicts_note,tar,tar,tả,tả,0,0,ctx_misses,not_in_whitelist|short_token,never,0,0,3,collision_vn_word,high,"never,""restore se lam tu tieng Viet """"tả"""" KHONG THE GO DUOC NUA (chi co 1 duong keystroke). ra tu tieng Viet hop le """"tả""""; can whitelist hoac context""",TAR
P3_engine_keeps_vn_suite_expected_contradicts_note,TAX,TAX,TÃ,TÃ,0,0,ctx_misses,not_in_whitelist|short_token,never,0,0,3,collision_vn_word_cased,high,"never,""restore se lam tu tieng Viet """"TÃ"""" KHONG THE GO DUOC NUA (chi co 1 duong keystroke). bien the chu hoa cua """"tax""""; modifier key phai case-insensitive, output phai giu case goc""",
P3_engine_keeps_vn_suite_expected_contradicts_note,Tax,Tax,Tã,Tã,0,0,ctx_misses,not_in_whitelist|short_token,never,0,0,3,collision_vn_word_cased,high,"never,""restore se lam tu tieng Viet """"Tã"""" KHONG THE GO DUOC NUA (chi co 1 duong keystroke). bien the chu hoa cua """"tax""""; modifier key phai case-insensitive, output phai giu case goc""",TAX
P3_engine_keeps_vn_suite_expected_contradicts_note,tax,tax,tã,tã,0,0,ctx_misses,not_in_whitelist|short_token,never,0,0,3,collision_vn_word,high,"never,""restore se lam tu tieng Viet """"tã"""" KHONG THE GO DUOC NUA (chi co 1 duong keystroke). ra tu tieng Viet hop le """"tã""""; can whitelist hoac context""",TAX
P3_engine_keeps_vn_suite_expected_contradicts_note,TEE,TEE,TÊ,TÊ,0,0,ctx_misses,not_in_whitelist|short_token,never,0,0,3,collision_vn_word_cased,high,"never,""restore se lam tu tieng Viet """"TÊ"""" KHONG THE GO DUOC NUA (chi co 1 duong keystroke). bien the chu hoa cua """"tee""""; modifier key phai case-insensitive, output phai giu case goc""",
P3_engine_keeps_vn_suite_expected_contradicts_note,Tee,Tee,Tê,Tê,0,0,ctx_misses,not_in_whitelist|short_token,never,0,0,3,collision_vn_word_cased,high,"never,""restore se lam tu tieng Viet """"Tê"""" KHONG THE GO DUOC NUA (chi co 1 duong keystroke). bien the chu hoa cua """"tee""""; modifier key phai case-insensitive, output phai giu case goc""",TEE
P3_engine_keeps_vn_suite_expected_contradicts_note,tee,tee,tê,tê,0,0,ctx_misses,not_in_whitelist|short_token,never,0,0,3,collision_vn_word,high,"never,""restore se lam tu tieng Viet """"tê"""" KHONG THE GO DUOC NUA (chi co 1 duong keystroke). ra tu tieng Viet hop le """"tê""""; can whitelist hoac context""",TEE
P3_engine_keeps_vn_suite_expected_contradicts_note,TEEN,TEEN,TÊN,TÊN,0,0,ctx_misses,not_in_whitelist,never,0,0,4,collision_vn_word_cased,high,"never,""restore se lam tu tieng Viet """"TÊN"""" KHONG THE GO DUOC NUA (chi co 1 duong keystroke). bien the chu hoa cua """"teen""""; modifier key phai case-insensitive, output phai giu case goc""",
P3_engine_keeps_vn_suite_expected_contradicts_note,Teen,Teen,Tên,Tên,0,0,ctx_misses,not_in_whitelist,never,0,0,4,collision_vn_word_cased,high,"never,""restore se lam tu tieng Viet """"Tên"""" KHONG THE GO DUOC NUA (chi co 1 duong keystroke). bien the chu hoa cua """"teen""""; modifier key phai case-insensitive, output phai giu case goc""",TEEN
P3_engine_keeps_vn_suite_expected_contradicts_note,teen,teen,tên,tên,0,0,ctx_misses,not_in_whitelist,never,0,0,4,collision_vn_word,high,"never,""restore se lam tu tieng Viet """"tên"""" KHONG THE GO DUOC NUA (chi co 1 duong keystroke). ra tu tieng Viet hop le """"tên""""; can whitelist hoac context""",TEEN
P3_engine_keeps_vn_suite_expected_contradicts_note,TES,TES,TÉ,TÉ,0,0,ctx_misses,not_in_whitelist|short_token,never,0,0,3,inflection_trap_cased,high,"never,""restore se lam tu tieng Viet """"TÉ"""" KHONG THE GO DUOC NUA (chi co 1 duong keystroke). bien the chu hoa cua """"tes""""; modifier key phai case-insensitive, output phai giu case goc""",
P3_engine_keeps_vn_suite_expected_contradicts_note,Tes,Tes,Té,Té,0,0,ctx_misses,not_in_whitelist|short_token,never,0,0,3,inflection_trap_cased,high,"never,""restore se lam tu tieng Viet """"Té"""" KHONG THE GO DUOC NUA (chi co 1 duong keystroke). bien the chu hoa cua """"tes""""; modifier key phai case-insensitive, output phai giu case goc""",TES
P3_engine_keeps_vn_suite_expected_contradicts_note,tes,tes,té,té,0,0,ctx_misses,not_in_whitelist|short_token,never,0,0,3,inflection_trap,high,"never,""restore se lam tu tieng Viet """"té"""" KHONG THE GO DUOC NUA (chi co 1 duong keystroke). """"te"""" an toan nhung dang bien cach ra tu tieng Viet """"té"""" (dang suy dien, khong co trong top-10k)""",TES
P3_engine_keeps_vn_suite_expected_contradicts_note,TEX,TEX,TẼ,TẼ,0,0,ctx_misses,not_in_whitelist|short_token,never,0,0,3,collision_vn_word_cased,high,"never,""restore se lam tu tieng Viet """"TẼ"""" KHONG THE GO DUOC NUA (chi co 1 duong keystroke). bien the chu hoa cua """"tex""""; modifier key phai case-insensitive, output phai giu case goc""",
P3_engine_keeps_vn_suite_expected_contradicts_note,Tex,Tex,Tẽ,Tẽ,0,0,ctx_misses,not_in_whitelist|short_token,never,0,0,3,collision_vn_word_cased,high,"never,""restore se lam tu tieng Viet """"Tẽ"""" KHONG THE GO DUOC NUA (chi co 1 duong keystroke). bien the chu hoa cua """"tex""""; modifier key phai case-insensitive, output phai giu case goc""",TEX
P3_engine_keeps_vn_suite_expected_contradicts_note,tex,tex,tẽ,tẽ,0,0,ctx_misses,not_in_whitelist|short_token,never,0,0,3,collision_vn_word,high,"never,""restore se lam tu tieng Viet """"tẽ"""" KHONG THE GO DUOC NUA (chi co 1 duong keystroke). ra tu tieng Viet hop le """"tẽ""""; can whitelist hoac context""",TEX
P3_engine_keeps_vn_suite_expected_contradicts_note,TEXTS,TEXTS,TÉT,TÉT,0,0,ctx_misses,not_in_whitelist,never,0,0,5,collision_vn_word_cased,high,"never,""restore se lam tu tieng Viet """"TÉT"""" KHONG THE GO DUOC NUA (chi co 1 duong keystroke). bien the chu hoa cua """"texts""""; modifier key phai case-insensitive, output phai giu case goc""",
P3_engine_keeps_vn_suite_expected_contradicts_note,Texts,Texts,Tét,Tét,0,0,ctx_misses,not_in_whitelist,never,0,0,5,collision_vn_word_cased,high,"never,""restore se lam tu tieng Viet """"Tét"""" KHONG THE GO DUOC NUA (chi co 1 duong keystroke). bien the chu hoa cua """"texts""""; modifier key phai case-insensitive, output phai giu case goc""",TEXTS
P3_engine_keeps_vn_suite_expected_contradicts_note,texts,texts,tét,tét,0,0,ctx_misses,not_in_whitelist,never,0,0,5,collision_vn_word,high,"never,""restore se lam tu tieng Viet """"tét"""" KHONG THE GO DUOC NUA (chi co 1 duong keystroke). ra tu tieng Viet hop le """"tét""""; can whitelist hoac context""",TEXTS
P3_engine_keeps_vn_suite_expected_contradicts_note,THEE,THEE,THÊ,THÊ,0,0,ctx_misses,not_in_whitelist,never,0,0,4,collision_vn_word_cased,high,"never,""restore se lam tu tieng Viet """"THÊ"""" KHONG THE GO DUOC NUA (chi co 1 duong keystroke). bien the chu hoa cua """"thee""""; modifier key phai case-insensitive, output phai giu case goc""",
P3_engine_keeps_vn_suite_expected_contradicts_note,Thee,Thee,Thê,Thê,0,0,ctx_misses,not_in_whitelist,never,0,0,4,collision_vn_word_cased,high,"never,""restore se lam tu tieng Viet """"Thê"""" KHONG THE GO DUOC NUA (chi co 1 duong keystroke). bien the chu hoa cua """"thee""""; modifier key phai case-insensitive, output phai giu case goc""",THEE
P3_engine_keeps_vn_suite_expected_contradicts_note,thee,thee,thê,thê,0,0,ctx_misses,not_in_whitelist,never,0,0,4,collision_vn_word,high,"never,""restore se lam tu tieng Viet """"thê"""" KHONG THE GO DUOC NUA (chi co 1 duong keystroke). ra tu tieng Viet hop le """"thê""""; can whitelist hoac context""",THEE
P3_engine_keeps_vn_suite_expected_contradicts_note,THES,THES,THÉ,THÉ,0,0,ctx_misses,not_in_whitelist,never,0,0,4,inflection_trap_cased,high,"never,""restore se lam tu tieng Viet """"THÉ"""" KHONG THE GO DUOC NUA (chi co 1 duong keystroke). bien the chu hoa cua """"thes""""; modifier key phai case-insensitive, output phai giu case goc""",
P3_engine_keeps_vn_suite_expected_contradicts_note,Thes,Thes,Thé,Thé,0,0,ctx_misses,not_in_whitelist,never,0,0,4,inflection_trap_cased,high,"never,""restore se lam tu tieng Viet """"Thé"""" KHONG THE GO DUOC NUA (chi co 1 duong keystroke). bien the chu hoa cua """"thes""""; modifier key phai case-insensitive, output phai giu case goc""",THES
P3_engine_keeps_vn_suite_expected_contradicts_note,thes,thes,thé,thé,0,0,ctx_misses,not_in_whitelist,never,0,0,4,inflection_trap,high,"never,""restore se lam tu tieng Viet """"thé"""" KHONG THE GO DUOC NUA (chi co 1 duong keystroke). """"the"""" an toan nhung dang bien cach ra tu tieng Viet """"thé"""" (dang suy dien, khong co trong top-10k)""",THES
P3_engine_keeps_vn_suite_expected_contradicts_note,TIS,TIS,TÍ,TÍ,0,0,ctx_misses,not_in_whitelist|short_token,never,0,0,3,inflection_trap_cased,high,"never,""restore se lam tu tieng Viet """"TÍ"""" KHONG THE GO DUOC NUA (chi co 1 duong keystroke). bien the chu hoa cua """"tis""""; modifier key phai case-insensitive, output phai giu case goc""",
P3_engine_keeps_vn_suite_expected_contradicts_note,Tis,Tis,Tí,Tí,0,0,ctx_misses,not_in_whitelist|short_token,never,0,0,3,inflection_trap_cased,high,"never,""restore se lam tu tieng Viet """"Tí"""" KHONG THE GO DUOC NUA (chi co 1 duong keystroke). bien the chu hoa cua """"tis""""; modifier key phai case-insensitive, output phai giu case goc""",TIS
P3_engine_keeps_vn_suite_expected_contradicts_note,tis,tis,tí,tí,0,0,ctx_misses,not_in_whitelist|short_token,never,0,0,3,inflection_trap,high,"never,""restore se lam tu tieng Viet """"tí"""" KHONG THE GO DUOC NUA (chi co 1 duong keystroke). """"ti"""" an toan nhung dang bien cach ra tu tieng Viet """"tí"""" (dang suy dien, khong co trong top-10k)""",TIS
P3_engine_keeps_vn_suite_expected_contradicts_note,TOS,TOS,TÓ,TÓ,0,0,ctx_misses,not_in_whitelist|short_token,never,0,0,3,inflection_trap_cased,high,"never,""restore se lam tu tieng Viet """"TÓ"""" KHONG THE GO DUOC NUA (chi co 1 duong keystroke). bien the chu hoa cua """"tos""""; modifier key phai case-insensitive, output phai giu case goc""",
P3_engine_keeps_vn_suite_expected_contradicts_note,Tos,Tos,Tó,Tó,0,0,ctx_misses,not_in_whitelist|short_token,never,0,0,3,inflection_trap_cased,high,"never,""restore se lam tu tieng Viet """"Tó"""" KHONG THE GO DUOC NUA (chi co 1 duong keystroke). bien the chu hoa cua """"tos""""; modifier key phai case-insensitive, output phai giu case goc""",TOS
P3_engine_keeps_vn_suite_expected_contradicts_note,tos,tos,tó,tó,0,0,ctx_misses,not_in_whitelist|short_token,never,0,0,3,inflection_trap,high,"never,""restore se lam tu tieng Viet """"tó"""" KHONG THE GO DUOC NUA (chi co 1 duong keystroke). """"to"""" an toan nhung dang bien cach ra tu tieng Viet """"tó"""" (dang suy dien, khong co trong top-10k)""",TOS
P3_engine_keeps_vn_suite_expected_contradicts_note,TRANS,TRANS,TRÁN,TRÁN,0,0,ctx_misses,not_in_whitelist,never,0,0,5,collision_vn_word_cased,high,"never,""restore se lam tu tieng Viet """"TRÁN"""" KHONG THE GO DUOC NUA (chi co 1 duong keystroke). bien the chu hoa cua """"trans""""; modifier key phai case-insensitive, output phai giu case goc""",
P3_engine_keeps_vn_suite_expected_contradicts_note,Trans,Trans,Trán,Trán,0,0,ctx_misses,not_in_whitelist,never,0,0,5,collision_vn_word_cased,high,"never,""restore se lam tu tieng Viet """"Trán"""" KHONG THE GO DUOC NUA (chi co 1 duong keystroke). bien the chu hoa cua """"trans""""; modifier key phai case-insensitive, output phai giu case goc""",TRANS
P3_engine_keeps_vn_suite_expected_contradicts_note,trans,trans,trán,trán,0,0,ctx_misses,not_in_whitelist,never,0,0,5,collision_vn_word,high,"never,""restore se lam tu tieng Viet """"trán"""" KHONG THE GO DUOC NUA (chi co 1 duong keystroke). ra tu tieng Viet hop le """"trán""""; can whitelist hoac context""",TRANS
P3_engine_keeps_vn_suite_expected_contradicts_note,TREE,TREE,TRÊ,TRÊ,0,0,ctx_misses,not_in_whitelist,never,0,0,4,collision_vn_word_cased,high,"never,""restore se lam tu tieng Viet """"TRÊ"""" KHONG THE GO DUOC NUA (chi co 1 duong keystroke). bien the chu hoa cua """"tree""""; modifier key phai case-insensitive, output phai giu case goc""",
P3_engine_keeps_vn_suite_expected_contradicts_note,Tree,Tree,Trê,Trê,0,0,ctx_misses,not_in_whitelist,never,0,0,4,collision_vn_word_cased,high,"never,""restore se lam tu tieng Viet """"Trê"""" KHONG THE GO DUOC NUA (chi co 1 duong keystroke). bien the chu hoa cua """"tree""""; modifier key phai case-insensitive, output phai giu case goc""",TREE
P3_engine_keeps_vn_suite_expected_contradicts_note,tree,tree,trê,trê,0,0,ctx_misses,not_in_whitelist,never,0,0,4,collision_vn_word,high,"never,""restore se lam tu tieng Viet """"trê"""" KHONG THE GO DUOC NUA (chi co 1 duong keystroke). ra tu tieng Viet hop le """"trê""""; can whitelist hoac context""",TREE
P3_engine_keeps_vn_suite_expected_contradicts_note,TREOS,TREOS,TRÉO,TRÉO,0,0,ctx_misses,not_in_whitelist,never,0,0,5,inflection_trap_cased,high,"never,""restore se lam tu tieng Viet """"TRÉO"""" KHONG THE GO DUOC NUA (chi co 1 duong keystroke). bien the chu hoa cua """"treos""""; modifier key phai case-insensitive, output phai giu case goc""",
P3_engine_keeps_vn_suite_expected_contradicts_note,Treos,Treos,Tréo,Tréo,0,0,ctx_misses,not_in_whitelist,never,0,0,5,inflection_trap_cased,high,"never,""restore se lam tu tieng Viet """"Tréo"""" KHONG THE GO DUOC NUA (chi co 1 duong keystroke). bien the chu hoa cua """"treos""""; modifier key phai case-insensitive, output phai giu case goc""",TREOS
P3_engine_keeps_vn_suite_expected_contradicts_note,treos,treos,tréo,tréo,0,0,ctx_misses,not_in_whitelist,never,0,0,5,inflection_trap,high,"never,""restore se lam tu tieng Viet """"tréo"""" KHONG THE GO DUOC NUA (chi co 1 duong keystroke). """"treo"""" an toan nhung dang bien cach ra tu tieng Viet """"tréo"""" (dang suy dien, khong co trong top-10k)""",TREOS
P3_engine_keeps_vn_suite_expected_contradicts_note,TUS,TUS,TÚ,TÚ,0,0,ctx_misses,not_in_whitelist|short_token,never,0,0,3,inflection_trap_cased,high,"never,""restore se lam tu tieng Viet """"TÚ"""" KHONG THE GO DUOC NUA (chi co 1 duong keystroke). bien the chu hoa cua """"tus""""; modifier key phai case-insensitive, output phai giu case goc""",
P3_engine_keeps_vn_suite_expected_contradicts_note,Tus,Tus,Tú,Tú,0,0,ctx_misses,not_in_whitelist|short_token,never,0,0,3,inflection_trap_cased,high,"never,""restore se lam tu tieng Viet """"Tú"""" KHONG THE GO DUOC NUA (chi co 1 duong keystroke). bien the chu hoa cua """"tus""""; modifier key phai case-insensitive, output phai giu case goc""",TUS
P3_engine_keeps_vn_suite_expected_contradicts_note,tus,tus,tú,tú,0,0,ctx_misses,not_in_whitelist|short_token,never,0,0,3,inflection_trap,high,"never,""restore se lam tu tieng Viet """"tú"""" KHONG THE GO DUOC NUA (chi co 1 duong keystroke). """"tu"""" an toan nhung dang bien cach ra tu tieng Viet """"tú"""" (dang suy dien, khong co trong top-10k)""",TUS
P3_engine_keeps_vn_suite_expected_contradicts_note,TYS,TYS,TÝ,TÝ,0,0,ctx_misses,not_in_whitelist|short_token,never,0,0,3,inflection_trap_cased,high,"never,""restore se lam tu tieng Viet """"TÝ"""" KHONG THE GO DUOC NUA (chi co 1 duong keystroke). bien the chu hoa cua """"tys""""; modifier key phai case-insensitive, output phai giu case goc""",
P3_engine_keeps_vn_suite_expected_contradicts_note,Tys,Tys,Tý,Tý,0,0,ctx_misses,not_in_whitelist|short_token,never,0,0,3,inflection_trap_cased,high,"never,""restore se lam tu tieng Viet """"Tý"""" KHONG THE GO DUOC NUA (chi co 1 duong keystroke). bien the chu hoa cua """"tys""""; modifier key phai case-insensitive, output phai giu case goc""",TYS
P3_engine_keeps_vn_suite_expected_contradicts_note,tys,tys,tý,tý,0,0,ctx_misses,not_in_whitelist|short_token,never,0,0,3,inflection_trap,high,"never,""restore se lam tu tieng Viet """"tý"""" KHONG THE GO DUOC NUA (chi co 1 duong keystroke). """"ty"""" an toan nhung dang bien cach ra tu tieng Viet """"tý"""" (dang suy dien, khong co trong top-10k)""",TYS
P3_engine_keeps_vn_suite_expected_contradicts_note,USR,USR,Ủ,Ủ,0,0,ctx_misses,not_in_whitelist|short_token,never,0,0,3,collision_vn_word_cased,high,"never,""restore se lam tu tieng Viet """"Ủ"""" KHONG THE GO DUOC NUA (chi co 1 duong keystroke). bien the chu hoa cua """"usr""""; modifier key phai case-insensitive, output phai giu case goc""",
P3_engine_keeps_vn_suite_expected_contradicts_note,Usr,Usr,Ủ,Ủ,0,0,ctx_misses,not_in_whitelist|short_token,never,0,0,3,collision_vn_word_cased,high,"never,""restore se lam tu tieng Viet """"Ủ"""" KHONG THE GO DUOC NUA (chi co 1 duong keystroke). bien the chu hoa cua """"usr""""; modifier key phai case-insensitive, output phai giu case goc""",USR
P3_engine_keeps_vn_suite_expected_contradicts_note,usr,usr,ủ,ủ,0,0,ctx_misses,not_in_whitelist|short_token,never,0,0,3,collision_vn_word,high,"never,""restore se lam tu tieng Viet """"ủ"""" KHONG THE GO DUOC NUA (chi co 1 duong keystroke). ra tu tieng Viet hop le """"ủ""""; can whitelist hoac context""",USR
P3_engine_keeps_vn_suite_expected_contradicts_note,VAR,VAR,VẢ,VẢ,0,0,ctx_misses,not_in_whitelist|short_token,never,0,0,3,collision_vn_word_cased,high,"never,""restore se lam tu tieng Viet """"VẢ"""" KHONG THE GO DUOC NUA (chi co 1 duong keystroke). bien the chu hoa cua """"var""""; modifier key phai case-insensitive, output phai giu case goc""",
P3_engine_keeps_vn_suite_expected_contradicts_note,Var,Var,Vả,Vả,0,0,ctx_misses,not_in_whitelist|short_token,never,0,0,3,collision_vn_word_cased,high,"never,""restore se lam tu tieng Viet """"Vả"""" KHONG THE GO DUOC NUA (chi co 1 duong keystroke). bien the chu hoa cua """"var""""; modifier key phai case-insensitive, output phai giu case goc""",VAR
P3_engine_keeps_vn_suite_expected_contradicts_note,var,var,vả,vả,0,0,ctx_misses,not_in_whitelist|short_token,never,0,0,3,collision_vn_word,high,"never,""restore se lam tu tieng Viet """"vả"""" KHONG THE GO DUOC NUA (chi co 1 duong keystroke). ra tu tieng Viet hop le """"vả""""; can whitelist hoac context""",VAR
P3_engine_keeps_vn_suite_expected_contradicts_note,VAS,VAS,VÁ,VÁ,0,0,ctx_misses,not_in_whitelist|short_token,never,0,0,3,inflection_trap_cased,high,"never,""restore se lam tu tieng Viet """"VÁ"""" KHONG THE GO DUOC NUA (chi co 1 duong keystroke). bien the chu hoa cua """"vas""""; modifier key phai case-insensitive, output phai giu case goc""",
P3_engine_keeps_vn_suite_expected_contradicts_note,Vas,Vas,Vá,Vá,0,0,ctx_misses,not_in_whitelist|short_token,never,0,0,3,inflection_trap_cased,high,"never,""restore se lam tu tieng Viet """"Vá"""" KHONG THE GO DUOC NUA (chi co 1 duong keystroke). bien the chu hoa cua """"vas""""; modifier key phai case-insensitive, output phai giu case goc""",VAS
P3_engine_keeps_vn_suite_expected_contradicts_note,vas,vas,vá,vá,0,0,ctx_misses,not_in_whitelist|short_token,never,0,0,3,inflection_trap,high,"never,""restore se lam tu tieng Viet """"vá"""" KHONG THE GO DUOC NUA (chi co 1 duong keystroke). """"va"""" an toan nhung dang bien cach ra tu tieng Viet """"vá"""" (dang suy dien, khong co trong top-10k)""",VAS
P3_engine_keeps_vn_suite_expected_contradicts_note,VER,VER,VẺ,VẺ,0,0,ctx_misses,not_in_whitelist|short_token,never,0,0,3,collision_vn_word_cased,high,"never,""restore se lam tu tieng Viet """"VẺ"""" KHONG THE GO DUOC NUA (chi co 1 duong keystroke). bien the chu hoa cua """"ver""""; modifier key phai case-insensitive, output phai giu case goc""",
P3_engine_keeps_vn_suite_expected_contradicts_note,Ver,Ver,Vẻ,Vẻ,0,0,ctx_misses,not_in_whitelist|short_token,never,0,0,3,collision_vn_word_cased,high,"never,""restore se lam tu tieng Viet """"Vẻ"""" KHONG THE GO DUOC NUA (chi co 1 duong keystroke). bien the chu hoa cua """"ver""""; modifier key phai case-insensitive, output phai giu case goc""",VER
P3_engine_keeps_vn_suite_expected_contradicts_note,ver,ver,vẻ,vẻ,0,0,ctx_misses,not_in_whitelist|short_token,never,0,0,3,collision_vn_word,high,"never,""restore se lam tu tieng Viet """"vẻ"""" KHONG THE GO DUOC NUA (chi co 1 duong keystroke). ra tu tieng Viet hop le """"vẻ""""; can whitelist hoac context""",VER
P3_engine_keeps_vn_suite_expected_contradicts_note,VERSE,VERSE,VẾ,VẾ,0,0,ctx_misses,not_in_whitelist,never,0,0,5,collision_vn_word_cased,high,"never,""restore se lam tu tieng Viet """"VẾ"""" KHONG THE GO DUOC NUA (chi co 1 duong keystroke). bien the chu hoa cua """"verse""""; modifier key phai case-insensitive, output phai giu case goc""",
P3_engine_keeps_vn_suite_expected_contradicts_note,Verse,Verse,Vế,Vế,0,0,ctx_misses,not_in_whitelist,never,0,0,5,collision_vn_word_cased,high,"never,""restore se lam tu tieng Viet """"Vế"""" KHONG THE GO DUOC NUA (chi co 1 duong keystroke). bien the chu hoa cua """"verse""""; modifier key phai case-insensitive, output phai giu case goc""",VERSE
P3_engine_keeps_vn_suite_expected_contradicts_note,verse,verse,vế,vế,0,0,ctx_misses,not_in_whitelist,never,0,0,5,collision_vn_word,high,"never,""restore se lam tu tieng Viet """"vế"""" KHONG THE GO DUOC NUA (chi co 1 duong keystroke). ra tu tieng Viet hop le """"vế""""; can whitelist hoac context""",VERSE
P3_engine_keeps_vn_suite_expected_contradicts_note,VES,VES,VÉ,VÉ,0,0,ctx_misses,not_in_whitelist|short_token,never,0,0,3,inflection_trap_cased,high,"never,""restore se lam tu tieng Viet """"VÉ"""" KHONG THE GO DUOC NUA (chi co 1 duong keystroke). bien the chu hoa cua """"ves""""; modifier key phai case-insensitive, output phai giu case goc""",
P3_engine_keeps_vn_suite_expected_contradicts_note,Ves,Ves,Vé,Vé,0,0,ctx_misses,not_in_whitelist|short_token,never,0,0,3,inflection_trap_cased,high,"never,""restore se lam tu tieng Viet """"Vé"""" KHONG THE GO DUOC NUA (chi co 1 duong keystroke). bien the chu hoa cua """"ves""""; modifier key phai case-insensitive, output phai giu case goc""",VES
P3_engine_keeps_vn_suite_expected_contradicts_note,ves,ves,vé,vé,0,0,ctx_misses,not_in_whitelist|short_token,never,0,0,3,inflection_trap,high,"never,""restore se lam tu tieng Viet """"vé"""" KHONG THE GO DUOC NUA (chi co 1 duong keystroke). """"ve"""" an toan nhung dang bien cach ra tu tieng Viet """"vé"""" (dang suy dien, khong co trong top-10k)""",VES
P3_engine_keeps_vn_suite_expected_contradicts_note,VIS,VIS,VÍ,VÍ,0,0,ctx_misses,not_in_whitelist|short_token,never,0,0,3,inflection_trap_cased,high,"never,""restore se lam tu tieng Viet """"VÍ"""" KHONG THE GO DUOC NUA (chi co 1 duong keystroke). bien the chu hoa cua """"vis""""; modifier key phai case-insensitive, output phai giu case goc""",
P3_engine_keeps_vn_suite_expected_contradicts_note,Vis,Vis,Ví,Ví,0,0,ctx_misses,not_in_whitelist|short_token,never,0,0,3,inflection_trap_cased,high,"never,""restore se lam tu tieng Viet """"Ví"""" KHONG THE GO DUOC NUA (chi co 1 duong keystroke). bien the chu hoa cua """"vis""""; modifier key phai case-insensitive, output phai giu case goc""",VIS
P3_engine_keeps_vn_suite_expected_contradicts_note,vis,vis,ví,ví,0,0,ctx_misses,not_in_whitelist|short_token,never,0,0,3,inflection_trap,high,"never,""restore se lam tu tieng Viet """"ví"""" KHONG THE GO DUOC NUA (chi co 1 duong keystroke). """"vi"""" an toan nhung dang bien cach ra tu tieng Viet """"ví"""" (dang suy dien, khong co trong top-10k)""",VIS
P3_engine_keeps_vn_suite_expected_contradicts_note,WA,WA,ƯA,ƯA,0,0,ctx_misses,not_in_whitelist|short_token,never,0,0,2,collision_vn_word_cased,high,"never,""restore se lam tu tieng Viet """"ƯA"""" KHONG THE GO DUOC NUA (chi co 1 duong keystroke). bien the chu hoa cua """"wa""""; modifier key phai case-insensitive, output phai giu case goc""",
P3_engine_keeps_vn_suite_expected_contradicts_note,Wa,Wa,Ưa,Ưa,0,0,ctx_misses,not_in_whitelist|short_token,never,0,0,2,collision_vn_word_cased,high,"never,""restore se lam tu tieng Viet """"Ưa"""" KHONG THE GO DUOC NUA (chi co 1 duong keystroke). bien the chu hoa cua """"wa""""; modifier key phai case-insensitive, output phai giu case goc""",WA
P3_engine_keeps_vn_suite_expected_contradicts_note,wa,wa,ưa,ưa,0,0,ctx_misses,not_in_whitelist|short_token,never,0,0,2,collision_vn_word,high,"never,""restore se lam tu tieng Viet """"ưa"""" KHONG THE GO DUOC NUA (chi co 1 duong keystroke). ra tu tieng Viet hop le """"ưa""""; can whitelist hoac context""",WA
P3_engine_keeps_vn_suite_expected_contradicts_note,wr,wr,ử,ử,0,0,ctx_misses,not_in_whitelist|short_token,never,0,0,2,collision_vn_syllable,medium,"never,""restore se lam tu tieng Viet """"ử"""" KHONG THE GO DUOC NUA (chi co 1 duong keystroke). ra syllable tieng Viet hop le """"ử""""""",
P3_engine_keeps_vn_suite_expected_contradicts_note,WS,WS,Ứ,Ứ,0,0,ctx_misses,not_in_whitelist|short_token,never,0,0,2,collision_vn_word_cased,high,"never,""restore se lam tu tieng Viet """"Ứ"""" KHONG THE GO DUOC NUA (chi co 1 duong keystroke). bien the chu hoa cua """"ws""""; modifier key phai case-insensitive, output phai giu case goc""",
P3_engine_keeps_vn_suite_expected_contradicts_note,Ws,Ws,Ứ,Ứ,0,0,ctx_misses,not_in_whitelist|short_token,never,0,0,2,collision_vn_word_cased,high,"never,""restore se lam tu tieng Viet """"Ứ"""" KHONG THE GO DUOC NUA (chi co 1 duong keystroke). bien the chu hoa cua """"ws""""; modifier key phai case-insensitive, output phai giu case goc""",WS
P3_engine_keeps_vn_suite_expected_contradicts_note,ws,ws,ứ,ứ,0,0,ctx_misses,not_in_whitelist|short_token,never,0,0,2,collision_vn_word,high,"never,""restore se lam tu tieng Viet """"ứ"""" KHONG THE GO DUOC NUA (chi co 1 duong keystroke). ra tu tieng Viet hop le """"ứ""""; can whitelist hoac context""",WS
P3_engine_keeps_vn_suite_expected_contradicts_note,WU,WU,ƯU,ƯU,0,0,ctx_misses,not_in_whitelist|short_token,never,0,0,2,collision_vn_word_cased,high,"never,""restore se lam tu tieng Viet """"ƯU"""" KHONG THE GO DUOC NUA (chi co 1 duong keystroke). bien the chu hoa cua """"wu""""; modifier key phai case-insensitive, output phai giu case goc""",
P3_engine_keeps_vn_suite_expected_contradicts_note,Wu,Wu,Ưu,Ưu,0,0,ctx_misses,not_in_whitelist|short_token,never,0,0,2,collision_vn_word_cased,high,"never,""restore se lam tu tieng Viet """"Ưu"""" KHONG THE GO DUOC NUA (chi co 1 duong keystroke). bien the chu hoa cua """"wu""""; modifier key phai case-insensitive, output phai giu case goc""",WU
P3_engine_keeps_vn_suite_expected_contradicts_note,wu,wu,ưu,ưu,0,0,ctx_misses,not_in_whitelist|short_token,never,0,0,2,collision_vn_word,high,"never,""restore se lam tu tieng Viet """"ưu"""" KHONG THE GO DUOC NUA (chi co 1 duong keystroke). ra tu tieng Viet hop le """"ưu""""; can whitelist hoac context""",WU
P3_engine_keeps_vn_suite_expected_contradicts_note,XEROX,XEROX,XẼO,XẼO,0,0,ctx_misses,not_in_whitelist,never,0,0,5,collision_vn_word_cased,high,"never,""restore se lam tu tieng Viet """"XẼO"""" KHONG THE GO DUOC NUA (chi co 1 duong keystroke). bien the chu hoa cua """"xerox""""; modifier key phai case-insensitive, output phai giu case goc""",
P3_engine_keeps_vn_suite_expected_contradicts_note,Xerox,Xerox,Xẽo,Xẽo,0,0,ctx_misses,not_in_whitelist,never,0,0,5,collision_vn_word_cased,high,"never,""restore se lam tu tieng Viet """"Xẽo"""" KHONG THE GO DUOC NUA (chi co 1 duong keystroke). bien the chu hoa cua """"xerox""""; modifier key phai case-insensitive, output phai giu case goc""",XEROX
P3_engine_keeps_vn_suite_expected_contradicts_note,xerox,xerox,xẽo,xẽo,0,0,ctx_misses,not_in_whitelist,never,0,0,5,collision_vn_word,high,"never,""restore se lam tu tieng Viet """"xẽo"""" KHONG THE GO DUOC NUA (chi co 1 duong keystroke). ra tu tieng Viet hop le """"xẽo""""; can whitelist hoac context""",XEROX
P3_engine_keeps_vn_suite_expected_contradicts_note,XIS,XIS,XÍ,XÍ,0,0,ctx_misses,not_in_whitelist|short_token,never,0,0,3,inflection_trap_cased,high,"never,""restore se lam tu tieng Viet """"XÍ"""" KHONG THE GO DUOC NUA (chi co 1 duong keystroke). bien the chu hoa cua """"xis""""; modifier key phai case-insensitive, output phai giu case goc""",
P3_engine_keeps_vn_suite_expected_contradicts_note,Xis,Xis,Xí,Xí,0,0,ctx_misses,not_in_whitelist|short_token,never,0,0,3,inflection_trap_cased,high,"never,""restore se lam tu tieng Viet """"Xí"""" KHONG THE GO DUOC NUA (chi co 1 duong keystroke). bien the chu hoa cua """"xis""""; modifier key phai case-insensitive, output phai giu case goc""",XIS
P3_engine_keeps_vn_suite_expected_contradicts_note,xis,xis,xí,xí,0,0,ctx_misses,not_in_whitelist|short_token,never,0,0,3,inflection_trap,high,"never,""restore se lam tu tieng Viet """"xí"""" KHONG THE GO DUOC NUA (chi co 1 duong keystroke). """"xi"""" an toan nhung dang bien cach ra tu tieng Viet """"xí"""" (dang suy dien, khong co trong top-10k)""",XIS
P3_engine_keeps_vn_suite_expected_contradicts_note,YRS,YRS,Ý,Ý,0,0,ctx_misses,not_in_whitelist|short_token,never,0,0,3,collision_vn_word_cased,high,"never,""restore se lam tu tieng Viet """"Ý"""" KHONG THE GO DUOC NUA (chi co 1 duong keystroke). bien the chu hoa cua """"yrs""""; modifier key phai case-insensitive, output phai giu case goc""",
P3_engine_keeps_vn_suite_expected_contradicts_note,Yrs,Yrs,Ý,Ý,0,0,ctx_misses,not_in_whitelist|short_token,never,0,0,3,collision_vn_word_cased,high,"never,""restore se lam tu tieng Viet """"Ý"""" KHONG THE GO DUOC NUA (chi co 1 duong keystroke). bien the chu hoa cua """"yrs""""; modifier key phai case-insensitive, output phai giu case goc""",YRS
P3_engine_keeps_vn_suite_expected_contradicts_note,yrs,yrs,ý,ý,0,0,ctx_misses,not_in_whitelist|short_token,never,0,0,3,collision_vn_word,high,"never,""restore se lam tu tieng Viet """"ý"""" KHONG THE GO DUOC NUA (chi co 1 duong keystroke). ra tu tieng Viet hop le """"ý""""; can whitelist hoac context""",YRS
P4_working_as_intended,AIR,AIR,ẢI,AIR,0,1,ctx_fixes,-,degrades_vn,1,0,3,collision_vn_word_cased,high,"degrades_vn,""restore se mat 1 trong 2 duong go """"ẢI""""; van go duoc bang duong khac. bien the chu hoa cua """"air""""; modifier key phai case-insensitive, output phai giu case goc""",
P4_working_as_intended,Air,Air,Ải,Air,0,1,ctx_fixes,-,degrades_vn,1,0,3,collision_vn_word_cased,high,"degrades_vn,""restore se mat 1 trong 2 duong go """"Ải""""; van go duoc bang duong khac. bien the chu hoa cua """"air""""; modifier key phai case-insensitive, output phai giu case goc""",AIR
P4_working_as_intended,air,air,ải,air,0,1,ctx_fixes,-,degrades_vn,1,0,3,collision_vn_word,high,"degrades_vn,""restore se mat 1 trong 2 duong go """"ải""""; van go duoc bang duong khac. ra tu tieng Viet hop le """"ải""""; can whitelist hoac context""",AIR
P4_working_as_intended,AIS,AIS,ÁI,AIS,0,1,ctx_fixes,-,degrades_vn,1,0,3,inflection_trap_cased,high,"degrades_vn,""restore se mat 1 trong 2 duong go """"ÁI""""; van go duoc bang duong khac. bien the chu hoa cua """"ais""""; modifier key phai case-insensitive, output phai giu case goc""",
P4_working_as_intended,Ais,Ais,Ái,Ais,0,1,ctx_fixes,-,degrades_vn,1,0,3,inflection_trap_cased,high,"degrades_vn,""restore se mat 1 trong 2 duong go """"Ái""""; van go duoc bang duong khac. bien the chu hoa cua """"ais""""; modifier key phai case-insensitive, output phai giu case goc""",AIS
P4_working_as_intended,ais,ais,ái,ais,0,1,ctx_fixes,-,degrades_vn,1,0,3,inflection_trap,high,"degrades_vn,""restore se mat 1 trong 2 duong go """"ái""""; van go duoc bang duong khac. """"ai"""" an toan nhung dang bien cach ra tu tieng Viet """"ái"""" (dang suy dien, khong co trong top-10k)""",AIS
P4_working_as_intended,AMS,AMS,ÁM,AMS,0,1,ctx_fixes,-,degrades_vn,1,0,3,inflection_trap_cased,high,"degrades_vn,""restore se mat 1 trong 2 duong go """"ÁM""""; van go duoc bang duong khac. bien the chu hoa cua """"ams""""; modifier key phai case-insensitive, output phai giu case goc""",
P4_working_as_intended,Ams,Ams,Ám,Ams,0,1,ctx_fixes,-,degrades_vn,1,0,3,inflection_trap_cased,high,"degrades_vn,""restore se mat 1 trong 2 duong go """"Ám""""; van go duoc bang duong khac. bien the chu hoa cua """"ams""""; modifier key phai case-insensitive, output phai giu case goc""",AMS
P4_working_as_intended,ams,ams,ám,ams,0,1,ctx_fixes,-,degrades_vn,1,0,3,inflection_trap,high,"degrades_vn,""restore se mat 1 trong 2 duong go """"ám""""; van go duoc bang duong khac. """"am"""" an toan nhung dang bien cach ra tu tieng Viet """"ám"""" (dang suy dien, khong co trong top-10k)""",AMS
P4_working_as_intended,ANS,ANS,ÁN,ANS,0,1,ctx_fixes,-,degrades_vn,1,0,3,inflection_trap_cased,high,"degrades_vn,""restore se mat 1 trong 2 duong go """"ÁN""""; van go duoc bang duong khac. bien the chu hoa cua """"ans""""; modifier key phai case-insensitive, output phai giu case goc""",
P4_working_as_intended,Ans,Ans,Án,Ans,0,1,ctx_fixes,-,degrades_vn,1,0,3,inflection_trap_cased,high,"degrades_vn,""restore se mat 1 trong 2 duong go """"Án""""; van go duoc bang duong khac. bien the chu hoa cua """"ans""""; modifier key phai case-insensitive, output phai giu case goc""",ANS
P4_working_as_intended,ans,ans,án,ans,0,1,ctx_fixes,-,degrades_vn,1,0,3,inflection_trap,high,"degrades_vn,""restore se mat 1 trong 2 duong go """"án""""; van go duoc bang duong khac. """"an"""" an toan nhung dang bien cach ra tu tieng Viet """"án"""" (dang suy dien, khong co trong top-10k)""",ANS
P4_working_as_intended,arm,arm,arm,arm,1,1,ok_both,-,degrades_vn,1,1,3,collision_vn_syllable,medium,"degrades_vn,""restore se mat 1 trong 2 duong go """"ảm""""; van go duoc bang duong khac. ra syllable tieng Viet hop le """"ảm""""""",
P4_working_as_intended,ASN,ASN,ÁN,ASN,0,1,ctx_fixes,-,degrades_vn,1,0,3,collision_vn_word_cased,high,"degrades_vn,""restore se mat 1 trong 2 duong go """"ÁN""""; van go duoc bang duong khac. bien the chu hoa cua """"asn""""; modifier key phai case-insensitive, output phai giu case goc""",
P4_working_as_intended,Asn,Asn,Án,Asn,0,1,ctx_fixes,-,degrades_vn,1,0,3,collision_vn_word_cased,high,"degrades_vn,""restore se mat 1 trong 2 duong go """"Án""""; van go duoc bang duong khac. bien the chu hoa cua """"asn""""; modifier key phai case-insensitive, output phai giu case goc""",ASN
P4_working_as_intended,asn,asn,án,asn,0,1,ctx_fixes,-,degrades_vn,1,0,3,collision_vn_word,high,"degrades_vn,""restore se mat 1 trong 2 duong go """"án""""; van go duoc bang duong khac. ra tu tieng Viet hop le """"án""""; can whitelist hoac context""",ASN
P4_working_as_intended,ASP,ASP,ÁP,ASP,0,1,ctx_fixes,-,degrades_vn,1,0,3,collision_vn_word_cased,high,"degrades_vn,""restore se mat 1 trong 2 duong go """"ÁP""""; van go duoc bang duong khac. bien the chu hoa cua """"asp""""; modifier key phai case-insensitive, output phai giu case goc""",
P4_working_as_intended,Asp,Asp,Áp,Asp,0,1,ctx_fixes,-,degrades_vn,1,0,3,collision_vn_word_cased,high,"degrades_vn,""restore se mat 1 trong 2 duong go """"Áp""""; van go duoc bang duong khac. bien the chu hoa cua """"asp""""; modifier key phai case-insensitive, output phai giu case goc""",ASP
P4_working_as_intended,asp,asp,áp,asp,0,1,ctx_fixes,-,degrades_vn,1,0,3,collision_vn_word,high,"degrades_vn,""restore se mat 1 trong 2 duong go """"áp""""; van go duoc bang duong khac. ra tu tieng Viet hop le """"áp""""; can whitelist hoac context""",ASP
P4_working_as_intended,BANGS,BANGS,BÁNG,BANGS,0,1,ctx_fixes,-,degrades_vn,1,0,5,inflection_trap_cased,high,"degrades_vn,""restore se mat 1 trong 3 duong go """"BÁNG""""; van go duoc bang duong khac. bien the chu hoa cua """"bangs""""; modifier key phai case-insensitive, output phai giu case goc""",
P4_working_as_intended,Bangs,Bangs,Báng,Bangs,0,1,ctx_fixes,-,degrades_vn,1,0,5,inflection_trap_cased,high,"degrades_vn,""restore se mat 1 trong 3 duong go """"Báng""""; van go duoc bang duong khac. bien the chu hoa cua """"bangs""""; modifier key phai case-insensitive, output phai giu case goc""",BANGS
P4_working_as_intended,bangs,bangs,báng,bangs,0,1,ctx_fixes,-,degrades_vn,1,0,5,inflection_trap,high,"degrades_vn,""restore se mat 1 trong 3 duong go """"báng""""; van go duoc bang duong khac. """"bang"""" an toan nhung dang bien cach ra tu tieng Viet """"báng"""" (dang suy dien, khong co trong top-10k)""",BANGS
P4_working_as_intended,BANS,BANS,BÁN,BANS,0,1,ctx_fixes,-,degrades_vn,1,0,4,inflection_trap_cased,high,"degrades_vn,""restore se mat 1 trong 2 duong go """"BÁN""""; van go duoc bang duong khac. bien the chu hoa cua """"bans""""; modifier key phai case-insensitive, output phai giu case goc""",
P4_working_as_intended,Bans,Bans,Bán,Bans,0,1,ctx_fixes,-,degrades_vn,1,0,4,inflection_trap_cased,high,"degrades_vn,""restore se mat 1 trong 2 duong go """"Bán""""; van go duoc bang duong khac. bien the chu hoa cua """"bans""""; modifier key phai case-insensitive, output phai giu case goc""",BANS
P4_working_as_intended,bans,bans,bán,bans,0,1,ctx_fixes,-,degrades_vn,1,0,4,inflection_trap,high,"degrades_vn,""restore se mat 1 trong 2 duong go """"bán""""; van go duoc bang duong khac. """"ban"""" an toan nhung dang bien cach ra tu tieng Viet """"bán"""" (dang suy dien, khong co trong top-10k)""",BANS
P4_working_as_intended,BARN,BARN,BẢN,BARN,0,1,ctx_fixes,-,degrades_vn,1,0,4,collision_vn_word_cased,high,"degrades_vn,""restore se mat 1 trong 2 duong go """"BẢN""""; van go duoc bang duong khac. bien the chu hoa cua """"barn""""; modifier key phai case-insensitive, output phai giu case goc""",
P4_working_as_intended,Barn,Barn,Bản,Barn,0,1,ctx_fixes,-,degrades_vn,1,0,4,collision_vn_word_cased,high,"degrades_vn,""restore se mat 1 trong 2 duong go """"Bản""""; van go duoc bang duong khac. bien the chu hoa cua """"barn""""; modifier key phai case-insensitive, output phai giu case goc""",BARN
P4_working_as_intended,barn,barn,bản,barn,0,1,ctx_fixes,-,degrades_vn,1,0,4,collision_vn_word,high,"degrades_vn,""restore se mat 1 trong 2 duong go """"bản""""; van go duoc bang duong khac. ra tu tieng Viet hop le """"bản""""; can whitelist hoac context""",BARN
P4_working_as_intended,BEER,BEER,BỂ,BEER,0,1,ctx_fixes,-,degrades_vn,1,0,4,collision_vn_word_cased,high,"degrades_vn,""restore se mat 1 trong 2 duong go """"BỂ""""; van go duoc bang duong khac. bien the chu hoa cua """"beer""""; modifier key phai case-insensitive, output phai giu case goc""",
P4_working_as_intended,BEER,BEER,BỂ,BEER,0,1,ctx_fixes,-,degrades_vn,1,0,4,inflection_trap_cased,high,"degrades_vn,""restore se mat 1 trong 2 duong go """"BỂ""""; van go duoc bang duong khac. bien the chu hoa cua """"beer""""; modifier key phai case-insensitive, output phai giu case goc""",BEER
P4_working_as_intended,Beer,Beer,Bể,Beer,0,1,ctx_fixes,-,degrades_vn,1,0,4,collision_vn_word_cased,high,"degrades_vn,""restore se mat 1 trong 2 duong go """"Bể""""; van go duoc bang duong khac. bien the chu hoa cua """"beer""""; modifier key phai case-insensitive, output phai giu case goc""",BEER
P4_working_as_intended,Beer,Beer,Bể,Beer,0,1,ctx_fixes,-,degrades_vn,1,0,4,inflection_trap_cased,high,"degrades_vn,""restore se mat 1 trong 2 duong go """"Bể""""; van go duoc bang duong khac. bien the chu hoa cua """"beer""""; modifier key phai case-insensitive, output phai giu case goc""",BEER
P4_working_as_intended,beer,beer,bể,beer,0,1,ctx_fixes,-,degrades_vn,1,0,4,collision_vn_word,high,"degrades_vn,""restore se mat 1 trong 2 duong go """"bể""""; van go duoc bang duong khac. ra tu tieng Viet hop le """"bể""""; can whitelist hoac context""",BEER
P4_working_as_intended,beer,beer,bể,beer,0,1,ctx_fixes,-,degrades_vn,1,0,4,inflection_trap,high,"degrades_vn,""restore se mat 1 trong 2 duong go """"bể""""; van go duoc bang duong khac. """"be"""" an toan nhung dang bien cach ra tu tieng Viet """"bể""""""",BEER
P4_working_as_intended,BEEST,BEEST,BẾT,BEEST,0,1,ctx_fixes,-,degrades_vn,1,0,5,inflection_trap_cased,high,"degrades_vn,""restore se mat 1 trong 3 duong go """"BẾT""""; van go duoc bang duong khac. bien the chu hoa cua """"beest""""; modifier key phai case-insensitive, output phai giu case goc""",
P4_working_as_intended,Beest,Beest,Bết,Beest,0,1,ctx_fixes,-,degrades_vn,1,0,5,inflection_trap_cased,high,"degrades_vn,""restore se mat 1 trong 3 duong go """"Bết""""; van go duoc bang duong khac. bien the chu hoa cua """"beest""""; modifier key phai case-insensitive, output phai giu case goc""",BEEST
P4_working_as_intended,beest,beest,bết,beest,0,1,ctx_fixes,-,degrades_vn,1,0,5,inflection_trap,high,"degrades_vn,""restore se mat 1 trong 3 duong go """"bết""""; van go duoc bang duong khac. """"be"""" an toan nhung dang bien cach ra tu tieng Viet """"bết"""" (dang suy dien, khong co trong top-10k)""",BEEST
P4_working_as_intended,BENS,BENS,BÉN,BENS,0,1,ctx_fixes,-,degrades_vn,1,0,4,inflection_trap_cased,high,"degrades_vn,""restore se mat 1 trong 2 duong go """"BÉN""""; van go duoc bang duong khac. bien the chu hoa cua """"bens""""; modifier key phai case-insensitive, output phai giu case goc""",
P4_working_as_intended,Bens,Bens,Bén,Bens,0,1,ctx_fixes,-,degrades_vn,1,0,4,inflection_trap_cased,high,"degrades_vn,""restore se mat 1 trong 2 duong go """"Bén""""; van go duoc bang duong khac. bien the chu hoa cua """"bens""""; modifier key phai case-insensitive, output phai giu case goc""",BENS
P4_working_as_intended,bens,bens,bén,bens,0,1,ctx_fixes,-,degrades_vn,1,0,4,inflection_trap,high,"degrades_vn,""restore se mat 1 trong 2 duong go """"bén""""; van go duoc bang duong khac. """"ben"""" an toan nhung dang bien cach ra tu tieng Viet """"bén"""" (dang suy dien, khong co trong top-10k)""",BENS
P4_working_as_intended,BEST,BEST,BEST,BEST,1,1,ok_both,-,degrades_vn,1,1,4,collision_vn_word_cased,high,"degrades_vn,""restore se mat 1 trong 2 duong go """"BÉT""""; van go duoc bang duong khac. bien the chu hoa cua """"best""""; modifier key phai case-insensitive, output phai giu case goc""",
P4_working_as_intended,Best,Best,Best,Best,1,1,ok_both,-,degrades_vn,1,1,4,collision_vn_word_cased,high,"degrades_vn,""restore se mat 1 trong 2 duong go """"Bét""""; van go duoc bang duong khac. bien the chu hoa cua """"best""""; modifier key phai case-insensitive, output phai giu case goc""",BEST
P4_working_as_intended,best,best,best,best,1,1,ok_both,-,degrades_vn,1,1,4,collision_vn_word,high,"degrades_vn,""restore se mat 1 trong 2 duong go """"bét""""; van go duoc bang duong khac. ra tu tieng Viet hop le """"bét""""; can whitelist hoac context""",BEST
P4_working_as_intended,BINS,BINS,BÍN,BINS,0,1,ctx_fixes,-,degrades_vn,1,0,4,inflection_trap_cased,high,"degrades_vn,""restore se mat 1 trong 2 duong go """"BÍN""""; van go duoc bang duong khac. bien the chu hoa cua """"bins""""; modifier key phai case-insensitive, output phai giu case goc""",
P4_working_as_intended,Bins,Bins,Bín,Bins,0,1,ctx_fixes,-,degrades_vn,1,0,4,inflection_trap_cased,high,"degrades_vn,""restore se mat 1 trong 2 duong go """"Bín""""; van go duoc bang duong khac. bien the chu hoa cua """"bins""""; modifier key phai case-insensitive, output phai giu case goc""",BINS
P4_working_as_intended,bins,bins,bín,bins,0,1,ctx_fixes,-,degrades_vn,1,0,4,inflection_trap,high,"degrades_vn,""restore se mat 1 trong 2 duong go """"bín""""; van go duoc bang duong khac. """"bin"""" an toan nhung dang bien cach ra tu tieng Viet """"bín"""" (dang suy dien, khong co trong top-10k)""",BINS
P4_working_as_intended,BITS,BITS,BITS,BITS,1,1,ok_both,-,degrades_vn,1,1,4,collision_vn_word_cased,high,"degrades_vn,""restore se mat 1 trong 2 duong go """"BÍT""""; van go duoc bang duong khac. bien the chu hoa cua """"bits""""; modifier key phai case-insensitive, output phai giu case goc""",
P4_working_as_intended,Bits,Bits,Bits,Bits,1,1,ok_both,-,degrades_vn,1,1,4,collision_vn_word_cased,high,"degrades_vn,""restore se mat 1 trong 2 duong go """"Bít""""; van go duoc bang duong khac. bien the chu hoa cua """"bits""""; modifier key phai case-insensitive, output phai giu case goc""",BITS
P4_working_as_intended,bits,bits,bits,bits,1,1,ok_both,-,degrades_vn,1,1,4,collision_vn_word,high,"degrades_vn,""restore se mat 1 trong 2 duong go """"bít""""; van go duoc bang duong khac. ra tu tieng Viet hop le """"bít""""; can whitelist hoac context""",BITS
P4_working_as_intended,BONS,BONS,BÓN,BONS,0,1,ctx_fixes,-,degrades_vn,1,0,4,inflection_trap_cased,high,"degrades_vn,""restore se mat 1 trong 2 duong go """"BÓN""""; van go duoc bang duong khac. bien the chu hoa cua """"bons""""; modifier key phai case-insensitive, output phai giu case goc""",
P4_working_as_intended,Bons,Bons,Bón,Bons,0,1,ctx_fixes,-,degrades_vn,1,0,4,inflection_trap_cased,high,"degrades_vn,""restore se mat 1 trong 2 duong go """"Bón""""; van go duoc bang duong khac. bien the chu hoa cua """"bons""""; modifier key phai case-insensitive, output phai giu case goc""",BONS
P4_working_as_intended,bons,bons,bón,bons,0,1,ctx_fixes,-,degrades_vn,1,0,4,inflection_trap,high,"degrades_vn,""restore se mat 1 trong 2 duong go """"bón""""; van go duoc bang duong khac. """"bon"""" an toan nhung dang bien cach ra tu tieng Viet """"bón"""" (dang suy dien, khong co trong top-10k)""",BONS
P4_working_as_intended,BOOST,BOOST,BỐT,BOOST,0,1,ctx_fixes,-,degrades_vn,1,0,5,collision_vn_word_cased,high,"degrades_vn,""restore se mat 1 trong 3 duong go """"BỐT""""; van go duoc bang duong khac. bien the chu hoa cua """"boost""""; modifier key phai case-insensitive, output phai giu case goc""",
P4_working_as_intended,Boost,Boost,Bốt,Boost,0,1,ctx_fixes,-,degrades_vn,1,0,5,collision_vn_word_cased,high,"degrades_vn,""restore se mat 1 trong 3 duong go """"Bốt""""; van go duoc bang duong khac. bien the chu hoa cua """"boost""""; modifier key phai case-insensitive, output phai giu case goc""",BOOST
P4_working_as_intended,boost,boost,bốt,boost,0,1,ctx_fixes,-,degrades_vn,1,0,5,collision_vn_word,high,"degrades_vn,""restore se mat 1 trong 3 duong go """"bốt""""; van go duoc bang duong khac. ra tu tieng Viet hop le """"bốt""""; can whitelist hoac context""",BOOST
P4_working_as_intended,BOOTS,BOOTS,BỐT,BOOTS,0,1,ctx_fixes,-,degrades_vn,1,0,5,collision_vn_word_cased,high,"degrades_vn,""restore se mat 1 trong 3 duong go """"BỐT""""; van go duoc bang duong khac. bien the chu hoa cua """"boots""""; modifier key phai case-insensitive, output phai giu case goc""",
P4_working_as_intended,Boots,Boots,Bốt,Boots,0,1,ctx_fixes,-,degrades_vn,1,0,5,collision_vn_word_cased,high,"degrades_vn,""restore se mat 1 trong 3 duong go """"Bốt""""; van go duoc bang duong khac. bien the chu hoa cua """"boots""""; modifier key phai case-insensitive, output phai giu case goc""",BOOTS
P4_working_as_intended,boots,boots,bốt,boots,0,1,ctx_fixes,-,degrades_vn,1,0,5,collision_vn_word,high,"degrades_vn,""restore se mat 1 trong 3 duong go """"bốt""""; van go duoc bang duong khac. ra tu tieng Viet hop le """"bốt""""; can whitelist hoac context""",BOOTS
P4_working_as_intended,born,born,born,born,1,1,ok_both,-,degrades_vn,1,1,4,collision_vn_syllable,medium,"degrades_vn,""restore se mat 1 trong 2 duong go """"bỏn""""; van go duoc bang duong khac. ra syllable tieng Viet hop le """"bỏn""""""",
P4_working_as_intended,BURN,BURN,BỦN,BURN,0,1,ctx_fixes,-,degrades_vn,1,0,4,collision_vn_word_cased,high,"degrades_vn,""restore se mat 1 trong 2 duong go """"BỦN""""; van go duoc bang duong khac. bien the chu hoa cua """"burn""""; modifier key phai case-insensitive, output phai giu case goc""",
P4_working_as_intended,Burn,Burn,Bủn,Burn,0,1,ctx_fixes,-,degrades_vn,1,0,4,collision_vn_word_cased,high,"degrades_vn,""restore se mat 1 trong 2 duong go """"Bủn""""; van go duoc bang duong khac. bien the chu hoa cua """"burn""""; modifier key phai case-insensitive, output phai giu case goc""",BURN
P4_working_as_intended,burn,burn,bủn,burn,0,1,ctx_fixes,-,degrades_vn,1,0,4,collision_vn_word,high,"degrades_vn,""restore se mat 1 trong 2 duong go """"bủn""""; van go duoc bang duong khac. ra tu tieng Viet hop le """"bủn""""; can whitelist hoac context""",BURN
P4_working_as_intended,CAMS,CAMS,CÁM,CAMS,0,1,ctx_fixes,-,degrades_vn,1,0,4,collision_vn_word_cased,high,"degrades_vn,""restore se mat 1 trong 2 duong go """"CÁM""""; van go duoc bang duong khac. bien the chu hoa cua """"cams""""; modifier key phai case-insensitive, output phai giu case goc""",
P4_working_as_intended,CAMS,CAMS,CÁM,CAMS,0,1,ctx_fixes,-,degrades_vn,1,0,4,inflection_trap_cased,high,"degrades_vn,""restore se mat 1 trong 2 duong go """"CÁM""""; van go duoc bang duong khac. bien the chu hoa cua """"cams""""; modifier key phai case-insensitive, output phai giu case goc""",CAMS
P4_working_as_intended,Cams,Cams,Cám,Cams,0,1,ctx_fixes,-,degrades_vn,1,0,4,collision_vn_word_cased,high,"degrades_vn,""restore se mat 1 trong 2 duong go """"Cám""""; van go duoc bang duong khac. bien the chu hoa cua """"cams""""; modifier key phai case-insensitive, output phai giu case goc""",CAMS
P4_working_as_intended,Cams,Cams,Cám,Cams,0,1,ctx_fixes,-,degrades_vn,1,0,4,inflection_trap_cased,high,"degrades_vn,""restore se mat 1 trong 2 duong go """"Cám""""; van go duoc bang duong khac. bien the chu hoa cua """"cams""""; modifier key phai case-insensitive, output phai giu case goc""",CAMS
P4_working_as_intended,cams,cams,cám,cams,0,1,ctx_fixes,-,degrades_vn,1,0,4,collision_vn_word,high,"degrades_vn,""restore se mat 1 trong 2 duong go """"cám""""; van go duoc bang duong khac. ra tu tieng Viet hop le """"cám""""; can whitelist hoac context""",CAMS
P4_working_as_intended,cams,cams,cám,cams,0,1,ctx_fixes,-,degrades_vn,1,0,4,inflection_trap,high,"degrades_vn,""restore se mat 1 trong 2 duong go """"cám""""; van go duoc bang duong khac. """"cam"""" an toan nhung dang bien cach ra tu tieng Viet """"cám""""""",CAMS
P4_working_as_intended,CANS,CANS,CÁN,CANS,0,1,ctx_fixes,-,degrades_vn,1,0,4,inflection_trap_cased,high,"degrades_vn,""restore se mat 1 trong 2 duong go """"CÁN""""; van go duoc bang duong khac. bien the chu hoa cua """"cans""""; modifier key phai case-insensitive, output phai giu case goc""",
P4_working_as_intended,Cans,Cans,Cán,Cans,0,1,ctx_fixes,-,degrades_vn,1,0,4,inflection_trap_cased,high,"degrades_vn,""restore se mat 1 trong 2 duong go """"Cán""""; van go duoc bang duong khac. bien the chu hoa cua """"cans""""; modifier key phai case-insensitive, output phai giu case goc""",CANS
P4_working_as_intended,cans,cans,cán,cans,0,1,ctx_fixes,-,degrades_vn,1,0,4,inflection_trap,high,"degrades_vn,""restore se mat 1 trong 2 duong go """"cán""""; van go duoc bang duong khac. """"can"""" an toan nhung dang bien cach ra tu tieng Viet """"cán"""" (dang suy dien, khong co trong top-10k)""",CANS
P4_working_as_intended,CAPS,CAPS,CÁP,CAPS,0,1,ctx_fixes,-,degrades_vn,1,0,4,collision_vn_word_cased,high,"degrades_vn,""restore se mat 1 trong 2 duong go """"CÁP""""; van go duoc bang duong khac. bien the chu hoa cua """"caps""""; modifier key phai case-insensitive, output phai giu case goc""",
P4_working_as_intended,Caps,Caps,Cáp,Caps,0,1,ctx_fixes,-,degrades_vn,1,0,4,collision_vn_word_cased,high,"degrades_vn,""restore se mat 1 trong 2 duong go """"Cáp""""; van go duoc bang duong khac. bien the chu hoa cua """"caps""""; modifier key phai case-insensitive, output phai giu case goc""",CAPS
P4_working_as_intended,caps,caps,cáp,caps,0,1,ctx_fixes,-,degrades_vn,1,0,4,collision_vn_word,high,"degrades_vn,""restore se mat 1 trong 2 duong go """"cáp""""; van go duoc bang duong khac. ra tu tieng Viet hop le """"cáp""""; can whitelist hoac context""",CAPS
P4_working_as_intended,CAST,CAST,CAST,CAST,1,1,ok_both,-,degrades_vn,1,1,4,collision_vn_word_cased,high,"degrades_vn,""restore se mat 1 trong 2 duong go """"CÁT""""; van go duoc bang duong khac. bien the chu hoa cua """"cast""""; modifier key phai case-insensitive, output phai giu case goc""",
P4_working_as_intended,Cast,Cast,Cast,Cast,1,1,ok_both,-,degrades_vn,1,1,4,collision_vn_word_cased,high,"degrades_vn,""restore se mat 1 trong 2 duong go """"Cát""""; van go duoc bang duong khac. bien the chu hoa cua """"cast""""; modifier key phai case-insensitive, output phai giu case goc""",CAST
P4_working_as_intended,cast,cast,cast,cast,1,1,ok_both,-,degrades_vn,1,1,4,collision_vn_word,high,"degrades_vn,""restore se mat 1 trong 2 duong go """"cát""""; van go duoc bang duong khac. ra tu tieng Viet hop le """"cát""""; can whitelist hoac context""",CAST
P4_working_as_intended,CATS,CATS,CÁT,CATS,0,1,ctx_fixes,-,degrades_vn,1,0,4,collision_vn_word_cased,high,"degrades_vn,""restore se mat 1 trong 2 duong go """"CÁT""""; van go duoc bang duong khac. bien the chu hoa cua """"cats""""; modifier key phai case-insensitive, output phai giu case goc""",
P4_working_as_intended,Cats,Cats,Cát,Cats,0,1,ctx_fixes,-,degrades_vn,1,0,4,collision_vn_word_cased,high,"degrades_vn,""restore se mat 1 trong 2 duong go """"Cát""""; van go duoc bang duong khac. bien the chu hoa cua """"cats""""; modifier key phai case-insensitive, output phai giu case goc""",CATS
P4_working_as_intended,cats,cats,cát,cats,0,1,ctx_fixes,-,degrades_vn,1,0,4,collision_vn_word,high,"degrades_vn,""restore se mat 1 trong 2 duong go """"cát""""; van go duoc bang duong khac. ra tu tieng Viet hop le """"cát""""; can whitelist hoac context""",CATS
P4_working_as_intended,CHAIR,CHAIR,CHẢI,CHAIR,0,1,ctx_fixes,-,degrades_vn,1,0,5,collision_vn_word_cased,high,"degrades_vn,""restore se mat 1 trong 2 duong go """"CHẢI""""; van go duoc bang duong khac. bien the chu hoa cua """"chair""""; modifier key phai case-insensitive, output phai giu case goc""",
P4_working_as_intended,Chair,Chair,Chải,Chair,0,1,ctx_fixes,-,degrades_vn,1,0,5,collision_vn_word_cased,high,"degrades_vn,""restore se mat 1 trong 2 duong go """"Chải""""; van go duoc bang duong khac. bien the chu hoa cua """"chair""""; modifier key phai case-insensitive, output phai giu case goc""",CHAIR
P4_working_as_intended,chair,chair,chải,chair,0,1,ctx_fixes,-,degrades_vn,1,0,5,collision_vn_word,high,"degrades_vn,""restore se mat 1 trong 2 duong go """"chải""""; van go duoc bang duong khac. ra tu tieng Viet hop le """"chải""""; can whitelist hoac context""",CHAIR
P4_working_as_intended,CHANS,CHANS,CHÁN,CHANS,0,1,ctx_fixes,-,degrades_vn,1,0,5,inflection_trap_cased,high,"degrades_vn,""restore se mat 1 trong 2 duong go """"CHÁN""""; van go duoc bang duong khac. bien the chu hoa cua """"chans""""; modifier key phai case-insensitive, output phai giu case goc""",
P4_working_as_intended,Chans,Chans,Chán,Chans,0,1,ctx_fixes,-,degrades_vn,1,0,5,inflection_trap_cased,high,"degrades_vn,""restore se mat 1 trong 2 duong go """"Chán""""; van go duoc bang duong khac. bien the chu hoa cua """"chans""""; modifier key phai case-insensitive, output phai giu case goc""",CHANS
P4_working_as_intended,chans,chans,chán,chans,0,1,ctx_fixes,-,degrades_vn,1,0,5,inflection_trap,high,"degrades_vn,""restore se mat 1 trong 2 duong go """"chán""""; van go duoc bang duong khac. """"chan"""" an toan nhung dang bien cach ra tu tieng Viet """"chán"""" (dang suy dien, khong co trong top-10k)""",CHANS
P4_working_as_intended,CHAOS,CHAOS,CHÁO,CHAOS,0,1,ctx_fixes,-,degrades_vn,1,0,5,collision_vn_word_cased,high,"degrades_vn,""restore se mat 1 trong 2 duong go """"CHÁO""""; van go duoc bang duong khac. bien the chu hoa cua """"chaos""""; modifier key phai case-insensitive, output phai giu case goc""",
P4_working_as_intended,Chaos,Chaos,Cháo,Chaos,0,1,ctx_fixes,-,degrades_vn,1,0,5,collision_vn_word_cased,high,"degrades_vn,""restore se mat 1 trong 2 duong go """"Cháo""""; van go duoc bang duong khac. bien the chu hoa cua """"chaos""""; modifier key phai case-insensitive, output phai giu case goc""",CHAOS
P4_working_as_intended,chaos,chaos,cháo,chaos,0,1,ctx_fixes,-,degrades_vn,1,0,5,collision_vn_word,high,"degrades_vn,""restore se mat 1 trong 2 duong go """"cháo""""; van go duoc bang duong khac. ra tu tieng Viet hop le """"cháo""""; can whitelist hoac context""",CHAOS
P4_working_as_intended,charm,charm,chảm,charm,0,1,ctx_fixes,-,degrades_vn,1,0,5,collision_vn_syllable,medium,"degrades_vn,""restore se mat 1 trong 2 duong go """"chảm""""; van go duoc bang duong khac. ra syllable tieng Viet hop le """"chảm""""""",
P4_working_as_intended,CHENS,CHENS,CHÉN,CHENS,0,1,ctx_fixes,-,degrades_vn,1,0,5,inflection_trap_cased,high,"degrades_vn,""restore se mat 1 trong 2 duong go """"CHÉN""""; van go duoc bang duong khac. bien the chu hoa cua """"chens""""; modifier key phai case-insensitive, output phai giu case goc""",
P4_working_as_intended,Chens,Chens,Chén,Chens,0,1,ctx_fixes,-,degrades_vn,1,0,5,inflection_trap_cased,high,"degrades_vn,""restore se mat 1 trong 2 duong go """"Chén""""; van go duoc bang duong khac. bien the chu hoa cua """"chens""""; modifier key phai case-insensitive, output phai giu case goc""",CHENS
P4_working_as_intended,chens,chens,chén,chens,0,1,ctx_fixes,-,degrades_vn,1,0,5,inflection_trap,high,"degrades_vn,""restore se mat 1 trong 2 duong go """"chén""""; van go duoc bang duong khac. """"chen"""" an toan nhung dang bien cach ra tu tieng Viet """"chén"""" (dang suy dien, khong co trong top-10k)""",CHENS
P4_working_as_intended,CHEST,CHEST,CHÉT,CHEST,0,1,ctx_fixes,-,degrades_vn,1,0,5,collision_vn_word_cased,high,"degrades_vn,""restore se mat 1 trong 2 duong go """"CHÉT""""; van go duoc bang duong khac. bien the chu hoa cua """"chest""""; modifier key phai case-insensitive, output phai giu case goc""",
P4_working_as_intended,Chest,Chest,Chét,Chest,0,1,ctx_fixes,-,degrades_vn,1,0,5,collision_vn_word_cased,high,"degrades_vn,""restore se mat 1 trong 2 duong go """"Chét""""; van go duoc bang duong khac. bien the chu hoa cua """"chest""""; modifier key phai case-insensitive, output phai giu case goc""",CHEST
P4_working_as_intended,chest,chest,chét,chest,0,1,ctx_fixes,-,degrades_vn,1,0,5,collision_vn_word,high,"degrades_vn,""restore se mat 1 trong 2 duong go """"chét""""; van go duoc bang duong khac. ra tu tieng Viet hop le """"chét""""; can whitelist hoac context""",CHEST
P4_working_as_intended,CHIPS,CHIPS,CHÍP,CHIPS,0,1,ctx_fixes,-,degrades_vn,1,0,5,collision_vn_word_cased,high,"degrades_vn,""restore se mat 1 trong 2 duong go """"CHÍP""""; van go duoc bang duong khac. bien the chu hoa cua """"chips""""; modifier key phai case-insensitive, output phai giu case goc""",
P4_working_as_intended,Chips,Chips,Chíp,Chips,0,1,ctx_fixes,-,degrades_vn,1,0,5,collision_vn_word_cased,high,"degrades_vn,""restore se mat 1 trong 2 duong go """"Chíp""""; van go duoc bang duong khac. bien the chu hoa cua """"chips""""; modifier key phai case-insensitive, output phai giu case goc""",CHIPS
P4_working_as_intended,chips,chips,chíp,chips,0,1,ctx_fixes,-,degrades_vn,1,0,5,collision_vn_word,high,"degrades_vn,""restore se mat 1 trong 2 duong go """"chíp""""; van go duoc bang duong khac. ra tu tieng Viet hop le """"chíp""""; can whitelist hoac context""",CHIPS
P4_working_as_intended,CHOES,CHOES,CHÓE,CHOES,0,1,ctx_fixes,-,degrades_vn,1,0,5,inflection_trap_cased,high,"degrades_vn,""restore se mat 1 trong 2 duong go """"CHOÉ""""; van go duoc bang duong khac. bien the chu hoa cua """"choes""""; modifier key phai case-insensitive, output phai giu case goc""",
P4_working_as_intended,Choes,Choes,Chóe,Choes,0,1,ctx_fixes,-,degrades_vn,1,0,5,inflection_trap_cased,high,"degrades_vn,""restore se mat 1 trong 2 duong go """"Choé""""; van go duoc bang duong khac. bien the chu hoa cua """"choes""""; modifier key phai case-insensitive, output phai giu case goc""",CHOES
P4_working_as_intended,choes,choes,chóe,choes,0,1,ctx_fixes,-,degrades_vn,1,0,5,inflection_trap,high,"degrades_vn,""restore se mat 1 trong 2 duong go """"choé""""; van go duoc bang duong khac. """"cho"""" an toan nhung dang bien cach ra tu tieng Viet """"choé"""" (dang suy dien, khong co trong top-10k)""",CHOES
P4_working_as_intended,CHOIR,CHOIR,CHỎI,CHOIR,0,1,ctx_fixes,-,degrades_vn,1,0,5,collision_vn_word_cased,high,"degrades_vn,""restore se mat 1 trong 2 duong go """"CHỎI""""; van go duoc bang duong khac. bien the chu hoa cua """"choir""""; modifier key phai case-insensitive, output phai giu case goc""",
P4_working_as_intended,Choir,Choir,Chỏi,Choir,0,1,ctx_fixes,-,degrades_vn,1,0,5,collision_vn_word_cased,high,"degrades_vn,""restore se mat 1 trong 2 duong go """"Chỏi""""; van go duoc bang duong khac. bien the chu hoa cua """"choir""""; modifier key phai case-insensitive, output phai giu case goc""",CHOIR
P4_working_as_intended,choir,choir,chỏi,choir,0,1,ctx_fixes,-,degrades_vn,1,0,5,collision_vn_word,high,"degrades_vn,""restore se mat 1 trong 2 duong go """"chỏi""""; van go duoc bang duong khac. ra tu tieng Viet hop le """"chỏi""""; can whitelist hoac context""",CHOIR
P4_working_as_intended,CHOSE,CHOSE,CHÓE,CHOSE,0,1,ctx_fixes,-,degrades_vn,1,0,5,collision_vn_word_cased,high,"degrades_vn,""restore se mat 1 trong 2 duong go """"CHOÉ""""; van go duoc bang duong khac. bien the chu hoa cua """"chose""""; modifier key phai case-insensitive, output phai giu case goc""",
P4_working_as_intended,Chose,Chose,Chóe,Chose,0,1,ctx_fixes,-,degrades_vn,1,0,5,collision_vn_word_cased,high,"degrades_vn,""restore se mat 1 trong 2 duong go """"Choé""""; van go duoc bang duong khac. bien the chu hoa cua """"chose""""; modifier key phai case-insensitive, output phai giu case goc""",CHOSE
P4_working_as_intended,chose,chose,chóe,chose,0,1,ctx_fixes,-,degrades_vn,1,0,5,collision_vn_word,high,"degrades_vn,""restore se mat 1 trong 2 duong go """"choé""""; van go duoc bang duong khac. ra tu tieng Viet hop le """"choé""""; can whitelist hoac context""",CHOSE
P4_working_as_intended,CONF,CONF,CÒN,CONF,0,1,ctx_fixes,-,degrades_vn,1,0,4,collision_vn_word_cased,high,"degrades_vn,""restore se mat 1 trong 2 duong go """"CÒN""""; van go duoc bang duong khac. bien the chu hoa cua """"conf""""; modifier key phai case-insensitive, output phai giu case goc""",
P4_working_as_intended,Conf,Conf,Còn,Conf,0,1,ctx_fixes,-,degrades_vn,1,0,4,collision_vn_word_cased,high,"degrades_vn,""restore se mat 1 trong 2 duong go """"Còn""""; van go duoc bang duong khac. bien the chu hoa cua """"conf""""; modifier key phai case-insensitive, output phai giu case goc""",CONF
P4_working_as_intended,conf,conf,còn,conf,0,1,ctx_fixes,-,degrades_vn,1,0,4,collision_vn_word,high,"degrades_vn,""restore se mat 1 trong 2 duong go """"còn""""; van go duoc bang duong khac. ra tu tieng Viet hop le """"còn""""; can whitelist hoac context""",CONF
P4_working_as_intended,cons,cons,cón,cons,0,1,ctx_fixes,-,degrades_vn,1,0,4,collision_vn_syllable,medium,"degrades_vn,""restore se mat 1 trong 2 duong go """"cón""""; van go duoc bang duong khac. ra syllable tieng Viet hop le """"cón""""""",
P4_working_as_intended,CORN,CORN,CỎN,CORN,0,1,ctx_fixes,-,degrades_vn,1,0,4,collision_vn_word_cased,high,"degrades_vn,""restore se mat 1 trong 2 duong go """"CỎN""""; van go duoc bang duong khac. bien the chu hoa cua """"corn""""; modifier key phai case-insensitive, output phai giu case goc""",
P4_working_as_intended,Corn,Corn,Cỏn,Corn,0,1,ctx_fixes,-,degrades_vn,1,0,4,collision_vn_word_cased,high,"degrades_vn,""restore se mat 1 trong 2 duong go """"Cỏn""""; van go duoc bang duong khac. bien the chu hoa cua """"corn""""; modifier key phai case-insensitive, output phai giu case goc""",CORN
P4_working_as_intended,corn,corn,cỏn,corn,0,1,ctx_fixes,-,degrades_vn,1,0,4,collision_vn_word,high,"degrades_vn,""restore se mat 1 trong 2 duong go """"cỏn""""; van go duoc bang duong khac. ra tu tieng Viet hop le """"cỏn""""; can whitelist hoac context""",CORN
P4_working_as_intended,COST,COST,COST,COST,1,1,ok_both,-,degrades_vn,1,1,4,collision_vn_word_cased,high,"degrades_vn,""restore se mat 1 trong 2 duong go """"CÓT""""; van go duoc bang duong khac. bien the chu hoa cua """"cost""""; modifier key phai case-insensitive, output phai giu case goc""",
P4_working_as_intended,Cost,Cost,Cost,Cost,1,1,ok_both,-,degrades_vn,1,1,4,collision_vn_word_cased,high,"degrades_vn,""restore se mat 1 trong 2 duong go """"Cót""""; van go duoc bang duong khac. bien the chu hoa cua """"cost""""; modifier key phai case-insensitive, output phai giu case goc""",COST
P4_working_as_intended,cost,cost,cost,cost,1,1,ok_both,-,degrades_vn,1,1,4,collision_vn_word,high,"degrades_vn,""restore se mat 1 trong 2 duong go """"cót""""; van go duoc bang duong khac. ra tu tieng Viet hop le """"cót""""; can whitelist hoac context""",COST
P4_working_as_intended,CUMS,CUMS,CÚM,CUMS,0,1,ctx_fixes,-,degrades_vn,1,0,4,inflection_trap_cased,high,"degrades_vn,""restore se mat 1 trong 2 duong go """"CÚM""""; van go duoc bang duong khac. bien the chu hoa cua """"cums""""; modifier key phai case-insensitive, output phai giu case goc""",
P4_working_as_intended,Cums,Cums,Cúm,Cums,0,1,ctx_fixes,-,degrades_vn,1,0,4,inflection_trap_cased,high,"degrades_vn,""restore se mat 1 trong 2 duong go """"Cúm""""; van go duoc bang duong khac. bien the chu hoa cua """"cums""""; modifier key phai case-insensitive, output phai giu case goc""",CUMS
P4_working_as_intended,cums,cums,cúm,cums,0,1,ctx_fixes,-,degrades_vn,1,0,4,inflection_trap,high,"degrades_vn,""restore se mat 1 trong 2 duong go """"cúm""""; van go duoc bang duong khac. """"cum"""" an toan nhung dang bien cach ra tu tieng Viet """"cúm"""" (dang suy dien, khong co trong top-10k)""",CUMS
P4_working_as_intended,CUPS,CUPS,CÚP,CUPS,0,1,ctx_fixes,-,degrades_vn,1,0,4,collision_vn_word_cased,high,"degrades_vn,""restore se mat 1 trong 2 duong go """"CÚP""""; van go duoc bang duong khac. bien the chu hoa cua """"cups""""; modifier key phai case-insensitive, output phai giu case goc""",
P4_working_as_intended,Cups,Cups,Cúp,Cups,0,1,ctx_fixes,-,degrades_vn,1,0,4,collision_vn_word_cased,high,"degrades_vn,""restore se mat 1 trong 2 duong go """"Cúp""""; van go duoc bang duong khac. bien the chu hoa cua """"cups""""; modifier key phai case-insensitive, output phai giu case goc""",CUPS
P4_working_as_intended,cups,cups,cúp,cups,0,1,ctx_fixes,-,degrades_vn,1,0,4,collision_vn_word,high,"degrades_vn,""restore se mat 1 trong 2 duong go """"cúp""""; van go duoc bang duong khac. ra tu tieng Viet hop le """"cúp""""; can whitelist hoac context""",CUPS
P4_working_as_intended,CUTS,CUTS,CÚT,CUTS,0,1,ctx_fixes,-,degrades_vn,1,0,4,collision_vn_word_cased,high,"degrades_vn,""restore se mat 1 trong 2 duong go """"CÚT""""; van go duoc bang duong khac. bien the chu hoa cua """"cuts""""; modifier key phai case-insensitive, output phai giu case goc""",
P4_working_as_intended,Cuts,Cuts,Cút,Cuts,0,1,ctx_fixes,-,degrades_vn,1,0,4,collision_vn_word_cased,high,"degrades_vn,""restore se mat 1 trong 2 duong go """"Cút""""; van go duoc bang duong khac. bien the chu hoa cua """"cuts""""; modifier key phai case-insensitive, output phai giu case goc""",CUTS
P4_working_as_intended,cuts,cuts,cút,cuts,0,1,ctx_fixes,-,degrades_vn,1,0,4,collision_vn_word,high,"degrades_vn,""restore se mat 1 trong 2 duong go """"cút""""; van go duoc bang duong khac. ra tu tieng Viet hop le """"cút""""; can whitelist hoac context""",CUTS
P4_working_as_intended,DAMS,DAMS,DÁM,DAMS,0,1,ctx_fixes,-,degrades_vn,1,0,4,inflection_trap_cased,high,"degrades_vn,""restore se mat 1 trong 2 duong go """"DÁM""""; van go duoc bang duong khac. bien the chu hoa cua """"dams""""; modifier key phai case-insensitive, output phai giu case goc""",
P4_working_as_intended,Dams,Dams,Dám,Dams,0,1,ctx_fixes,-,degrades_vn,1,0,4,inflection_trap_cased,high,"degrades_vn,""restore se mat 1 trong 2 duong go """"Dám""""; van go duoc bang duong khac. bien the chu hoa cua """"dams""""; modifier key phai case-insensitive, output phai giu case goc""",DAMS
P4_working_as_intended,dams,dams,dám,dams,0,1,ctx_fixes,-,degrades_vn,1,0,4,inflection_trap,high,"degrades_vn,""restore se mat 1 trong 2 duong go """"dám""""; van go duoc bang duong khac. """"dam"""" an toan nhung dang bien cach ra tu tieng Viet """"dám"""" (dang suy dien, khong co trong top-10k)""",DAMS
P4_working_as_intended,DANS,DANS,DÁN,DANS,0,1,ctx_fixes,-,degrades_vn,1,0,4,collision_vn_word_cased,high,"degrades_vn,""restore se mat 1 trong 2 duong go """"DÁN""""; van go duoc bang duong khac. bien the chu hoa cua """"dans""""; modifier key phai case-insensitive, output phai giu case goc""",
P4_working_as_intended,DANS,DANS,DÁN,DANS,0,1,ctx_fixes,-,degrades_vn,1,0,4,inflection_trap_cased,high,"degrades_vn,""restore se mat 1 trong 2 duong go """"DÁN""""; van go duoc bang duong khac. bien the chu hoa cua """"dans""""; modifier key phai case-insensitive, output phai giu case goc""",DANS
P4_working_as_intended,Dans,Dans,Dán,Dans,0,1,ctx_fixes,-,degrades_vn,1,0,4,collision_vn_word_cased,high,"degrades_vn,""restore se mat 1 trong 2 duong go """"Dán""""; van go duoc bang duong khac. bien the chu hoa cua """"dans""""; modifier key phai case-insensitive, output phai giu case goc""",DANS
P4_working_as_intended,Dans,Dans,Dán,Dans,0,1,ctx_fixes,-,degrades_vn,1,0,4,inflection_trap_cased,high,"degrades_vn,""restore se mat 1 trong 2 duong go """"Dán""""; van go duoc bang duong khac. bien the chu hoa cua """"dans""""; modifier key phai case-insensitive, output phai giu case goc""",DANS
P4_working_as_intended,dans,dans,dán,dans,0,1,ctx_fixes,-,degrades_vn,1,0,4,collision_vn_word,high,"degrades_vn,""restore se mat 1 trong 2 duong go """"dán""""; van go duoc bang duong khac. ra tu tieng Viet hop le """"dán""""; can whitelist hoac context""",DANS
P4_working_as_intended,dans,dans,dán,dans,0,1,ctx_fixes,-,degrades_vn,1,0,4,inflection_trap,high,"degrades_vn,""restore se mat 1 trong 2 duong go """"dán""""; van go duoc bang duong khac. """"dan"""" an toan nhung dang bien cach ra tu tieng Viet """"dán""""""",DANS
P4_working_as_intended,DAYS,DAYS,DÁY,DAYS,0,1,ctx_fixes,-,degrades_vn,1,0,4,collision_vn_word_cased,high,"degrades_vn,""restore se mat 1 trong 2 duong go """"DÁY""""; van go duoc bang duong khac. bien the chu hoa cua """"days""""; modifier key phai case-insensitive, output phai giu case goc""",
P4_working_as_intended,DAYS,DAYS,DÁY,DAYS,0,1,ctx_fixes,-,degrades_vn,1,0,4,inflection_trap_cased,high,"degrades_vn,""restore se mat 1 trong 2 duong go """"DÁY""""; van go duoc bang duong khac. bien the chu hoa cua """"days""""; modifier key phai case-insensitive, output phai giu case goc""",DAYS
P4_working_as_intended,Days,Days,Dáy,Days,0,1,ctx_fixes,-,degrades_vn,1,0,4,collision_vn_word_cased,high,"degrades_vn,""restore se mat 1 trong 2 duong go """"Dáy""""; van go duoc bang duong khac. bien the chu hoa cua """"days""""; modifier key phai case-insensitive, output phai giu case goc""",DAYS
P4_working_as_intended,Days,Days,Dáy,Days,0,1,ctx_fixes,-,degrades_vn,1,0,4,inflection_trap_cased,high,"degrades_vn,""restore se mat 1 trong 2 duong go """"Dáy""""; van go duoc bang duong khac. bien the chu hoa cua """"days""""; modifier key phai case-insensitive, output phai giu case goc""",DAYS
P4_working_as_intended,days,days,dáy,days,0,1,ctx_fixes,-,degrades_vn,1,0,4,collision_vn_word,high,"degrades_vn,""restore se mat 1 trong 2 duong go """"dáy""""; van go duoc bang duong khac. ra tu tieng Viet hop le """"dáy""""; can whitelist hoac context""",DAYS
P4_working_as_intended,days,days,dáy,days,0,1,ctx_fixes,-,degrades_vn,1,0,4,inflection_trap,high,"degrades_vn,""restore se mat 1 trong 2 duong go """"dáy""""; van go duoc bang duong khac. """"day"""" an toan nhung dang bien cach ra tu tieng Viet """"dáy""""""",DAYS
P4_working_as_intended,DEER,DEER,DỂ,DEER,0,1,ctx_fixes,-,degrades_vn,1,0,4,collision_vn_word_cased,high,"degrades_vn,""restore se mat 1 trong 2 duong go """"DỂ""""; van go duoc bang duong khac. bien the chu hoa cua """"deer""""; modifier key phai case-insensitive, output phai giu case goc""",
P4_working_as_intended,DEER,DEER,DỂ,DEER,0,1,ctx_fixes,-,degrades_vn,1,0,4,inflection_trap_cased,high,"degrades_vn,""restore se mat 1 trong 2 duong go """"DỂ""""; van go duoc bang duong khac. bien the chu hoa cua """"deer""""; modifier key phai case-insensitive, output phai giu case goc""",DEER
P4_working_as_intended,Deer,Deer,Dể,Deer,0,1,ctx_fixes,-,degrades_vn,1,0,4,collision_vn_word_cased,high,"degrades_vn,""restore se mat 1 trong 2 duong go """"Dể""""; van go duoc bang duong khac. bien the chu hoa cua """"deer""""; modifier key phai case-insensitive, output phai giu case goc""",DEER
P4_working_as_intended,Deer,Deer,Dể,Deer,0,1,ctx_fixes,-,degrades_vn,1,0,4,inflection_trap_cased,high,"degrades_vn,""restore se mat 1 trong 2 duong go """"Dể""""; van go duoc bang duong khac. bien the chu hoa cua """"deer""""; modifier key phai case-insensitive, output phai giu case goc""",DEER
P4_working_as_intended,deer,deer,dể,deer,0,1,ctx_fixes,-,degrades_vn,1,0,4,collision_vn_word,high,"degrades_vn,""restore se mat 1 trong 2 duong go """"dể""""; van go duoc bang duong khac. ra tu tieng Viet hop le """"dể""""; can whitelist hoac context""",DEER
P4_working_as_intended,deer,deer,dể,deer,0,1,ctx_fixes,-,degrades_vn,1,0,4,inflection_trap,high,"degrades_vn,""restore se mat 1 trong 2 duong go """"dể""""; van go duoc bang duong khac. """"de"""" an toan nhung dang bien cach ra tu tieng Viet """"dể""""""",DEER
P4_working_as_intended,DEEST,DEEST,DẾT,DEEST,0,1,ctx_fixes,-,degrades_vn,1,0,5,inflection_trap_cased,high,"degrades_vn,""restore se mat 1 trong 3 duong go """"DẾT""""; van go duoc bang duong khac. bien the chu hoa cua """"deest""""; modifier key phai case-insensitive, output phai giu case goc""",
P4_working_as_intended,Deest,Deest,Dết,Deest,0,1,ctx_fixes,-,degrades_vn,1,0,5,inflection_trap_cased,high,"degrades_vn,""restore se mat 1 trong 3 duong go """"Dết""""; van go duoc bang duong khac. bien the chu hoa cua """"deest""""; modifier key phai case-insensitive, output phai giu case goc""",DEEST
P4_working_as_intended,deest,deest,dết,deest,0,1,ctx_fixes,-,degrades_vn,1,0,5,inflection_trap,high,"degrades_vn,""restore se mat 1 trong 3 duong go """"dết""""; van go duoc bang duong khac. """"de"""" an toan nhung dang bien cach ra tu tieng Viet """"dết"""" (dang suy dien, khong co trong top-10k)""",DEEST
P4_working_as_intended,DIMS,DIMS,DÍM,DIMS,0,1,ctx_fixes,-,degrades_vn,1,0,4,inflection_trap_cased,high,"degrades_vn,""restore se mat 1 trong 2 duong go """"DÍM""""; van go duoc bang duong khac. bien the chu hoa cua """"dims""""; modifier key phai case-insensitive, output phai giu case goc""",
P4_working_as_intended,Dims,Dims,Dím,Dims,0,1,ctx_fixes,-,degrades_vn,1,0,4,inflection_trap_cased,high,"degrades_vn,""restore se mat 1 trong 2 duong go """"Dím""""; van go duoc bang duong khac. bien the chu hoa cua """"dims""""; modifier key phai case-insensitive, output phai giu case goc""",DIMS
P4_working_as_intended,dims,dims,dím,dims,0,1,ctx_fixes,-,degrades_vn,1,0,4,inflection_trap,high,"degrades_vn,""restore se mat 1 trong 2 duong go """"dím""""; van go duoc bang duong khac. """"dim"""" an toan nhung dang bien cach ra tu tieng Viet """"dím"""" (dang suy dien, khong co trong top-10k)""",DIMS
P4_working_as_intended,dist,dist,dít,dist,0,1,ctx_fixes,-,degrades_vn,1,0,4,collision_vn_syllable,medium,"degrades_vn,""restore se mat 1 trong 2 duong go """"dít""""; van go duoc bang duong khac. ra syllable tieng Viet hop le """"dít""""""",
P4_working_as_intended,DOCS,DOCS,DÓC,DOCS,0,1,ctx_fixes,-,degrades_vn,1,0,4,collision_vn_word_cased,high,"degrades_vn,""restore se mat 1 trong 2 duong go """"DÓC""""; van go duoc bang duong khac. bien the chu hoa cua """"docs""""; modifier key phai case-insensitive, output phai giu case goc""",
P4_working_as_intended,Docs,Docs,Dóc,Docs,0,1,ctx_fixes,-,degrades_vn,1,0,4,collision_vn_word_cased,high,"degrades_vn,""restore se mat 1 trong 2 duong go """"Dóc""""; van go duoc bang duong khac. bien the chu hoa cua """"docs""""; modifier key phai case-insensitive, output phai giu case goc""",DOCS
P4_working_as_intended,docs,docs,dóc,docs,0,1,ctx_fixes,-,degrades_vn,1,0,4,collision_vn_word,high,"degrades_vn,""restore se mat 1 trong 2 duong go """"dóc""""; van go duoc bang duong khac. ra tu tieng Viet hop le """"dóc""""; can whitelist hoac context""",DOCS
P4_working_as_intended,DOMS,DOMS,DÓM,DOMS,0,1,ctx_fixes,-,degrades_vn,1,0,4,inflection_trap_cased,high,"degrades_vn,""restore se mat 1 trong 2 duong go """"DÓM""""; van go duoc bang duong khac. bien the chu hoa cua """"doms""""; modifier key phai case-insensitive, output phai giu case goc""",
P4_working_as_intended,Doms,Doms,Dóm,Doms,0,1,ctx_fixes,-,degrades_vn,1,0,4,inflection_trap_cased,high,"degrades_vn,""restore se mat 1 trong 2 duong go """"Dóm""""; van go duoc bang duong khac. bien the chu hoa cua """"doms""""; modifier key phai case-insensitive, output phai giu case goc""",DOMS
P4_working_as_intended,doms,doms,dóm,doms,0,1,ctx_fixes,-,degrades_vn,1,0,4,inflection_trap,high,"degrades_vn,""restore se mat 1 trong 2 duong go """"dóm""""; van go duoc bang duong khac. """"dom"""" an toan nhung dang bien cach ra tu tieng Viet """"dóm"""" (dang suy dien, khong co trong top-10k)""",DOMS
P4_working_as_intended,DONS,DONS,DÓN,DONS,0,1,ctx_fixes,-,degrades_vn,1,0,4,inflection_trap_cased,high,"degrades_vn,""restore se mat 1 trong 2 duong go """"DÓN""""; van go duoc bang duong khac. bien the chu hoa cua """"dons""""; modifier key phai case-insensitive, output phai giu case goc""",
P4_working_as_intended,Dons,Dons,Dón,Dons,0,1,ctx_fixes,-,degrades_vn,1,0,4,inflection_trap_cased,high,"degrades_vn,""restore se mat 1 trong 2 duong go """"Dón""""; van go duoc bang duong khac. bien the chu hoa cua """"dons""""; modifier key phai case-insensitive, output phai giu case goc""",DONS
P4_working_as_intended,dons,dons,dón,dons,0,1,ctx_fixes,-,degrades_vn,1,0,4,inflection_trap,high,"degrades_vn,""restore se mat 1 trong 2 duong go """"dón""""; van go duoc bang duong khac. """"don"""" an toan nhung dang bien cach ra tu tieng Viet """"dón"""" (dang suy dien, khong co trong top-10k)""",DONS
P4_working_as_intended,dust,dust,dút,dust,0,1,ctx_fixes,-,degrades_vn,1,0,4,collision_vn_syllable,medium,"degrades_vn,""restore se mat 1 trong 2 duong go """"dút""""; van go duoc bang duong khac. ra syllable tieng Viet hop le """"dút""""""",
P4_working_as_intended,EMS,EMS,ÉM,EMS,0,1,ctx_fixes,-,degrades_vn,1,0,3,inflection_trap_cased,high,"degrades_vn,""restore se mat 1 trong 2 duong go """"ÉM""""; van go duoc bang duong khac. bien the chu hoa cua """"ems""""; modifier key phai case-insensitive, output phai giu case goc""",
P4_working_as_intended,Ems,Ems,Ém,Ems,0,1,ctx_fixes,-,degrades_vn,1,0,3,inflection_trap_cased,high,"degrades_vn,""restore se mat 1 trong 2 duong go """"Ém""""; van go duoc bang duong khac. bien the chu hoa cua """"ems""""; modifier key phai case-insensitive, output phai giu case goc""",EMS
P4_working_as_intended,ems,ems,ém,ems,0,1,ctx_fixes,-,degrades_vn,1,0,3,inflection_trap,high,"degrades_vn,""restore se mat 1 trong 2 duong go """"ém""""; van go duoc bang duong khac. """"em"""" an toan nhung dang bien cach ra tu tieng Viet """"ém"""" (dang suy dien, khong co trong top-10k)""",EMS
P4_working_as_intended,ENS,ENS,ÉN,ENS,0,1,ctx_fixes,-,degrades_vn,1,0,3,inflection_trap_cased,high,"degrades_vn,""restore se mat 1 trong 2 duong go """"ÉN""""; van go duoc bang duong khac. bien the chu hoa cua """"ens""""; modifier key phai case-insensitive, output phai giu case goc""",
P4_working_as_intended,Ens,Ens,Én,Ens,0,1,ctx_fixes,-,degrades_vn,1,0,3,inflection_trap_cased,high,"degrades_vn,""restore se mat 1 trong 2 duong go """"Én""""; van go duoc bang duong khac. bien the chu hoa cua """"ens""""; modifier key phai case-insensitive, output phai giu case goc""",ENS
P4_working_as_intended,ens,ens,én,ens,0,1,ctx_fixes,-,degrades_vn,1,0,3,inflection_trap,high,"degrades_vn,""restore se mat 1 trong 2 duong go """"én""""; van go duoc bang duong khac. """"en"""" an toan nhung dang bien cach ra tu tieng Viet """"én"""" (dang suy dien, khong co trong top-10k)""",ENS
P4_working_as_intended,eos,eos,éo,eos,0,1,ctx_fixes,-,degrades_vn,1,0,3,collision_vn_syllable,medium,"degrades_vn,""restore se mat 1 trong 2 duong go """"éo""""; van go duoc bang duong khac. ra syllable tieng Viet hop le """"éo""""""",
P4_working_as_intended,EST,EST,ÉT,EST,0,1,ctx_fixes,-,degrades_vn,1,0,3,collision_vn_word_cased,high,"degrades_vn,""restore se mat 1 trong 2 duong go """"ÉT""""; van go duoc bang duong khac. bien the chu hoa cua """"est""""; modifier key phai case-insensitive, output phai giu case goc""",
P4_working_as_intended,Est,Est,Ét,Est,0,1,ctx_fixes,-,degrades_vn,1,0,3,collision_vn_word_cased,high,"degrades_vn,""restore se mat 1 trong 2 duong go """"Ét""""; van go duoc bang duong khac. bien the chu hoa cua """"est""""; modifier key phai case-insensitive, output phai giu case goc""",EST
P4_working_as_intended,est,est,ét,est,0,1,ctx_fixes,-,degrades_vn,1,0,3,collision_vn_word,high,"degrades_vn,""restore se mat 1 trong 2 duong go """"ét""""; van go duoc bang duong khac. ra tu tieng Viet hop le """"ét""""; can whitelist hoac context""",EST
P4_working_as_intended,gaps,gaps,gáp,gaps,0,1,ctx_fixes,-,degrades_vn,1,0,4,collision_vn_syllable,medium,"degrades_vn,""restore se mat 1 trong 2 duong go """"gáp""""; van go duoc bang duong khac. ra syllable tieng Viet hop le """"gáp""""""",
P4_working_as_intended,GARY,GARY,GARY,GARY,1,1,ok_both,-,degrades_vn,1,1,4,collision_vn_word_cased,high,"degrades_vn,""restore se mat 1 trong 2 duong go """"GẢY""""; van go duoc bang duong khac. bien the chu hoa cua """"gary""""; modifier key phai case-insensitive, output phai giu case goc""",
P4_working_as_intended,Gary,Gary,Gary,Gary,1,1,ok_both,-,degrades_vn,1,1,4,collision_vn_word_cased,high,"degrades_vn,""restore se mat 1 trong 2 duong go """"Gảy""""; van go duoc bang duong khac. bien the chu hoa cua """"gary""""; modifier key phai case-insensitive, output phai giu case goc""",GARY
P4_working_as_intended,gary,gary,gary,gary,1,1,ok_both,-,degrades_vn,1,1,4,collision_vn_word,high,"degrades_vn,""restore se mat 1 trong 2 duong go """"gảy""""; van go duoc bang duong khac. ra tu tieng Viet hop le """"gảy""""; can whitelist hoac context""",GARY
P4_working_as_intended,GAYS,GAYS,GÁY,GAYS,0,1,ctx_fixes,-,degrades_vn,1,0,4,collision_vn_word_cased,high,"degrades_vn,""restore se mat 1 trong 2 duong go """"GÁY""""; van go duoc bang duong khac. bien the chu hoa cua """"gays""""; modifier key phai case-insensitive, output phai giu case goc""",
P4_working_as_intended,GAYS,GAYS,GÁY,GAYS,0,1,ctx_fixes,-,degrades_vn,1,0,4,inflection_trap_cased,high,"degrades_vn,""restore se mat 1 trong 2 duong go """"GÁY""""; van go duoc bang duong khac. bien the chu hoa cua """"gays""""; modifier key phai case-insensitive, output phai giu case goc""",GAYS
P4_working_as_intended,Gays,Gays,Gáy,Gays,0,1,ctx_fixes,-,degrades_vn,1,0,4,collision_vn_word_cased,high,"degrades_vn,""restore se mat 1 trong 2 duong go """"Gáy""""; van go duoc bang duong khac. bien the chu hoa cua """"gays""""; modifier key phai case-insensitive, output phai giu case goc""",GAYS
P4_working_as_intended,Gays,Gays,Gáy,Gays,0,1,ctx_fixes,-,degrades_vn,1,0,4,inflection_trap_cased,high,"degrades_vn,""restore se mat 1 trong 2 duong go """"Gáy""""; van go duoc bang duong khac. bien the chu hoa cua """"gays""""; modifier key phai case-insensitive, output phai giu case goc""",GAYS
P4_working_as_intended,gays,gays,gáy,gays,0,1,ctx_fixes,-,degrades_vn,1,0,4,collision_vn_word,high,"degrades_vn,""restore se mat 1 trong 2 duong go """"gáy""""; van go duoc bang duong khac. ra tu tieng Viet hop le """"gáy""""; can whitelist hoac context""",GAYS
P4_working_as_intended,gays,gays,gáy,gays,0,1,ctx_fixes,-,degrades_vn,1,0,4,inflection_trap,high,"degrades_vn,""restore se mat 1 trong 2 duong go """"gáy""""; van go duoc bang duong khac. """"gay"""" an toan nhung dang bien cach ra tu tieng Viet """"gáy""""""",GAYS
P4_working_as_intended,hair,hair,hải,hair,0,1,ctx_fixes,-,degrades_vn,1,0,4,collision_vn_syllable,medium,"degrades_vn,""restore se mat 1 trong 2 duong go """"hải""""; van go duoc bang duong khac. ra syllable tieng Viet hop le """"hải""""""",
P4_working_as_intended,HAMS,HAMS,HÁM,HAMS,0,1,ctx_fixes,-,degrades_vn,1,0,4,inflection_trap_cased,high,"degrades_vn,""restore se mat 1 trong 2 duong go """"HÁM""""; van go duoc bang duong khac. bien the chu hoa cua """"hams""""; modifier key phai case-insensitive, output phai giu case goc""",
P4_working_as_intended,Hams,Hams,Hám,Hams,0,1,ctx_fixes,-,degrades_vn,1,0,4,inflection_trap_cased,high,"degrades_vn,""restore se mat 1 trong 2 duong go """"Hám""""; van go duoc bang duong khac. bien the chu hoa cua """"hams""""; modifier key phai case-insensitive, output phai giu case goc""",HAMS
P4_working_as_intended,hams,hams,hám,hams,0,1,ctx_fixes,-,degrades_vn,1,0,4,inflection_trap,high,"degrades_vn,""restore se mat 1 trong 2 duong go """"hám""""; van go duoc bang duong khac. """"ham"""" an toan nhung dang bien cach ra tu tieng Viet """"hám"""" (dang suy dien, khong co trong top-10k)""",HAMS
P4_working_as_intended,HANGS,HANGS,HÁNG,HANGS,0,1,ctx_fixes,-,degrades_vn,1,0,5,inflection_trap_cased,high,"degrades_vn,""restore se mat 1 trong 3 duong go """"HÁNG""""; van go duoc bang duong khac. bien the chu hoa cua """"hangs""""; modifier key phai case-insensitive, output phai giu case goc""",
P4_working_as_intended,Hangs,Hangs,Háng,Hangs,0,1,ctx_fixes,-,degrades_vn,1,0,5,inflection_trap_cased,high,"degrades_vn,""restore se mat 1 trong 3 duong go """"Háng""""; van go duoc bang duong khac. bien the chu hoa cua """"hangs""""; modifier key phai case-insensitive, output phai giu case goc""",HANGS
P4_working_as_intended,hangs,hangs,háng,hangs,0,1,ctx_fixes,-,degrades_vn,1,0,5,inflection_trap,high,"degrades_vn,""restore se mat 1 trong 3 duong go """"háng""""; van go duoc bang duong khac. """"hang"""" an toan nhung dang bien cach ra tu tieng Viet """"háng"""" (dang suy dien, khong co trong top-10k)""",HANGS
P4_working_as_intended,HANS,HANS,HÁN,HANS,0,1,ctx_fixes,-,degrades_vn,1,0,4,collision_vn_word_cased,high,"degrades_vn,""restore se mat 1 trong 2 duong go """"HÁN""""; van go duoc bang duong khac. bien the chu hoa cua """"hans""""; modifier key phai case-insensitive, output phai giu case goc""",
P4_working_as_intended,Hans,Hans,Hán,Hans,0,1,ctx_fixes,-,degrades_vn,1,0,4,collision_vn_word_cased,high,"degrades_vn,""restore se mat 1 trong 2 duong go """"Hán""""; van go duoc bang duong khac. bien the chu hoa cua """"hans""""; modifier key phai case-insensitive, output phai giu case goc""",HANS
P4_working_as_intended,hans,hans,hán,hans,0,1,ctx_fixes,-,degrades_vn,1,0,4,collision_vn_word,high,"degrades_vn,""restore se mat 1 trong 2 duong go """"hán""""; van go duoc bang duong khac. ra tu tieng Viet hop le """"hán""""; can whitelist hoac context""",HANS
P4_working_as_intended,harm,harm,hảm,harm,0,1,ctx_fixes,-,degrades_vn,1,0,4,collision_vn_syllable,medium,"degrades_vn,""restore se mat 1 trong 2 duong go """"hảm""""; van go duoc bang duong khac. ra syllable tieng Viet hop le """"hảm""""""",
P4_working_as_intended,HATS,HATS,HÁT,HATS,0,1,ctx_fixes,-,degrades_vn,1,0,4,collision_vn_word_cased,high,"degrades_vn,""restore se mat 1 trong 2 duong go """"HÁT""""; van go duoc bang duong khac. bien the chu hoa cua """"hats""""; modifier key phai case-insensitive, output phai giu case goc""",
P4_working_as_intended,Hats,Hats,Hát,Hats,0,1,ctx_fixes,-,degrades_vn,1,0,4,collision_vn_word_cased,high,"degrades_vn,""restore se mat 1 trong 2 duong go """"Hát""""; van go duoc bang duong khac. bien the chu hoa cua """"hats""""; modifier key phai case-insensitive, output phai giu case goc""",HATS
P4_working_as_intended,hats,hats,hát,hats,0,1,ctx_fixes,-,degrades_vn,1,0,4,collision_vn_word,high,"degrades_vn,""restore se mat 1 trong 2 duong go """"hát""""; van go duoc bang duong khac. ra tu tieng Viet hop le """"hát""""; can whitelist hoac context""",HATS
P4_working_as_intended,HAYS,HAYS,HÁY,HAYS,0,1,ctx_fixes,-,degrades_vn,1,0,4,inflection_trap_cased,high,"degrades_vn,""restore se mat 1 trong 2 duong go """"HÁY""""; van go duoc bang duong khac. bien the chu hoa cua """"hays""""; modifier key phai case-insensitive, output phai giu case goc""",
P4_working_as_intended,Hays,Hays,Háy,Hays,0,1,ctx_fixes,-,degrades_vn,1,0,4,inflection_trap_cased,high,"degrades_vn,""restore se mat 1 trong 2 duong go """"Háy""""; van go duoc bang duong khac. bien the chu hoa cua """"hays""""; modifier key phai case-insensitive, output phai giu case goc""",HAYS
P4_working_as_intended,hays,hays,háy,hays,0,1,ctx_fixes,-,degrades_vn,1,0,4,inflection_trap,high,"degrades_vn,""restore se mat 1 trong 2 duong go """"háy""""; van go duoc bang duong khac. """"hay"""" an toan nhung dang bien cach ra tu tieng Viet """"háy"""" (dang suy dien, khong co trong top-10k)""",HAYS
P4_working_as_intended,HEER,HEER,HỂ,HEER,0,1,ctx_fixes,-,degrades_vn,1,0,4,inflection_trap_cased,high,"degrades_vn,""restore se mat 1 trong 2 duong go """"HỂ""""; van go duoc bang duong khac. bien the chu hoa cua """"heer""""; modifier key phai case-insensitive, output phai giu case goc""",
P4_working_as_intended,Heer,Heer,Hể,Heer,0,1,ctx_fixes,-,degrades_vn,1,0,4,inflection_trap_cased,high,"degrades_vn,""restore se mat 1 trong 2 duong go """"Hể""""; van go duoc bang duong khac. bien the chu hoa cua """"heer""""; modifier key phai case-insensitive, output phai giu case goc""",HEER
P4_working_as_intended,heer,heer,hể,heer,0,1,ctx_fixes,-,degrades_vn,1,0,4,inflection_trap,high,"degrades_vn,""restore se mat 1 trong 2 duong go """"hể""""; van go duoc bang duong khac. """"he"""" an toan nhung dang bien cach ra tu tieng Viet """"hể"""" (dang suy dien, khong co trong top-10k)""",HEER
P4_working_as_intended,HEEST,HEEST,HẾT,HEEST,0,1,ctx_fixes,-,degrades_vn,1,0,5,inflection_trap_cased,high,"degrades_vn,""restore se mat 1 trong 3 duong go """"HẾT""""; van go duoc bang duong khac. bien the chu hoa cua """"heest""""; modifier key phai case-insensitive, output phai giu case goc""",
P4_working_as_intended,Heest,Heest,Hết,Heest,0,1,ctx_fixes,-,degrades_vn,1,0,5,inflection_trap_cased,high,"degrades_vn,""restore se mat 1 trong 3 duong go """"Hết""""; van go duoc bang duong khac. bien the chu hoa cua """"heest""""; modifier key phai case-insensitive, output phai giu case goc""",HEEST
P4_working_as_intended,heest,heest,hết,heest,0,1,ctx_fixes,-,degrades_vn,1,0,5,inflection_trap,high,"degrades_vn,""restore se mat 1 trong 3 duong go """"hết""""; van go duoc bang duong khac. """"he"""" an toan nhung dang bien cach ra tu tieng Viet """"hết"""" (dang suy dien, khong co trong top-10k)""",HEEST
P4_working_as_intended,HERE,HERE,HERE,HERE,1,1,ok_both,-,degrades_vn,1,1,4,collision_vn_word_cased,high,"degrades_vn,""restore se mat 1 trong 2 duong go """"HỂ""""; van go duoc bang duong khac. bien the chu hoa cua """"here""""; modifier key phai case-insensitive, output phai giu case goc""",
P4_working_as_intended,Here,Here,Here,Here,1,1,ok_both,-,degrades_vn,1,1,4,collision_vn_word_cased,high,"degrades_vn,""restore se mat 1 trong 2 duong go """"Hể""""; van go duoc bang duong khac. bien the chu hoa cua """"here""""; modifier key phai case-insensitive, output phai giu case goc""",HERE
P4_working_as_intended,here,here,here,here,1,1,ok_both,-,degrades_vn,1,1,4,collision_vn_word,high,"degrades_vn,""restore se mat 1 trong 2 duong go """"hể""""; van go duoc bang duong khac. ra tu tieng Viet hop le """"hể""""; can whitelist hoac context""",HERE
P4_working_as_intended,HERO,HERO,HẺO,HERO,0,1,ctx_fixes,-,degrades_vn,1,0,4,collision_vn_word_cased,high,"degrades_vn,""restore se mat 1 trong 2 duong go """"HẺO""""; van go duoc bang duong khac. bien the chu hoa cua """"hero""""; modifier key phai case-insensitive, output phai giu case goc""",
P4_working_as_intended,Hero,Hero,Hẻo,Hero,0,1,ctx_fixes,-,degrades_vn,1,0,4,collision_vn_word_cased,high,"degrades_vn,""restore se mat 1 trong 2 duong go """"Hẻo""""; van go duoc bang duong khac. bien the chu hoa cua """"hero""""; modifier key phai case-insensitive, output phai giu case goc""",HERO
P4_working_as_intended,hero,hero,hẻo,hero,0,1,ctx_fixes,-,degrades_vn,1,0,4,collision_vn_word,high,"degrades_vn,""restore se mat 1 trong 2 duong go """"hẻo""""; van go duoc bang duong khac. ra tu tieng Viet hop le """"hẻo""""; can whitelist hoac context""",HERO
P4_working_as_intended,HIST,HIST,HÍT,HIST,0,1,ctx_fixes,-,degrades_vn,1,0,4,collision_vn_word_cased,high,"degrades_vn,""restore se mat 1 trong 2 duong go """"HÍT""""; van go duoc bang duong khac. bien the chu hoa cua """"hist""""; modifier key phai case-insensitive, output phai giu case goc""",
P4_working_as_intended,Hist,Hist,Hít,Hist,0,1,ctx_fixes,-,degrades_vn,1,0,4,collision_vn_word_cased,high,"degrades_vn,""restore se mat 1 trong 2 duong go """"Hít""""; van go duoc bang duong khac. bien the chu hoa cua """"hist""""; modifier key phai case-insensitive, output phai giu case goc""",HIST
P4_working_as_intended,hist,hist,hít,hist,0,1,ctx_fixes,-,degrades_vn,1,0,4,collision_vn_word,high,"degrades_vn,""restore se mat 1 trong 2 duong go """"hít""""; van go duoc bang duong khac. ra tu tieng Viet hop le """"hít""""; can whitelist hoac context""",HIST
P4_working_as_intended,HITS,HITS,HÍT,HITS,0,1,ctx_fixes,-,degrades_vn,1,0,4,collision_vn_word_cased,high,"degrades_vn,""restore se mat 1 trong 2 duong go """"HÍT""""; van go duoc bang duong khac. bien the chu hoa cua """"hits""""; modifier key phai case-insensitive, output phai giu case goc""",
P4_working_as_intended,Hits,Hits,Hít,Hits,0,1,ctx_fixes,-,degrades_vn,1,0,4,collision_vn_word_cased,high,"degrades_vn,""restore se mat 1 trong 2 duong go """"Hít""""; van go duoc bang duong khac. bien the chu hoa cua """"hits""""; modifier key phai case-insensitive, output phai giu case goc""",HITS
P4_working_as_intended,hits,hits,hít,hits,0,1,ctx_fixes,-,degrades_vn,1,0,4,collision_vn_word,high,"degrades_vn,""restore se mat 1 trong 2 duong go """"hít""""; van go duoc bang duong khac. ra tu tieng Viet hop le """"hít""""; can whitelist hoac context""",HITS
P4_working_as_intended,HOEST,HOEST,HOÉT,HOEST,0,1,ctx_fixes,-,degrades_vn,1,0,5,inflection_trap_cased,high,"degrades_vn,""restore se mat 1 trong 3 duong go """"HOÉT""""; van go duoc bang duong khac. bien the chu hoa cua """"hoest""""; modifier key phai case-insensitive, output phai giu case goc""",
P4_working_as_intended,Hoest,Hoest,Hoét,Hoest,0,1,ctx_fixes,-,degrades_vn,1,0,5,inflection_trap_cased,high,"degrades_vn,""restore se mat 1 trong 3 duong go """"Hoét""""; van go duoc bang duong khac. bien the chu hoa cua """"hoest""""; modifier key phai case-insensitive, output phai giu case goc""",HOEST
P4_working_as_intended,hoest,hoest,hoét,hoest,0,1,ctx_fixes,-,degrades_vn,1,0,5,inflection_trap,high,"degrades_vn,""restore se mat 1 trong 3 duong go """"hoét""""; van go duoc bang duong khac. """"ho"""" an toan nhung dang bien cach ra tu tieng Viet """"hoét"""" (dang suy dien, khong co trong top-10k)""",HOEST
P4_working_as_intended,HONGS,HONGS,HÓNG,HONGS,0,1,ctx_fixes,-,degrades_vn,1,0,5,inflection_trap_cased,high,"degrades_vn,""restore se mat 1 trong 3 duong go """"HÓNG""""; van go duoc bang duong khac. bien the chu hoa cua """"hongs""""; modifier key phai case-insensitive, output phai giu case goc""",
P4_working_as_intended,Hongs,Hongs,Hóng,Hongs,0,1,ctx_fixes,-,degrades_vn,1,0,5,inflection_trap_cased,high,"degrades_vn,""restore se mat 1 trong 3 duong go """"Hóng""""; van go duoc bang duong khac. bien the chu hoa cua """"hongs""""; modifier key phai case-insensitive, output phai giu case goc""",HONGS
P4_working_as_intended,hongs,hongs,hóng,hongs,0,1,ctx_fixes,-,degrades_vn,1,0,5,inflection_trap,high,"degrades_vn,""restore se mat 1 trong 3 duong go """"hóng""""; van go duoc bang duong khac. """"hong"""" an toan nhung dang bien cach ra tu tieng Viet """"hóng"""" (dang suy dien, khong co trong top-10k)""",HONGS
P4_working_as_intended,HORN,HORN,HỎN,HORN,0,1,ctx_fixes,-,degrades_vn,1,0,4,collision_vn_word_cased,high,"degrades_vn,""restore se mat 1 trong 2 duong go """"HỎN""""; van go duoc bang duong khac. bien the chu hoa cua """"horn""""; modifier key phai case-insensitive, output phai giu case goc""",
P4_working_as_intended,Horn,Horn,Hỏn,Horn,0,1,ctx_fixes,-,degrades_vn,1,0,4,collision_vn_word_cased,high,"degrades_vn,""restore se mat 1 trong 2 duong go """"Hỏn""""; van go duoc bang duong khac. bien the chu hoa cua """"horn""""; modifier key phai case-insensitive, output phai giu case goc""",HORN
P4_working_as_intended,horn,horn,hỏn,horn,0,1,ctx_fixes,-,degrades_vn,1,0,4,collision_vn_word,high,"degrades_vn,""restore se mat 1 trong 2 duong go """"hỏn""""; van go duoc bang duong khac. ra tu tieng Viet hop le """"hỏn""""; can whitelist hoac context""",HORN
P4_working_as_intended,HOST,HOST,HOST,HOST,1,1,ok_both,-,degrades_vn,1,1,4,collision_vn_word_cased,high,"degrades_vn,""restore se mat 1 trong 2 duong go """"HÓT""""; van go duoc bang duong khac. bien the chu hoa cua """"host""""; modifier key phai case-insensitive, output phai giu case goc""",
P4_working_as_intended,Host,Host,Host,Host,1,1,ok_both,-,degrades_vn,1,1,4,collision_vn_word_cased,high,"degrades_vn,""restore se mat 1 trong 2 duong go """"Hót""""; van go duoc bang duong khac. bien the chu hoa cua """"host""""; modifier key phai case-insensitive, output phai giu case goc""",HOST
P4_working_as_intended,host,host,host,host,1,1,ok_both,-,degrades_vn,1,1,4,collision_vn_word,high,"degrades_vn,""restore se mat 1 trong 2 duong go """"hót""""; van go duoc bang duong khac. ra tu tieng Viet hop le """"hót""""; can whitelist hoac context""",HOST
P4_working_as_intended,HUNGS,HUNGS,HÚNG,HUNGS,0,1,ctx_fixes,-,degrades_vn,1,0,5,inflection_trap_cased,high,"degrades_vn,""restore se mat 1 trong 3 duong go """"HÚNG""""; van go duoc bang duong khac. bien the chu hoa cua """"hungs""""; modifier key phai case-insensitive, output phai giu case goc""",
P4_working_as_intended,Hungs,Hungs,Húng,Hungs,0,1,ctx_fixes,-,degrades_vn,1,0,5,inflection_trap_cased,high,"degrades_vn,""restore se mat 1 trong 3 duong go """"Húng""""; van go duoc bang duong khac. bien the chu hoa cua """"hungs""""; modifier key phai case-insensitive, output phai giu case goc""",HUNGS
P4_working_as_intended,hungs,hungs,húng,hungs,0,1,ctx_fixes,-,degrades_vn,1,0,5,inflection_trap,high,"degrades_vn,""restore se mat 1 trong 3 duong go """"húng""""; van go duoc bang duong khac. """"hung"""" an toan nhung dang bien cach ra tu tieng Viet """"húng"""" (dang suy dien, khong co trong top-10k)""",HUNGS
P4_working_as_intended,inf,inf,ìn,inf,0,1,ctx_fixes,-,degrades_vn,1,0,3,collision_vn_syllable,medium,"degrades_vn,""restore se mat 1 trong 2 duong go """"ìn""""; van go duoc bang duong khac. ra syllable tieng Viet hop le """"ìn""""""",
P4_working_as_intended,ins,ins,ín,ins,0,1,ctx_fixes,-,degrades_vn,1,0,3,collision_vn_syllable,medium,"degrades_vn,""restore se mat 1 trong 2 duong go """"ín""""; van go duoc bang duong khac. ra syllable tieng Viet hop le """"ín""""""",
P4_working_as_intended,IRA,IRA,ỈA,IRA,0,1,ctx_fixes,-,degrades_vn,1,0,3,collision_vn_word_cased,high,"degrades_vn,""restore se mat 1 trong 2 duong go """"ỈA""""; van go duoc bang duong khac. bien the chu hoa cua """"ira""""; modifier key phai case-insensitive, output phai giu case goc""",
P4_working_as_intended,Ira,Ira,Ỉa,Ira,0,1,ctx_fixes,-,degrades_vn,1,0,3,collision_vn_word_cased,high,"degrades_vn,""restore se mat 1 trong 2 duong go """"Ỉa""""; van go duoc bang duong khac. bien the chu hoa cua """"ira""""; modifier key phai case-insensitive, output phai giu case goc""",IRA
P4_working_as_intended,ira,ira,ỉa,ira,0,1,ctx_fixes,-,degrades_vn,1,0,3,collision_vn_word,high,"degrades_vn,""restore se mat 1 trong 2 duong go """"ỉa""""; van go duoc bang duong khac. ra tu tieng Viet hop le """"ỉa""""; can whitelist hoac context""",IRA
P4_working_as_intended,IST,IST,ÍT,IST,0,1,ctx_fixes,-,degrades_vn,1,0,3,collision_vn_word_cased,high,"degrades_vn,""restore se mat 1 trong 2 duong go """"ÍT""""; van go duoc bang duong khac. bien the chu hoa cua """"ist""""; modifier key phai case-insensitive, output phai giu case goc""",
P4_working_as_intended,Ist,Ist,Ít,Ist,0,1,ctx_fixes,-,degrades_vn,1,0,3,collision_vn_word_cased,high,"degrades_vn,""restore se mat 1 trong 2 duong go """"Ít""""; van go duoc bang duong khac. bien the chu hoa cua """"ist""""; modifier key phai case-insensitive, output phai giu case goc""",IST
P4_working_as_intended,ist,ist,ít,ist,0,1,ctx_fixes,-,degrades_vn,1,0,3,collision_vn_word,high,"degrades_vn,""restore se mat 1 trong 2 duong go """"ít""""; van go duoc bang duong khac. ra tu tieng Viet hop le """"ít""""; can whitelist hoac context""",IST
P4_working_as_intended,ITS,ITS,ÍT,ITS,0,1,ctx_fixes,-,degrades_vn,1,0,3,collision_vn_word_cased,high,"degrades_vn,""restore se mat 1 trong 2 duong go """"ÍT""""; van go duoc bang duong khac. bien the chu hoa cua """"its""""; modifier key phai case-insensitive, output phai giu case goc""",
P4_working_as_intended,Its,Its,Ít,Its,0,1,ctx_fixes,-,degrades_vn,1,0,3,collision_vn_word_cased,high,"degrades_vn,""restore se mat 1 trong 2 duong go """"Ít""""; van go duoc bang duong khac. bien the chu hoa cua """"its""""; modifier key phai case-insensitive, output phai giu case goc""",ITS
P4_working_as_intended,its,its,ít,its,0,1,ctx_fixes,-,degrades_vn,1,0,3,collision_vn_word,high,"degrades_vn,""restore se mat 1 trong 2 duong go """"ít""""; van go duoc bang duong khac. ra tu tieng Viet hop le """"ít""""; can whitelist hoac context""",ITS
P4_working_as_intended,KEEPS,KEEPS,KẾP,KEEPS,0,1,ctx_fixes,-,degrades_vn,1,0,5,collision_vn_word_cased,high,"degrades_vn,""restore se mat 1 trong 3 duong go """"KẾP""""; van go duoc bang duong khac. bien the chu hoa cua """"keeps""""; modifier key phai case-insensitive, output phai giu case goc""",
P4_working_as_intended,Keeps,Keeps,Kếp,Keeps,0,1,ctx_fixes,-,degrades_vn,1,0,5,collision_vn_word_cased,high,"degrades_vn,""restore se mat 1 trong 3 duong go """"Kếp""""; van go duoc bang duong khac. bien the chu hoa cua """"keeps""""; modifier key phai case-insensitive, output phai giu case goc""",KEEPS
P4_working_as_intended,keeps,keeps,kếp,keeps,0,1,ctx_fixes,-,degrades_vn,1,0,5,collision_vn_word,high,"degrades_vn,""restore se mat 1 trong 3 duong go """"kếp""""; van go duoc bang duong khac. ra tu tieng Viet hop le """"kếp""""; can whitelist hoac context""",KEEPS
P4_working_as_intended,KENS,KENS,KÉN,KENS,0,1,ctx_fixes,-,degrades_vn,1,0,4,inflection_trap_cased,high,"degrades_vn,""restore se mat 1 trong 2 duong go """"KÉN""""; van go duoc bang duong khac. bien the chu hoa cua """"kens""""; modifier key phai case-insensitive, output phai giu case goc""",
P4_working_as_intended,Kens,Kens,Kén,Kens,0,1,ctx_fixes,-,degrades_vn,1,0,4,inflection_trap_cased,high,"degrades_vn,""restore se mat 1 trong 2 duong go """"Kén""""; van go duoc bang duong khac. bien the chu hoa cua """"kens""""; modifier key phai case-insensitive, output phai giu case goc""",KENS
P4_working_as_intended,kens,kens,kén,kens,0,1,ctx_fixes,-,degrades_vn,1,0,4,inflection_trap,high,"degrades_vn,""restore se mat 1 trong 2 duong go """"kén""""; van go duoc bang duong khac. """"ken"""" an toan nhung dang bien cach ra tu tieng Viet """"kén"""" (dang suy dien, khong co trong top-10k)""",KENS
P4_working_as_intended,kits,kits,kits,kits,1,1,ok_both,-,degrades_vn,1,1,4,collision_vn_syllable,medium,"degrades_vn,""restore se mat 1 trong 2 duong go """"kít""""; van go duoc bang duong khac. ra syllable tieng Viet hop le """"kít""""""",
P4_working_as_intended,LANGS,LANGS,LÁNG,LANGS,0,1,ctx_fixes,-,degrades_vn,1,0,5,inflection_trap_cased,high,"degrades_vn,""restore se mat 1 trong 3 duong go """"LÁNG""""; van go duoc bang duong khac. bien the chu hoa cua """"langs""""; modifier key phai case-insensitive, output phai giu case goc""",
P4_working_as_intended,Langs,Langs,Láng,Langs,0,1,ctx_fixes,-,degrades_vn,1,0,5,inflection_trap_cased,high,"degrades_vn,""restore se mat 1 trong 3 duong go """"Láng""""; van go duoc bang duong khac. bien the chu hoa cua """"langs""""; modifier key phai case-insensitive, output phai giu case goc""",LANGS
P4_working_as_intended,langs,langs,láng,langs,0,1,ctx_fixes,-,degrades_vn,1,0,5,inflection_trap,high,"degrades_vn,""restore se mat 1 trong 3 duong go """"láng""""; van go duoc bang duong khac. """"lang"""" an toan nhung dang bien cach ra tu tieng Viet """"láng"""" (dang suy dien, khong co trong top-10k)""",LANGS
P4_working_as_intended,LANS,LANS,LÁN,LANS,0,1,ctx_fixes,-,degrades_vn,1,0,4,inflection_trap_cased,high,"degrades_vn,""restore se mat 1 trong 2 duong go """"LÁN""""; van go duoc bang duong khac. bien the chu hoa cua """"lans""""; modifier key phai case-insensitive, output phai giu case goc""",
P4_working_as_intended,Lans,Lans,Lán,Lans,0,1,ctx_fixes,-,degrades_vn,1,0,4,inflection_trap_cased,high,"degrades_vn,""restore se mat 1 trong 2 duong go """"Lán""""; van go duoc bang duong khac. bien the chu hoa cua """"lans""""; modifier key phai case-insensitive, output phai giu case goc""",LANS
P4_working_as_intended,lans,lans,lán,lans,0,1,ctx_fixes,-,degrades_vn,1,0,4,inflection_trap,high,"degrades_vn,""restore se mat 1 trong 2 duong go """"lán""""; van go duoc bang duong khac. """"lan"""" an toan nhung dang bien cach ra tu tieng Viet """"lán"""" (dang suy dien, khong co trong top-10k)""",LANS
P4_working_as_intended,LAOS,LAOS,LÁO,LAOS,0,1,ctx_fixes,-,degrades_vn,1,0,4,collision_vn_word_cased,high,"degrades_vn,""restore se mat 1 trong 2 duong go """"LÁO""""; van go duoc bang duong khac. bien the chu hoa cua """"laos""""; modifier key phai case-insensitive, output phai giu case goc""",
P4_working_as_intended,Laos,Laos,Láo,Laos,0,1,ctx_fixes,-,degrades_vn,1,0,4,collision_vn_word_cased,high,"degrades_vn,""restore se mat 1 trong 2 duong go """"Láo""""; van go duoc bang duong khac. bien the chu hoa cua """"laos""""; modifier key phai case-insensitive, output phai giu case goc""",LAOS
P4_working_as_intended,laos,laos,láo,laos,0,1,ctx_fixes,-,degrades_vn,1,0,4,collision_vn_word,high,"degrades_vn,""restore se mat 1 trong 2 duong go """"láo""""; van go duoc bang duong khac. ra tu tieng Viet hop le """"láo""""; can whitelist hoac context""",LAOS
P4_working_as_intended,LAST,LAST,LAST,LAST,1,1,ok_both,-,degrades_vn,1,1,4,collision_vn_word_cased,high,"degrades_vn,""restore se mat 1 trong 2 duong go """"LÁT""""; van go duoc bang duong khac. bien the chu hoa cua """"last""""; modifier key phai case-insensitive, output phai giu case goc""",
P4_working_as_intended,Last,Last,Last,Last,1,1,ok_both,-,degrades_vn,1,1,4,collision_vn_word_cased,high,"degrades_vn,""restore se mat 1 trong 2 duong go """"Lát""""; van go duoc bang duong khac. bien the chu hoa cua """"last""""; modifier key phai case-insensitive, output phai giu case goc""",LAST
P4_working_as_intended,last,last,last,last,1,1,ok_both,-,degrades_vn,1,1,4,collision_vn_word,high,"degrades_vn,""restore se mat 1 trong 2 duong go """"lát""""; van go duoc bang duong khac. ra tu tieng Viet hop le """"lát""""; can whitelist hoac context""",LAST
P4_working_as_intended,LATS,LATS,LÁT,LATS,0,1,ctx_fixes,-,degrades_vn,1,0,4,inflection_trap_cased,high,"degrades_vn,""restore se mat 1 trong 2 duong go """"LÁT""""; van go duoc bang duong khac. bien the chu hoa cua """"lats""""; modifier key phai case-insensitive, output phai giu case goc""",
P4_working_as_intended,Lats,Lats,Lát,Lats,0,1,ctx_fixes,-,degrades_vn,1,0,4,inflection_trap_cased,high,"degrades_vn,""restore se mat 1 trong 2 duong go """"Lát""""; van go duoc bang duong khac. bien the chu hoa cua """"lats""""; modifier key phai case-insensitive, output phai giu case goc""",LATS
P4_working_as_intended,lats,lats,lát,lats,0,1,ctx_fixes,-,degrades_vn,1,0,4,inflection_trap,high,"degrades_vn,""restore se mat 1 trong 2 duong go """"lát""""; van go duoc bang duong khac. """"lat"""" an toan nhung dang bien cach ra tu tieng Viet """"lát"""" (dang suy dien, khong co trong top-10k)""",LATS
P4_working_as_intended,LAYS,LAYS,LÁY,LAYS,0,1,ctx_fixes,-,degrades_vn,1,0,4,inflection_trap_cased,high,"degrades_vn,""restore se mat 1 trong 2 duong go """"LÁY""""; van go duoc bang duong khac. bien the chu hoa cua """"lays""""; modifier key phai case-insensitive, output phai giu case goc""",
P4_working_as_intended,Lays,Lays,Láy,Lays,0,1,ctx_fixes,-,degrades_vn,1,0,4,inflection_trap_cased,high,"degrades_vn,""restore se mat 1 trong 2 duong go """"Láy""""; van go duoc bang duong khac. bien the chu hoa cua """"lays""""; modifier key phai case-insensitive, output phai giu case goc""",LAYS
P4_working_as_intended,lays,lays,láy,lays,0,1,ctx_fixes,-,degrades_vn,1,0,4,inflection_trap,high,"degrades_vn,""restore se mat 1 trong 2 duong go """"láy""""; van go duoc bang duong khac. """"lay"""" an toan nhung dang bien cach ra tu tieng Viet """"láy"""" (dang suy dien, khong co trong top-10k)""",LAYS
P4_working_as_intended,LEER,LEER,LỂ,LEER,0,1,ctx_fixes,-,degrades_vn,1,0,4,inflection_trap_cased,high,"degrades_vn,""restore se mat 1 trong 2 duong go """"LỂ""""; van go duoc bang duong khac. bien the chu hoa cua """"leer""""; modifier key phai case-insensitive, output phai giu case goc""",
P4_working_as_intended,Leer,Leer,Lể,Leer,0,1,ctx_fixes,-,degrades_vn,1,0,4,inflection_trap_cased,high,"degrades_vn,""restore se mat 1 trong 2 duong go """"Lể""""; van go duoc bang duong khac. bien the chu hoa cua """"leer""""; modifier key phai case-insensitive, output phai giu case goc""",LEER
P4_working_as_intended,leer,leer,lể,leer,0,1,ctx_fixes,-,degrades_vn,1,0,4,inflection_trap,high,"degrades_vn,""restore se mat 1 trong 2 duong go """"lể""""; van go duoc bang duong khac. """"le"""" an toan nhung dang bien cach ra tu tieng Viet """"lể"""" (dang suy dien, khong co trong top-10k)""",LEER
P4_working_as_intended,LEEST,LEEST,LẾT,LEEST,0,1,ctx_fixes,-,degrades_vn,1,0,5,inflection_trap_cased,high,"degrades_vn,""restore se mat 1 trong 3 duong go """"LẾT""""; van go duoc bang duong khac. bien the chu hoa cua """"leest""""; modifier key phai case-insensitive, output phai giu case goc""",
P4_working_as_intended,Leest,Leest,Lết,Leest,0,1,ctx_fixes,-,degrades_vn,1,0,5,inflection_trap_cased,high,"degrades_vn,""restore se mat 1 trong 3 duong go """"Lết""""; van go duoc bang duong khac. bien the chu hoa cua """"leest""""; modifier key phai case-insensitive, output phai giu case goc""",LEEST
P4_working_as_intended,leest,leest,lết,leest,0,1,ctx_fixes,-,degrades_vn,1,0,5,inflection_trap,high,"degrades_vn,""restore se mat 1 trong 3 duong go """"lết""""; van go duoc bang duong khac. """"le"""" an toan nhung dang bien cach ra tu tieng Viet """"lết"""" (dang suy dien, khong co trong top-10k)""",LEEST
P4_working_as_intended,LENS,LENS,LÉN,LENS,0,1,ctx_fixes,-,degrades_vn,1,0,4,collision_vn_word_cased,high,"degrades_vn,""restore se mat 1 trong 2 duong go """"LÉN""""; van go duoc bang duong khac. bien the chu hoa cua """"lens""""; modifier key phai case-insensitive, output phai giu case goc""",
P4_working_as_intended,LENS,LENS,LÉN,LENS,0,1,ctx_fixes,-,degrades_vn,1,0,4,inflection_trap_cased,high,"degrades_vn,""restore se mat 1 trong 2 duong go """"LÉN""""; van go duoc bang duong khac. bien the chu hoa cua """"lens""""; modifier key phai case-insensitive, output phai giu case goc""",LENS
P4_working_as_intended,Lens,Lens,Lén,Lens,0,1,ctx_fixes,-,degrades_vn,1,0,4,collision_vn_word_cased,high,"degrades_vn,""restore se mat 1 trong 2 duong go """"Lén""""; van go duoc bang duong khac. bien the chu hoa cua """"lens""""; modifier key phai case-insensitive, output phai giu case goc""",LENS
P4_working_as_intended,Lens,Lens,Lén,Lens,0,1,ctx_fixes,-,degrades_vn,1,0,4,inflection_trap_cased,high,"degrades_vn,""restore se mat 1 trong 2 duong go """"Lén""""; van go duoc bang duong khac. bien the chu hoa cua """"lens""""; modifier key phai case-insensitive, output phai giu case goc""",LENS
P4_working_as_intended,lens,lens,lén,lens,0,1,ctx_fixes,-,degrades_vn,1,0,4,collision_vn_word,high,"degrades_vn,""restore se mat 1 trong 2 duong go """"lén""""; van go duoc bang duong khac. ra tu tieng Viet hop le """"lén""""; can whitelist hoac context""",LENS
P4_working_as_intended,lens,lens,lén,lens,0,1,ctx_fixes,-,degrades_vn,1,0,4,inflection_trap,high,"degrades_vn,""restore se mat 1 trong 2 duong go """"lén""""; van go duoc bang duong khac. """"len"""" an toan nhung dang bien cach ra tu tieng Viet """"lén""""""",LENS
P4_working_as_intended,LEOS,LEOS,LÉO,LEOS,0,1,ctx_fixes,-,degrades_vn,1,0,4,inflection_trap_cased,high,"degrades_vn,""restore se mat 1 trong 2 duong go """"LÉO""""; van go duoc bang duong khac. bien the chu hoa cua """"leos""""; modifier key phai case-insensitive, output phai giu case goc""",
P4_working_as_intended,Leos,Leos,Léo,Leos,0,1,ctx_fixes,-,degrades_vn,1,0,4,inflection_trap_cased,high,"degrades_vn,""restore se mat 1 trong 2 duong go """"Léo""""; van go duoc bang duong khac. bien the chu hoa cua """"leos""""; modifier key phai case-insensitive, output phai giu case goc""",LEOS
P4_working_as_intended,leos,leos,léo,leos,0,1,ctx_fixes,-,degrades_vn,1,0,4,inflection_trap,high,"degrades_vn,""restore se mat 1 trong 2 duong go """"léo""""; van go duoc bang duong khac. """"leo"""" an toan nhung dang bien cach ra tu tieng Viet """"léo"""" (dang suy dien, khong co trong top-10k)""",LEOS
P4_working_as_intended,LETS,LETS,LÉT,LETS,0,1,ctx_fixes,-,degrades_vn,1,0,4,collision_vn_word_cased,high,"degrades_vn,""restore se mat 1 trong 2 duong go """"LÉT""""; van go duoc bang duong khac. bien the chu hoa cua """"lets""""; modifier key phai case-insensitive, output phai giu case goc""",
P4_working_as_intended,Lets,Lets,Lét,Lets,0,1,ctx_fixes,-,degrades_vn,1,0,4,collision_vn_word_cased,high,"degrades_vn,""restore se mat 1 trong 2 duong go """"Lét""""; van go duoc bang duong khac. bien the chu hoa cua """"lets""""; modifier key phai case-insensitive, output phai giu case goc""",LETS
P4_working_as_intended,lets,lets,lét,lets,0,1,ctx_fixes,-,degrades_vn,1,0,4,collision_vn_word,high,"degrades_vn,""restore se mat 1 trong 2 duong go """"lét""""; van go duoc bang duong khac. ra tu tieng Viet hop le """"lét""""; can whitelist hoac context""",LETS
P4_working_as_intended,LIPS,LIPS,LÍP,LIPS,0,1,ctx_fixes,-,degrades_vn,1,0,4,collision_vn_word_cased,high,"degrades_vn,""restore se mat 1 trong 2 duong go """"LÍP""""; van go duoc bang duong khac. bien the chu hoa cua """"lips""""; modifier key phai case-insensitive, output phai giu case goc""",
P4_working_as_intended,Lips,Lips,Líp,Lips,0,1,ctx_fixes,-,degrades_vn,1,0,4,collision_vn_word_cased,high,"degrades_vn,""restore se mat 1 trong 2 duong go """"Líp""""; van go duoc bang duong khac. bien the chu hoa cua """"lips""""; modifier key phai case-insensitive, output phai giu case goc""",LIPS
P4_working_as_intended,lips,lips,líp,lips,0,1,ctx_fixes,-,degrades_vn,1,0,4,collision_vn_word,high,"degrades_vn,""restore se mat 1 trong 2 duong go """"líp""""; van go duoc bang duong khac. ra tu tieng Viet hop le """"líp""""; can whitelist hoac context""",LIPS
P4_working_as_intended,LISA,LISA,LÍA,LISA,0,1,ctx_fixes,-,degrades_vn,1,0,4,collision_vn_word_cased,high,"degrades_vn,""restore se mat 1 trong 2 duong go """"LÍA""""; van go duoc bang duong khac. bien the chu hoa cua """"lisa""""; modifier key phai case-insensitive, output phai giu case goc""",
P4_working_as_intended,Lisa,Lisa,Lía,Lisa,0,1,ctx_fixes,-,degrades_vn,1,0,4,collision_vn_word_cased,high,"degrades_vn,""restore se mat 1 trong 2 duong go """"Lía""""; van go duoc bang duong khac. bien the chu hoa cua """"lisa""""; modifier key phai case-insensitive, output phai giu case goc""",LISA
P4_working_as_intended,lisa,lisa,lía,lisa,0,1,ctx_fixes,-,degrades_vn,1,0,4,collision_vn_word,high,"degrades_vn,""restore se mat 1 trong 2 duong go """"lía""""; van go duoc bang duong khac. ra tu tieng Viet hop le """"lía""""; can whitelist hoac context""",LISA
P4_working_as_intended,LIST,LIST,LIST,LIST,1,1,ok_both,-,degrades_vn,1,1,4,collision_vn_word_cased,high,"degrades_vn,""restore se mat 1 trong 2 duong go """"LÍT""""; van go duoc bang duong khac. bien the chu hoa cua """"list""""; modifier key phai case-insensitive, output phai giu case goc""",
P4_working_as_intended,List,List,List,List,1,1,ok_both,-,degrades_vn,1,1,4,collision_vn_word_cased,high,"degrades_vn,""restore se mat 1 trong 2 duong go """"Lít""""; van go duoc bang duong khac. bien the chu hoa cua """"list""""; modifier key phai case-insensitive, output phai giu case goc""",LIST
P4_working_as_intended,list,list,list,list,1,1,ok_both,-,degrades_vn,1,1,4,collision_vn_word,high,"degrades_vn,""restore se mat 1 trong 2 duong go """"lít""""; van go duoc bang duong khac. ra tu tieng Viet hop le """"lít""""; can whitelist hoac context""",LIST
P4_working_as_intended,LOANS,LOANS,LOANS,LOANS,1,1,ok_both,-,degrades_vn,1,1,5,collision_vn_word_cased,high,"degrades_vn,""restore se mat 1 trong 3 duong go """"LOÁN""""; van go duoc bang duong khac. bien the chu hoa cua """"loans""""; modifier key phai case-insensitive, output phai giu case goc""",
P4_working_as_intended,LOANS,LOANS,LOANS,LOANS,1,1,ok_both,-,degrades_vn,1,1,5,inflection_trap_cased,high,"degrades_vn,""restore se mat 1 trong 3 duong go """"LOÁN""""; van go duoc bang duong khac. bien the chu hoa cua """"loans""""; modifier key phai case-insensitive, output phai giu case goc""",LOANS
P4_working_as_intended,Loans,Loans,Loans,Loans,1,1,ok_both,-,degrades_vn,1,1,5,collision_vn_word_cased,high,"degrades_vn,""restore se mat 1 trong 3 duong go """"Loán""""; van go duoc bang duong khac. bien the chu hoa cua """"loans""""; modifier key phai case-insensitive, output phai giu case goc""",LOANS
P4_working_as_intended,Loans,Loans,Loans,Loans,1,1,ok_both,-,degrades_vn,1,1,5,inflection_trap_cased,high,"degrades_vn,""restore se mat 1 trong 3 duong go """"Loán""""; van go duoc bang duong khac. bien the chu hoa cua """"loans""""; modifier key phai case-insensitive, output phai giu case goc""",LOANS
P4_working_as_intended,loans,loans,loans,loans,1,1,ok_both,-,degrades_vn,1,1,5,collision_vn_word,high,"degrades_vn,""restore se mat 1 trong 3 duong go """"loán""""; van go duoc bang duong khac. ra tu tieng Viet hop le """"loán""""; can whitelist hoac context""",LOANS
P4_working_as_intended,loans,loans,loans,loans,1,1,ok_both,-,degrades_vn,1,1,5,inflection_trap,high,"degrades_vn,""restore se mat 1 trong 3 duong go """"loán""""; van go duoc bang duong khac. """"loan"""" an toan nhung dang bien cach ra tu tieng Viet """"loán""""""",LOANS
P4_working_as_intended,LOES,LOES,LÓE,LOES,0,1,ctx_fixes,-,degrades_vn,1,0,4,inflection_trap_cased,high,"degrades_vn,""restore se mat 1 trong 2 duong go """"LOÉ""""; van go duoc bang duong khac. bien the chu hoa cua """"loes""""; modifier key phai case-insensitive, output phai giu case goc""",
P4_working_as_intended,Loes,Loes,Lóe,Loes,0,1,ctx_fixes,-,degrades_vn,1,0,4,inflection_trap_cased,high,"degrades_vn,""restore se mat 1 trong 2 duong go """"Loé""""; van go duoc bang duong khac. bien the chu hoa cua """"loes""""; modifier key phai case-insensitive, output phai giu case goc""",LOES
P4_working_as_intended,loes,loes,lóe,loes,0,1,ctx_fixes,-,degrades_vn,1,0,4,inflection_trap,high,"degrades_vn,""restore se mat 1 trong 2 duong go """"loé""""; van go duoc bang duong khac. """"lo"""" an toan nhung dang bien cach ra tu tieng Viet """"loé"""" (dang suy dien, khong co trong top-10k)""",LOES
P4_working_as_intended,LOEST,LOEST,LOÉT,LOEST,0,1,ctx_fixes,-,degrades_vn,1,0,5,inflection_trap_cased,high,"degrades_vn,""restore se mat 1 trong 3 duong go """"LOÉT""""; van go duoc bang duong khac. bien the chu hoa cua """"loest""""; modifier key phai case-insensitive, output phai giu case goc""",
P4_working_as_intended,Loest,Loest,Loét,Loest,0,1,ctx_fixes,-,degrades_vn,1,0,5,inflection_trap_cased,high,"degrades_vn,""restore se mat 1 trong 3 duong go """"Loét""""; van go duoc bang duong khac. bien the chu hoa cua """"loest""""; modifier key phai case-insensitive, output phai giu case goc""",LOEST
P4_working_as_intended,loest,loest,loét,loest,0,1,ctx_fixes,-,degrades_vn,1,0,5,inflection_trap,high,"degrades_vn,""restore se mat 1 trong 3 duong go """"loét""""; van go duoc bang duong khac. """"lo"""" an toan nhung dang bien cach ra tu tieng Viet """"loét"""" (dang suy dien, khong co trong top-10k)""",LOEST
P4_working_as_intended,LONGS,LONGS,LÓNG,LONGS,0,1,ctx_fixes,-,degrades_vn,1,0,5,inflection_trap_cased,high,"degrades_vn,""restore se mat 1 trong 3 duong go """"LÓNG""""; van go duoc bang duong khac. bien the chu hoa cua """"longs""""; modifier key phai case-insensitive, output phai giu case goc""",
P4_working_as_intended,Longs,Longs,Lóng,Longs,0,1,ctx_fixes,-,degrades_vn,1,0,5,inflection_trap_cased,high,"degrades_vn,""restore se mat 1 trong 3 duong go """"Lóng""""; van go duoc bang duong khac. bien the chu hoa cua """"longs""""; modifier key phai case-insensitive, output phai giu case goc""",LONGS
P4_working_as_intended,longs,longs,lóng,longs,0,1,ctx_fixes,-,degrades_vn,1,0,5,inflection_trap,high,"degrades_vn,""restore se mat 1 trong 3 duong go """"lóng""""; van go duoc bang duong khac. """"long"""" an toan nhung dang bien cach ra tu tieng Viet """"lóng"""" (dang suy dien, khong co trong top-10k)""",LONGS
P4_working_as_intended,LOOPS,LOOPS,LỐP,LOOPS,0,1,ctx_fixes,-,degrades_vn,1,0,5,collision_vn_word_cased,high,"degrades_vn,""restore se mat 1 trong 3 duong go """"LỐP""""; van go duoc bang duong khac. bien the chu hoa cua """"loops""""; modifier key phai case-insensitive, output phai giu case goc""",
P4_working_as_intended,Loops,Loops,Lốp,Loops,0,1,ctx_fixes,-,degrades_vn,1,0,5,collision_vn_word_cased,high,"degrades_vn,""restore se mat 1 trong 3 duong go """"Lốp""""; van go duoc bang duong khac. bien the chu hoa cua """"loops""""; modifier key phai case-insensitive, output phai giu case goc""",LOOPS
P4_working_as_intended,loops,loops,lốp,loops,0,1,ctx_fixes,-,degrades_vn,1,0,5,collision_vn_word,high,"degrades_vn,""restore se mat 1 trong 3 duong go """"lốp""""; van go duoc bang duong khac. ra tu tieng Viet hop le """"lốp""""; can whitelist hoac context""",LOOPS
P4_working_as_intended,LOSE,LOSE,LOSE,LOSE,1,1,ok_both,-,degrades_vn,1,1,4,collision_vn_word_cased,high,"degrades_vn,""restore se mat 1 trong 2 duong go """"LOÉ""""; van go duoc bang duong khac. bien the chu hoa cua """"lose""""; modifier key phai case-insensitive, output phai giu case goc""",
P4_working_as_intended,Lose,Lose,Lose,Lose,1,1,ok_both,-,degrades_vn,1,1,4,collision_vn_word_cased,high,"degrades_vn,""restore se mat 1 trong 2 duong go """"Loé""""; van go duoc bang duong khac. bien the chu hoa cua """"lose""""; modifier key phai case-insensitive, output phai giu case goc""",LOSE
P4_working_as_intended,lose,lose,lose,lose,1,1,ok_both,-,degrades_vn,1,1,4,collision_vn_word,high,"degrades_vn,""restore se mat 1 trong 2 duong go """"loé""""; van go duoc bang duong khac. ra tu tieng Viet hop le """"loé""""; can whitelist hoac context""",LOSE
P4_working_as_intended,LOST,LOST,LÓT,LOST,0,1,ctx_fixes,-,degrades_vn,1,0,4,collision_vn_word_cased,high,"degrades_vn,""restore se mat 1 trong 2 duong go """"LÓT""""; van go duoc bang duong khac. bien the chu hoa cua """"lost""""; modifier key phai case-insensitive, output phai giu case goc""",
P4_working_as_intended,Lost,Lost,Lót,Lost,0,1,ctx_fixes,-,degrades_vn,1,0,4,collision_vn_word_cased,high,"degrades_vn,""restore se mat 1 trong 2 duong go """"Lót""""; van go duoc bang duong khac. bien the chu hoa cua """"lost""""; modifier key phai case-insensitive, output phai giu case goc""",LOST
P4_working_as_intended,lost,lost,lót,lost,0,1,ctx_fixes,-,degrades_vn,1,0,4,collision_vn_word,high,"degrades_vn,""restore se mat 1 trong 2 duong go """"lót""""; van go duoc bang duong khac. ra tu tieng Viet hop le """"lót""""; can whitelist hoac context""",LOST
P4_working_as_intended,LOTS,LOTS,LÓT,LOTS,0,1,ctx_fixes,-,degrades_vn,1,0,4,collision_vn_word_cased,high,"degrades_vn,""restore se mat 1 trong 2 duong go """"LÓT""""; van go duoc bang duong khac. bien the chu hoa cua """"lots""""; modifier key phai case-insensitive, output phai giu case goc""",
P4_working_as_intended,Lots,Lots,Lót,Lots,0,1,ctx_fixes,-,degrades_vn,1,0,4,collision_vn_word_cased,high,"degrades_vn,""restore se mat 1 trong 2 duong go """"Lót""""; van go duoc bang duong khac. bien the chu hoa cua """"lots""""; modifier key phai case-insensitive, output phai giu case goc""",LOTS
P4_working_as_intended,lots,lots,lót,lots,0,1,ctx_fixes,-,degrades_vn,1,0,4,collision_vn_word,high,"degrades_vn,""restore se mat 1 trong 2 duong go """"lót""""; van go duoc bang duong khac. ra tu tieng Viet hop le """"lót""""; can whitelist hoac context""",LOTS
P4_working_as_intended,luis,luis,lúi,luis,0,1,ctx_fixes,-,degrades_vn,1,0,4,collision_vn_syllable,medium,"degrades_vn,""restore se mat 1 trong 2 duong go """"lúi""""; van go duoc bang duong khac. ra syllable tieng Viet hop le """"lúi""""""",
P4_working_as_intended,MAIS,MAIS,MÁI,MAIS,0,1,ctx_fixes,-,degrades_vn,1,0,4,inflection_trap_cased,high,"degrades_vn,""restore se mat 1 trong 2 duong go """"MÁI""""; van go duoc bang duong khac. bien the chu hoa cua """"mais""""; modifier key phai case-insensitive, output phai giu case goc""",
P4_working_as_intended,Mais,Mais,Mái,Mais,0,1,ctx_fixes,-,degrades_vn,1,0,4,inflection_trap_cased,high,"degrades_vn,""restore se mat 1 trong 2 duong go """"Mái""""; van go duoc bang duong khac. bien the chu hoa cua """"mais""""; modifier key phai case-insensitive, output phai giu case goc""",MAIS
P4_working_as_intended,mais,mais,mái,mais,0,1,ctx_fixes,-,degrades_vn,1,0,4,inflection_trap,high,"degrades_vn,""restore se mat 1 trong 2 duong go """"mái""""; van go duoc bang duong khac. """"mai"""" an toan nhung dang bien cach ra tu tieng Viet """"mái"""" (dang suy dien, khong co trong top-10k)""",MAIS
P4_working_as_intended,MANS,MANS,MÁN,MANS,0,1,ctx_fixes,-,degrades_vn,1,0,4,inflection_trap_cased,high,"degrades_vn,""restore se mat 1 trong 2 duong go """"MÁN""""; van go duoc bang duong khac. bien the chu hoa cua """"mans""""; modifier key phai case-insensitive, output phai giu case goc""",
P4_working_as_intended,Mans,Mans,Mán,Mans,0,1,ctx_fixes,-,degrades_vn,1,0,4,inflection_trap_cased,high,"degrades_vn,""restore se mat 1 trong 2 duong go """"Mán""""; van go duoc bang duong khac. bien the chu hoa cua """"mans""""; modifier key phai case-insensitive, output phai giu case goc""",MANS
P4_working_as_intended,mans,mans,mán,mans,0,1,ctx_fixes,-,degrades_vn,1,0,4,inflection_trap,high,"degrades_vn,""restore se mat 1 trong 2 duong go """"mán""""; van go duoc bang duong khac. """"man"""" an toan nhung dang bien cach ra tu tieng Viet """"mán"""" (dang suy dien, khong co trong top-10k)""",MANS
P4_working_as_intended,MARY,MARY,MARY,MARY,1,1,ok_both,-,degrades_vn,1,1,4,collision_vn_word_cased,high,"degrades_vn,""restore se mat 1 trong 2 duong go """"MẢY""""; van go duoc bang duong khac. bien the chu hoa cua """"mary""""; modifier key phai case-insensitive, output phai giu case goc""",
P4_working_as_intended,Mary,Mary,Mary,Mary,1,1,ok_both,-,degrades_vn,1,1,4,collision_vn_word_cased,high,"degrades_vn,""restore se mat 1 trong 2 duong go """"Mảy""""; van go duoc bang duong khac. bien the chu hoa cua """"mary""""; modifier key phai case-insensitive, output phai giu case goc""",MARY
P4_working_as_intended,mary,mary,mary,mary,1,1,ok_both,-,degrades_vn,1,1,4,collision_vn_word,high,"degrades_vn,""restore se mat 1 trong 2 duong go """"mảy""""; van go duoc bang duong khac. ra tu tieng Viet hop le """"mảy""""; can whitelist hoac context""",MARY
P4_working_as_intended,MATS,MATS,MÁT,MATS,0,1,ctx_fixes,-,degrades_vn,1,0,4,collision_vn_word_cased,high,"degrades_vn,""restore se mat 1 trong 2 duong go """"MÁT""""; van go duoc bang duong khac. bien the chu hoa cua """"mats""""; modifier key phai case-insensitive, output phai giu case goc""",
P4_working_as_intended,Mats,Mats,Mát,Mats,0,1,ctx_fixes,-,degrades_vn,1,0,4,collision_vn_word_cased,high,"degrades_vn,""restore se mat 1 trong 2 duong go """"Mát""""; van go duoc bang duong khac. bien the chu hoa cua """"mats""""; modifier key phai case-insensitive, output phai giu case goc""",MATS
P4_working_as_intended,mats,mats,mát,mats,0,1,ctx_fixes,-,degrades_vn,1,0,4,collision_vn_word,high,"degrades_vn,""restore se mat 1 trong 2 duong go """"mát""""; van go duoc bang duong khac. ra tu tieng Viet hop le """"mát""""; can whitelist hoac context""",MATS
P4_working_as_intended,MAYS,MAYS,MÁY,MAYS,0,1,ctx_fixes,-,degrades_vn,1,0,4,inflection_trap_cased,high,"degrades_vn,""restore se mat 1 trong 2 duong go """"MÁY""""; van go duoc bang duong khac. bien the chu hoa cua """"mays""""; modifier key phai case-insensitive, output phai giu case goc""",
P4_working_as_intended,Mays,Mays,Máy,Mays,0,1,ctx_fixes,-,degrades_vn,1,0,4,inflection_trap_cased,high,"degrades_vn,""restore se mat 1 trong 2 duong go """"Máy""""; van go duoc bang duong khac. bien the chu hoa cua """"mays""""; modifier key phai case-insensitive, output phai giu case goc""",MAYS
P4_working_as_intended,mays,mays,máy,mays,0,1,ctx_fixes,-,degrades_vn,1,0,4,inflection_trap,high,"degrades_vn,""restore se mat 1 trong 2 duong go """"máy""""; van go duoc bang duong khac. """"may"""" an toan nhung dang bien cach ra tu tieng Viet """"máy"""" (dang suy dien, khong co trong top-10k)""",MAYS
P4_working_as_intended,MEEST,MEEST,MẾT,MEEST,0,1,ctx_fixes,-,degrades_vn,1,0,5,inflection_trap_cased,high,"degrades_vn,""restore se mat 1 trong 3 duong go """"MẾT""""; van go duoc bang duong khac. bien the chu hoa cua """"meest""""; modifier key phai case-insensitive, output phai giu case goc""",
P4_working_as_intended,Meest,Meest,Mết,Meest,0,1,ctx_fixes,-,degrades_vn,1,0,5,inflection_trap_cased,high,"degrades_vn,""restore se mat 1 trong 3 duong go """"Mết""""; van go duoc bang duong khac. bien the chu hoa cua """"meest""""; modifier key phai case-insensitive, output phai giu case goc""",MEEST
P4_working_as_intended,meest,meest,mết,meest,0,1,ctx_fixes,-,degrades_vn,1,0,5,inflection_trap,high,"degrades_vn,""restore se mat 1 trong 3 duong go """"mết""""; van go duoc bang duong khac. """"me"""" an toan nhung dang bien cach ra tu tieng Viet """"mết"""" (dang suy dien, khong co trong top-10k)""",MEEST
P4_working_as_intended,MEETS,MEETS,MEETS,MEETS,1,1,ok_both,-,degrades_vn,1,1,5,collision_vn_word_cased,high,"degrades_vn,""restore se mat 1 trong 3 duong go """"MẾT""""; van go duoc bang duong khac. bien the chu hoa cua """"meets""""; modifier key phai case-insensitive, output phai giu case goc""",
P4_working_as_intended,Meets,Meets,Meets,Meets,1,1,ok_both,-,degrades_vn,1,1,5,collision_vn_word_cased,high,"degrades_vn,""restore se mat 1 trong 3 duong go """"Mết""""; van go duoc bang duong khac. bien the chu hoa cua """"meets""""; modifier key phai case-insensitive, output phai giu case goc""",MEETS
P4_working_as_intended,meets,meets,meets,meets,1,1,ok_both,-,degrades_vn,1,1,5,collision_vn_word,high,"degrades_vn,""restore se mat 1 trong 3 duong go """"mết""""; van go duoc bang duong khac. ra tu tieng Viet hop le """"mết""""; can whitelist hoac context""",MEETS
P4_working_as_intended,MENS,MENS,MENS,MENS,1,1,ok_both,-,degrades_vn,1,1,4,collision_vn_word_cased,high,"degrades_vn,""restore se mat 1 trong 2 duong go """"MÉN""""; van go duoc bang duong khac. bien the chu hoa cua """"mens""""; modifier key phai case-insensitive, output phai giu case goc""",
P4_working_as_intended,MENS,MENS,MENS,MENS,1,1,ok_both,-,degrades_vn,1,1,4,inflection_trap_cased,high,"degrades_vn,""restore se mat 1 trong 2 duong go """"MÉN""""; van go duoc bang duong khac. bien the chu hoa cua """"mens""""; modifier key phai case-insensitive, output phai giu case goc""",MENS
P4_working_as_intended,Mens,Mens,Mens,Mens,1,1,ok_both,-,degrades_vn,1,1,4,collision_vn_word_cased,high,"degrades_vn,""restore se mat 1 trong 2 duong go """"Mén""""; van go duoc bang duong khac. bien the chu hoa cua """"mens""""; modifier key phai case-insensitive, output phai giu case goc""",MENS
P4_working_as_intended,Mens,Mens,Mens,Mens,1,1,ok_both,-,degrades_vn,1,1,4,inflection_trap_cased,high,"degrades_vn,""restore se mat 1 trong 2 duong go """"Mén""""; van go duoc bang duong khac. bien the chu hoa cua """"mens""""; modifier key phai case-insensitive, output phai giu case goc""",MENS
P4_working_as_intended,mens,mens,mens,mens,1,1,ok_both,-,degrades_vn,1,1,4,collision_vn_word,high,"degrades_vn,""restore se mat 1 trong 2 duong go """"mén""""; van go duoc bang duong khac. ra tu tieng Viet hop le """"mén""""; can whitelist hoac context""",MENS
P4_working_as_intended,mens,mens,mens,mens,1,1,ok_both,-,degrades_vn,1,1,4,inflection_trap,high,"degrades_vn,""restore se mat 1 trong 2 duong go """"mén""""; van go duoc bang duong khac. """"men"""" an toan nhung dang bien cach ra tu tieng Viet """"mén""""""",MENS
P4_working_as_intended,mere,mere,mể,mere,0,1,ctx_fixes,-,degrades_vn,1,0,4,collision_vn_syllable,medium,"degrades_vn,""restore se mat 1 trong 2 duong go """"mể""""; van go duoc bang duong khac. ra syllable tieng Viet hop le """"mể""""""",
P4_working_as_intended,MIAS,MIAS,MÍA,MIAS,0,1,ctx_fixes,-,degrades_vn,1,0,4,inflection_trap_cased,high,"degrades_vn,""restore se mat 1 trong 2 duong go """"MÍA""""; van go duoc bang duong khac. bien the chu hoa cua """"mias""""; modifier key phai case-insensitive, output phai giu case goc""",
P4_working_as_intended,Mias,Mias,Mía,Mias,0,1,ctx_fixes,-,degrades_vn,1,0,4,inflection_trap_cased,high,"degrades_vn,""restore se mat 1 trong 2 duong go """"Mía""""; van go duoc bang duong khac. bien the chu hoa cua """"mias""""; modifier key phai case-insensitive, output phai giu case goc""",MIAS
P4_working_as_intended,mias,mias,mía,mias,0,1,ctx_fixes,-,degrades_vn,1,0,4,inflection_trap,high,"degrades_vn,""restore se mat 1 trong 2 duong go """"mía""""; van go duoc bang duong khac. """"mia"""" an toan nhung dang bien cach ra tu tieng Viet """"mía"""" (dang suy dien, khong co trong top-10k)""",MIAS
P4_working_as_intended,MOMS,MOMS,MÓM,MOMS,0,1,ctx_fixes,-,degrades_vn,1,0,4,collision_vn_word_cased,high,"degrades_vn,""restore se mat 1 trong 2 duong go """"MÓM""""; van go duoc bang duong khac. bien the chu hoa cua """"moms""""; modifier key phai case-insensitive, output phai giu case goc""",
P4_working_as_intended,MOMS,MOMS,MÓM,MOMS,0,1,ctx_fixes,-,degrades_vn,1,0,4,inflection_trap_cased,high,"degrades_vn,""restore se mat 1 trong 2 duong go """"MÓM""""; van go duoc bang duong khac. bien the chu hoa cua """"moms""""; modifier key phai case-insensitive, output phai giu case goc""",MOMS
P4_working_as_intended,Moms,Moms,Móm,Moms,0,1,ctx_fixes,-,degrades_vn,1,0,4,collision_vn_word_cased,high,"degrades_vn,""restore se mat 1 trong 2 duong go """"Móm""""; van go duoc bang duong khac. bien the chu hoa cua """"moms""""; modifier key phai case-insensitive, output phai giu case goc""",MOMS
P4_working_as_intended,Moms,Moms,Móm,Moms,0,1,ctx_fixes,-,degrades_vn,1,0,4,inflection_trap_cased,high,"degrades_vn,""restore se mat 1 trong 2 duong go """"Móm""""; van go duoc bang duong khac. bien the chu hoa cua """"moms""""; modifier key phai case-insensitive, output phai giu case goc""",MOMS
P4_working_as_intended,moms,moms,móm,moms,0,1,ctx_fixes,-,degrades_vn,1,0,4,collision_vn_word,high,"degrades_vn,""restore se mat 1 trong 2 duong go """"móm""""; van go duoc bang duong khac. ra tu tieng Viet hop le """"móm""""; can whitelist hoac context""",MOMS
P4_working_as_intended,moms,moms,móm,moms,0,1,ctx_fixes,-,degrades_vn,1,0,4,inflection_trap,high,"degrades_vn,""restore se mat 1 trong 2 duong go """"móm""""; van go duoc bang duong khac. """"mom"""" an toan nhung dang bien cach ra tu tieng Viet """"móm""""""",MOMS
P4_working_as_intended,MOST,MOST,MOST,MOST,1,1,ok_both,-,degrades_vn,1,1,4,collision_vn_word_cased,high,"degrades_vn,""restore se mat 1 trong 2 duong go """"MÓT""""; van go duoc bang duong khac. bien the chu hoa cua """"most""""; modifier key phai case-insensitive, output phai giu case goc""",
P4_working_as_intended,Most,Most,Most,Most,1,1,ok_both,-,degrades_vn,1,1,4,collision_vn_word_cased,high,"degrades_vn,""restore se mat 1 trong 2 duong go """"Mót""""; van go duoc bang duong khac. bien the chu hoa cua """"most""""; modifier key phai case-insensitive, output phai giu case goc""",MOST
P4_working_as_intended,most,most,most,most,1,1,ok_both,-,degrades_vn,1,1,4,collision_vn_word,high,"degrades_vn,""restore se mat 1 trong 2 duong go """"mót""""; van go duoc bang duong khac. ra tu tieng Viet hop le """"mót""""; can whitelist hoac context""",MOST
P4_working_as_intended,MUST,MUST,MUST,MUST,1,1,ok_both,-,degrades_vn,1,1,4,collision_vn_word_cased,high,"degrades_vn,""restore se mat 1 trong 2 duong go """"MÚT""""; van go duoc bang duong khac. bien the chu hoa cua """"must""""; modifier key phai case-insensitive, output phai giu case goc""",
P4_working_as_intended,Must,Must,Must,Must,1,1,ok_both,-,degrades_vn,1,1,4,collision_vn_word_cased,high,"degrades_vn,""restore se mat 1 trong 2 duong go """"Mút""""; van go duoc bang duong khac. bien the chu hoa cua """"must""""; modifier key phai case-insensitive, output phai giu case goc""",MUST
P4_working_as_intended,must,must,must,must,1,1,ok_both,-,degrades_vn,1,1,4,collision_vn_word,high,"degrades_vn,""restore se mat 1 trong 2 duong go """"mút""""; van go duoc bang duong khac. ra tu tieng Viet hop le """"mút""""; can whitelist hoac context""",MUST
P4_working_as_intended,NAMS,NAMS,NÁM,NAMS,0,1,ctx_fixes,-,degrades_vn,1,0,4,inflection_trap_cased,high,"degrades_vn,""restore se mat 1 trong 2 duong go """"NÁM""""; van go duoc bang duong khac. bien the chu hoa cua """"nams""""; modifier key phai case-insensitive, output phai giu case goc""",
P4_working_as_intended,Nams,Nams,Nám,Nams,0,1,ctx_fixes,-,degrades_vn,1,0,4,inflection_trap_cased,high,"degrades_vn,""restore se mat 1 trong 2 duong go """"Nám""""; van go duoc bang duong khac. bien the chu hoa cua """"nams""""; modifier key phai case-insensitive, output phai giu case goc""",NAMS
P4_working_as_intended,nams,nams,nám,nams,0,1,ctx_fixes,-,degrades_vn,1,0,4,inflection_trap,high,"degrades_vn,""restore se mat 1 trong 2 duong go """"nám""""; van go duoc bang duong khac. """"nam"""" an toan nhung dang bien cach ra tu tieng Viet """"nám"""" (dang suy dien, khong co trong top-10k)""",NAMS
P4_working_as_intended,NEER,NEER,NỂ,NEER,0,1,ctx_fixes,-,degrades_vn,1,0,4,inflection_trap_cased,high,"degrades_vn,""restore se mat 1 trong 2 duong go """"NỂ""""; van go duoc bang duong khac. bien the chu hoa cua """"neer""""; modifier key phai case-insensitive, output phai giu case goc""",
P4_working_as_intended,Neer,Neer,Nể,Neer,0,1,ctx_fixes,-,degrades_vn,1,0,4,inflection_trap_cased,high,"degrades_vn,""restore se mat 1 trong 2 duong go """"Nể""""; van go duoc bang duong khac. bien the chu hoa cua """"neer""""; modifier key phai case-insensitive, output phai giu case goc""",NEER
P4_working_as_intended,neer,neer,nể,neer,0,1,ctx_fixes,-,degrades_vn,1,0,4,inflection_trap,high,"degrades_vn,""restore se mat 1 trong 2 duong go """"nể""""; van go duoc bang duong khac. """"ne"""" an toan nhung dang bien cach ra tu tieng Viet """"nể"""" (dang suy dien, khong co trong top-10k)""",NEER
P4_working_as_intended,NEEST,NEEST,NẾT,NEEST,0,1,ctx_fixes,-,degrades_vn,1,0,5,inflection_trap_cased,high,"degrades_vn,""restore se mat 1 trong 3 duong go """"NẾT""""; van go duoc bang duong khac. bien the chu hoa cua """"neest""""; modifier key phai case-insensitive, output phai giu case goc""",
P4_working_as_intended,Neest,Neest,Nết,Neest,0,1,ctx_fixes,-,degrades_vn,1,0,5,inflection_trap_cased,high,"degrades_vn,""restore se mat 1 trong 3 duong go """"Nết""""; van go duoc bang duong khac. bien the chu hoa cua """"neest""""; modifier key phai case-insensitive, output phai giu case goc""",NEEST
P4_working_as_intended,neest,neest,nết,neest,0,1,ctx_fixes,-,degrades_vn,1,0,5,inflection_trap,high,"degrades_vn,""restore se mat 1 trong 3 duong go """"nết""""; van go duoc bang duong khac. """"ne"""" an toan nhung dang bien cach ra tu tieng Viet """"nết"""" (dang suy dien, khong co trong top-10k)""",NEEST
P4_working_as_intended,NEOS,NEOS,NÉO,NEOS,0,1,ctx_fixes,-,degrades_vn,1,0,4,inflection_trap_cased,high,"degrades_vn,""restore se mat 1 trong 2 duong go """"NÉO""""; van go duoc bang duong khac. bien the chu hoa cua """"neos""""; modifier key phai case-insensitive, output phai giu case goc""",
P4_working_as_intended,Neos,Neos,Néo,Neos,0,1,ctx_fixes,-,degrades_vn,1,0,4,inflection_trap_cased,high,"degrades_vn,""restore se mat 1 trong 2 duong go """"Néo""""; van go duoc bang duong khac. bien the chu hoa cua """"neos""""; modifier key phai case-insensitive, output phai giu case goc""",NEOS
P4_working_as_intended,neos,neos,néo,neos,0,1,ctx_fixes,-,degrades_vn,1,0,4,inflection_trap,high,"degrades_vn,""restore se mat 1 trong 2 duong go """"néo""""; van go duoc bang duong khac. """"neo"""" an toan nhung dang bien cach ra tu tieng Viet """"néo"""" (dang suy dien, khong co trong top-10k)""",NEOS
P4_working_as_intended,NEST,NEST,NÉT,NEST,0,1,ctx_fixes,-,degrades_vn,1,0,4,collision_vn_word_cased,high,"degrades_vn,""restore se mat 1 trong 2 duong go """"NÉT""""; van go duoc bang duong khac. bien the chu hoa cua """"nest""""; modifier key phai case-insensitive, output phai giu case goc""",
P4_working_as_intended,Nest,Nest,Nét,Nest,0,1,ctx_fixes,-,degrades_vn,1,0,4,collision_vn_word_cased,high,"degrades_vn,""restore se mat 1 trong 2 duong go """"Nét""""; van go duoc bang duong khac. bien the chu hoa cua """"nest""""; modifier key phai case-insensitive, output phai giu case goc""",NEST
P4_working_as_intended,nest,nest,nét,nest,0,1,ctx_fixes,-,degrades_vn,1,0,4,collision_vn_word,high,"degrades_vn,""restore se mat 1 trong 2 duong go """"nét""""; van go duoc bang duong khac. ra tu tieng Viet hop le """"nét""""; can whitelist hoac context""",NEST
P4_working_as_intended,NONS,NONS,NÓN,NONS,0,1,ctx_fixes,-,degrades_vn,1,0,4,inflection_trap_cased,high,"degrades_vn,""restore se mat 1 trong 2 duong go """"NÓN""""; van go duoc bang duong khac. bien the chu hoa cua """"nons""""; modifier key phai case-insensitive, output phai giu case goc""",
P4_working_as_intended,Nons,Nons,Nón,Nons,0,1,ctx_fixes,-,degrades_vn,1,0,4,inflection_trap_cased,high,"degrades_vn,""restore se mat 1 trong 2 duong go """"Nón""""; van go duoc bang duong khac. bien the chu hoa cua """"nons""""; modifier key phai case-insensitive, output phai giu case goc""",NONS
P4_working_as_intended,nons,nons,nón,nons,0,1,ctx_fixes,-,degrades_vn,1,0,4,inflection_trap,high,"degrades_vn,""restore se mat 1 trong 2 duong go """"nón""""; van go duoc bang duong khac. """"non"""" an toan nhung dang bien cach ra tu tieng Viet """"nón"""" (dang suy dien, khong co trong top-10k)""",NONS
P4_working_as_intended,norm,norm,nỏm,norm,0,1,ctx_fixes,-,degrades_vn,1,0,4,collision_vn_syllable,medium,"degrades_vn,""restore se mat 1 trong 2 duong go """"nỏm""""; van go duoc bang duong khac. ra syllable tieng Viet hop le """"nỏm""""""",
P4_working_as_intended,NUTS,NUTS,NÚT,NUTS,0,1,ctx_fixes,-,degrades_vn,1,0,4,collision_vn_word_cased,high,"degrades_vn,""restore se mat 1 trong 2 duong go """"NÚT""""; van go duoc bang duong khac. bien the chu hoa cua """"nuts""""; modifier key phai case-insensitive, output phai giu case goc""",
P4_working_as_intended,Nuts,Nuts,Nút,Nuts,0,1,ctx_fixes,-,degrades_vn,1,0,4,collision_vn_word_cased,high,"degrades_vn,""restore se mat 1 trong 2 duong go """"Nút""""; van go duoc bang duong khac. bien the chu hoa cua """"nuts""""; modifier key phai case-insensitive, output phai giu case goc""",NUTS
P4_working_as_intended,nuts,nuts,nút,nuts,0,1,ctx_fixes,-,degrades_vn,1,0,4,collision_vn_word,high,"degrades_vn,""restore se mat 1 trong 2 duong go """"nút""""; van go duoc bang duong khac. ra tu tieng Viet hop le """"nút""""; can whitelist hoac context""",NUTS
P4_working_as_intended,OER,OER,ỎE,OER,0,1,ctx_fixes,-,degrades_vn,1,0,3,inflection_trap_cased,high,"degrades_vn,""restore se mat 1 trong 2 duong go """"OẺ""""; van go duoc bang duong khac. bien the chu hoa cua """"oer""""; modifier key phai case-insensitive, output phai giu case goc""",
P4_working_as_intended,Oer,Oer,Ỏe,Oer,0,1,ctx_fixes,-,degrades_vn,1,0,3,inflection_trap_cased,high,"degrades_vn,""restore se mat 1 trong 2 duong go """"Oẻ""""; van go duoc bang duong khac. bien the chu hoa cua """"oer""""; modifier key phai case-insensitive, output phai giu case goc""",OER
P4_working_as_intended,oer,oer,ỏe,oer,0,1,ctx_fixes,-,degrades_vn,1,0,3,inflection_trap,high,"degrades_vn,""restore se mat 1 trong 2 duong go """"oẻ""""; van go duoc bang duong khac. """"o"""" an toan nhung dang bien cach ra tu tieng Viet """"oẻ"""" (dang suy dien, khong co trong top-10k)""",OER
P4_working_as_intended,OES,OES,ÓE,OES,0,1,ctx_fixes,-,degrades_vn,1,0,3,inflection_trap_cased,high,"degrades_vn,""restore se mat 1 trong 2 duong go """"OÉ""""; van go duoc bang duong khac. bien the chu hoa cua """"oes""""; modifier key phai case-insensitive, output phai giu case goc""",
P4_working_as_intended,OES,OES,ÓE,OES,0,1,ctx_fixes,-,degrades_vn,1,0,3,inflection_trap_cased,high,"degrades_vn,""restore se mat 1 trong 2 duong go """"OÉ""""; van go duoc bang duong khac. bien the chu hoa cua """"oes""""; modifier key phai case-insensitive, output phai giu case goc""",OES
P4_working_as_intended,Oes,Oes,Óe,Oes,0,1,ctx_fixes,-,degrades_vn,1,0,3,inflection_trap_cased,high,"degrades_vn,""restore se mat 1 trong 2 duong go """"Oé""""; van go duoc bang duong khac. bien the chu hoa cua """"oes""""; modifier key phai case-insensitive, output phai giu case goc""",OES
P4_working_as_intended,Oes,Oes,Óe,Oes,0,1,ctx_fixes,-,degrades_vn,1,0,3,inflection_trap_cased,high,"degrades_vn,""restore se mat 1 trong 2 duong go """"Oé""""; van go duoc bang duong khac. bien the chu hoa cua """"oes""""; modifier key phai case-insensitive, output phai giu case goc""",OES
P4_working_as_intended,oes,oes,óe,oes,0,1,ctx_fixes,-,degrades_vn,1,0,3,inflection_trap,high,"degrades_vn,""restore se mat 1 trong 2 duong go """"oé""""; van go duoc bang duong khac. """"o"""" an toan nhung dang bien cach ra tu tieng Viet """"oé"""" (dang suy dien, khong co trong top-10k)""",OES
P4_working_as_intended,oes,oes,óe,oes,0,1,ctx_fixes,-,degrades_vn,1,0,3,inflection_trap,high,"degrades_vn,""restore se mat 1 trong 2 duong go """"oé""""; van go duoc bang duong khac. """"oe"""" an toan nhung dang bien cach ra tu tieng Viet """"oé"""" (dang suy dien, khong co trong top-10k)""",OES
P4_working_as_intended,OOPS,OOPS,ỐP,OOPS,0,1,ctx_fixes,-,degrades_vn,1,0,4,collision_vn_word_cased,high,"degrades_vn,""restore se mat 1 trong 3 duong go """"ỐP""""; van go duoc bang duong khac. bien the chu hoa cua """"oops""""; modifier key phai case-insensitive, output phai giu case goc""",
P4_working_as_intended,Oops,Oops,Ốp,Oops,0,1,ctx_fixes,-,degrades_vn,1,0,4,collision_vn_word_cased,high,"degrades_vn,""restore se mat 1 trong 3 duong go """"Ốp""""; van go duoc bang duong khac. bien the chu hoa cua """"oops""""; modifier key phai case-insensitive, output phai giu case goc""",OOPS
P4_working_as_intended,oops,oops,ốp,oops,0,1,ctx_fixes,-,degrades_vn,1,0,4,collision_vn_word,high,"degrades_vn,""restore se mat 1 trong 3 duong go """"ốp""""; van go duoc bang duong khac. ra tu tieng Viet hop le """"ốp""""; can whitelist hoac context""",OOPS
P4_working_as_intended,OWNS,OWNS,ỚN,OWNS,0,1,ctx_fixes,-,degrades_vn,1,0,4,collision_vn_word_cased,high,"degrades_vn,""restore se mat 1 trong 3 duong go """"ỚN""""; van go duoc bang duong khac. bien the chu hoa cua """"owns""""; modifier key phai case-insensitive, output phai giu case goc""",
P4_working_as_intended,Owns,Owns,Ớn,Owns,0,1,ctx_fixes,-,degrades_vn,1,0,4,collision_vn_word_cased,high,"degrades_vn,""restore se mat 1 trong 3 duong go """"Ớn""""; van go duoc bang duong khac. bien the chu hoa cua """"owns""""; modifier key phai case-insensitive, output phai giu case goc""",OWNS
P4_working_as_intended,owns,owns,ớn,owns,0,1,ctx_fixes,-,degrades_vn,1,0,4,collision_vn_word,high,"degrades_vn,""restore se mat 1 trong 3 duong go """"ớn""""; van go duoc bang duong khac. ra tu tieng Viet hop le """"ớn""""; can whitelist hoac context""",OWNS
P4_working_as_intended,past,past,past,past,1,1,ok_both,-,degrades_vn,1,1,4,collision_vn_syllable,medium,"degrades_vn,""restore se mat 1 trong 2 duong go """"pát""""; van go duoc bang duong khac. ra syllable tieng Viet hop le """"pát""""""",
P4_working_as_intended,pest,pest,pét,pest,0,1,ctx_fixes,-,degrades_vn,1,0,4,collision_vn_syllable,medium,"degrades_vn,""restore se mat 1 trong 2 duong go """"pét""""; van go duoc bang duong khac. ra syllable tieng Viet hop le """"pét""""""",
P4_working_as_intended,pets,pets,pets,pets,1,1,ok_both,-,degrades_vn,1,1,4,collision_vn_syllable,medium,"degrades_vn,""restore se mat 1 trong 2 duong go """"pét""""; van go duoc bang duong khac. ra syllable tieng Viet hop le """"pét""""""",
P4_working_as_intended,pics,pics,pics,pics,1,1,ok_both,-,degrades_vn,1,0,4,collision_vn_syllable,medium,"degrades_vn,""restore se mat 1 trong 2 duong go """"píc""""; van go duoc bang duong khac. ra syllable tieng Viet hop le """"píc""""""",
P4_working_as_intended,QUEENS,QUEENS,QUẾN,QUEENS,0,1,ctx_fixes,-,degrades_vn,1,0,6,collision_vn_word_cased,high,"degrades_vn,""restore se mat 1 trong 4 duong go """"QUẾN""""; van go duoc bang duong khac. bien the chu hoa cua """"queens""""; modifier key phai case-insensitive, output phai giu case goc""",
P4_working_as_intended,Queens,Queens,Quến,Queens,0,1,ctx_fixes,-,degrades_vn,1,0,6,collision_vn_word_cased,high,"degrades_vn,""restore se mat 1 trong 4 duong go """"Quến""""; van go duoc bang duong khac. bien the chu hoa cua """"queens""""; modifier key phai case-insensitive, output phai giu case goc""",QUEENS
P4_working_as_intended,queens,queens,quến,queens,0,1,ctx_fixes,-,degrades_vn,1,0,6,collision_vn_word,high,"degrades_vn,""restore se mat 1 trong 4 duong go """"quến""""; van go duoc bang duong khac. ra tu tieng Viet hop le """"quến""""; can whitelist hoac context""",QUEENS
P4_working_as_intended,QUEEST,QUEEST,QUẾT,QUEEST,0,1,ctx_fixes,-,degrades_vn,1,0,6,inflection_trap_cased,high,"degrades_vn,""restore se mat 1 trong 4 duong go """"QUẾT""""; van go duoc bang duong khac. bien the chu hoa cua """"queest""""; modifier key phai case-insensitive, output phai giu case goc""",
P4_working_as_intended,Queest,Queest,Quết,Queest,0,1,ctx_fixes,-,degrades_vn,1,0,6,inflection_trap_cased,high,"degrades_vn,""restore se mat 1 trong 4 duong go """"Quết""""; van go duoc bang duong khac. bien the chu hoa cua """"queest""""; modifier key phai case-insensitive, output phai giu case goc""",QUEEST
P4_working_as_intended,queest,queest,quết,queest,0,1,ctx_fixes,-,degrades_vn,1,0,6,inflection_trap,high,"degrades_vn,""restore se mat 1 trong 4 duong go """"quết""""; van go duoc bang duong khac. """"que"""" an toan nhung dang bien cach ra tu tieng Viet """"quết"""" (dang suy dien, khong co trong top-10k)""",QUEEST
P4_working_as_intended,QUEST,QUEST,QUÉT,QUEST,0,1,ctx_fixes,-,degrades_vn,1,0,5,collision_vn_word_cased,high,"degrades_vn,""restore se mat 1 trong 3 duong go """"QUÉT""""; van go duoc bang duong khac. bien the chu hoa cua """"quest""""; modifier key phai case-insensitive, output phai giu case goc""",
P4_working_as_intended,Quest,Quest,Quét,Quest,0,1,ctx_fixes,-,degrades_vn,1,0,5,collision_vn_word_cased,high,"degrades_vn,""restore se mat 1 trong 3 duong go """"Quét""""; van go duoc bang duong khac. bien the chu hoa cua """"quest""""; modifier key phai case-insensitive, output phai giu case goc""",QUEST
P4_working_as_intended,quest,quest,quét,quest,0,1,ctx_fixes,-,degrades_vn,1,0,5,collision_vn_word,high,"degrades_vn,""restore se mat 1 trong 3 duong go """"quét""""; van go duoc bang duong khac. ra tu tieng Viet hop le """"quét""""; can whitelist hoac context""",QUEST
P4_working_as_intended,TANS,TANS,TÁN,TANS,0,1,ctx_fixes,-,degrades_vn,1,0,4,inflection_trap_cased,high,"degrades_vn,""restore se mat 1 trong 2 duong go """"TÁN""""; van go duoc bang duong khac. bien the chu hoa cua """"tans""""; modifier key phai case-insensitive, output phai giu case goc""",
P4_working_as_intended,Tans,Tans,Tán,Tans,0,1,ctx_fixes,-,degrades_vn,1,0,4,inflection_trap_cased,high,"degrades_vn,""restore se mat 1 trong 2 duong go """"Tán""""; van go duoc bang duong khac. bien the chu hoa cua """"tans""""; modifier key phai case-insensitive, output phai giu case goc""",TANS
P4_working_as_intended,tans,tans,tán,tans,0,1,ctx_fixes,-,degrades_vn,1,0,4,inflection_trap,high,"degrades_vn,""restore se mat 1 trong 2 duong go """"tán""""; van go duoc bang duong khac. """"tan"""" an toan nhung dang bien cach ra tu tieng Viet """"tán"""" (dang suy dien, khong co trong top-10k)""",TANS
P4_working_as_intended,TAXI,TAXI,TÃI,TAXI,0,1,ctx_fixes,-,degrades_vn,1,0,4,collision_vn_word_cased,high,"degrades_vn,""restore se mat 1 trong 2 duong go """"TÃI""""; van go duoc bang duong khac. bien the chu hoa cua """"taxi""""; modifier key phai case-insensitive, output phai giu case goc""",
P4_working_as_intended,Taxi,Taxi,Tãi,Taxi,0,1,ctx_fixes,-,degrades_vn,1,0,4,collision_vn_word_cased,high,"degrades_vn,""restore se mat 1 trong 2 duong go """"Tãi""""; van go duoc bang duong khac. bien the chu hoa cua """"taxi""""; modifier key phai case-insensitive, output phai giu case goc""",TAXI
P4_working_as_intended,taxi,taxi,tãi,taxi,0,1,ctx_fixes,-,degrades_vn,1,0,4,collision_vn_word,high,"degrades_vn,""restore se mat 1 trong 2 duong go """"tãi""""; van go duoc bang duong khac. ra tu tieng Viet hop le """"tãi""""; can whitelist hoac context""",TAXI
P4_working_as_intended,TEEST,TEEST,TẾT,TEEST,0,1,ctx_fixes,-,degrades_vn,1,0,5,inflection_trap_cased,high,"degrades_vn,""restore se mat 1 trong 3 duong go """"TẾT""""; van go duoc bang duong khac. bien the chu hoa cua """"teest""""; modifier key phai case-insensitive, output phai giu case goc""",
P4_working_as_intended,Teest,Teest,Tết,Teest,0,1,ctx_fixes,-,degrades_vn,1,0,5,inflection_trap_cased,high,"degrades_vn,""restore se mat 1 trong 3 duong go """"Tết""""; van go duoc bang duong khac. bien the chu hoa cua """"teest""""; modifier key phai case-insensitive, output phai giu case goc""",TEEST
P4_working_as_intended,teest,teest,tết,teest,0,1,ctx_fixes,-,degrades_vn,1,0,5,inflection_trap,high,"degrades_vn,""restore se mat 1 trong 3 duong go """"tết""""; van go duoc bang duong khac. """"te"""" an toan nhung dang bien cach ra tu tieng Viet """"tết"""" (dang suy dien, khong co trong top-10k)""",TEEST
P4_working_as_intended,term,term,term,term,1,1,ok_both,-,degrades_vn,1,1,4,collision_vn_syllable,medium,"degrades_vn,""restore se mat 1 trong 2 duong go """"tẻm""""; van go duoc bang duong khac. ra syllable tieng Viet hop le """"tẻm""""""",
P4_working_as_intended,TEST,TEST,TEST,TEST,1,1,ok_both,-,degrades_vn,1,1,4,collision_vn_word_cased,high,"degrades_vn,""restore se mat 1 trong 2 duong go """"TÉT""""; van go duoc bang duong khac. bien the chu hoa cua """"test""""; modifier key phai case-insensitive, output phai giu case goc""",
P4_working_as_intended,Test,Test,Test,Test,1,1,ok_both,-,degrades_vn,1,1,4,collision_vn_word_cased,high,"degrades_vn,""restore se mat 1 trong 2 duong go """"Tét""""; van go duoc bang duong khac. bien the chu hoa cua """"test""""; modifier key phai case-insensitive, output phai giu case goc""",TEST
P4_working_as_intended,test,test,test,test,1,1,ok_both,-,degrades_vn,1,1,4,collision_vn_word,high,"degrades_vn,""restore se mat 1 trong 2 duong go """"tét""""; van go duoc bang duong khac. ra tu tieng Viet hop le """"tét""""; can whitelist hoac context""",TEST
P4_working_as_intended,THAIS,THAIS,THÁI,THAIS,0,1,ctx_fixes,-,degrades_vn,1,0,5,inflection_trap_cased,high,"degrades_vn,""restore se mat 1 trong 2 duong go """"THÁI""""; van go duoc bang duong khac. bien the chu hoa cua """"thais""""; modifier key phai case-insensitive, output phai giu case goc""",
P4_working_as_intended,Thais,Thais,Thái,Thais,0,1,ctx_fixes,-,degrades_vn,1,0,5,inflection_trap_cased,high,"degrades_vn,""restore se mat 1 trong 2 duong go """"Thái""""; van go duoc bang duong khac. bien the chu hoa cua """"thais""""; modifier key phai case-insensitive, output phai giu case goc""",THAIS
P4_working_as_intended,thais,thais,thái,thais,0,1,ctx_fixes,-,degrades_vn,1,0,5,inflection_trap,high,"degrades_vn,""restore se mat 1 trong 2 duong go """"thái""""; van go duoc bang duong khac. """"thai"""" an toan nhung dang bien cach ra tu tieng Viet """"thái"""" (dang suy dien, khong co trong top-10k)""",THAIS
P4_working_as_intended,thats,thats,thát,thats,0,1,ctx_fixes,-,degrades_vn,1,0,5,collision_vn_syllable,medium,"degrades_vn,""restore se mat 1 trong 2 duong go """"thát""""; van go duoc bang duong khac. ra syllable tieng Viet hop le """"thát""""""",
P4_working_as_intended,THEER,THEER,THỂ,THEER,0,1,ctx_fixes,-,degrades_vn,1,0,5,inflection_trap_cased,high,"degrades_vn,""restore se mat 1 trong 2 duong go """"THỂ""""; van go duoc bang duong khac. bien the chu hoa cua """"theer""""; modifier key phai case-insensitive, output phai giu case goc""",
P4_working_as_intended,Theer,Theer,Thể,Theer,0,1,ctx_fixes,-,degrades_vn,1,0,5,inflection_trap_cased,high,"degrades_vn,""restore se mat 1 trong 2 duong go """"Thể""""; van go duoc bang duong khac. bien the chu hoa cua """"theer""""; modifier key phai case-insensitive, output phai giu case goc""",THEER
P4_working_as_intended,theer,theer,thể,theer,0,1,ctx_fixes,-,degrades_vn,1,0,5,inflection_trap,high,"degrades_vn,""restore se mat 1 trong 2 duong go """"thể""""; van go duoc bang duong khac. """"the"""" an toan nhung dang bien cach ra tu tieng Viet """"thể"""" (dang suy dien, khong co trong top-10k)""",THEER
P4_working_as_intended,THEEST,THEEST,THẾT,THEEST,0,1,ctx_fixes,-,degrades_vn,1,0,6,inflection_trap_cased,high,"degrades_vn,""restore se mat 1 trong 3 duong go """"THẾT""""; van go duoc bang duong khac. bien the chu hoa cua """"theest""""; modifier key phai case-insensitive, output phai giu case goc""",
P4_working_as_intended,Theest,Theest,Thết,Theest,0,1,ctx_fixes,-,degrades_vn,1,0,6,inflection_trap_cased,high,"degrades_vn,""restore se mat 1 trong 3 duong go """"Thết""""; van go duoc bang duong khac. bien the chu hoa cua """"theest""""; modifier key phai case-insensitive, output phai giu case goc""",THEEST
P4_working_as_intended,theest,theest,thết,theest,0,1,ctx_fixes,-,degrades_vn,1,0,6,inflection_trap,high,"degrades_vn,""restore se mat 1 trong 3 duong go """"thết""""; van go duoc bang duong khac. """"the"""" an toan nhung dang bien cach ra tu tieng Viet """"thết"""" (dang suy dien, khong co trong top-10k)""",THEEST
P4_working_as_intended,THERE,THERE,THERE,THERE,1,1,ok_both,-,degrades_vn,1,1,5,collision_vn_word_cased,high,"degrades_vn,""restore se mat 1 trong 2 duong go """"THỂ""""; van go duoc bang duong khac. bien the chu hoa cua """"there""""; modifier key phai case-insensitive, output phai giu case goc""",
P4_working_as_intended,There,There,There,There,1,1,ok_both,-,degrades_vn,1,1,5,collision_vn_word_cased,high,"degrades_vn,""restore se mat 1 trong 2 duong go """"Thể""""; van go duoc bang duong khac. bien the chu hoa cua """"there""""; modifier key phai case-insensitive, output phai giu case goc""",THERE
P4_working_as_intended,there,there,there,there,1,1,ok_both,-,degrades_vn,1,1,5,collision_vn_word,high,"degrades_vn,""restore se mat 1 trong 2 duong go """"thể""""; van go duoc bang duong khac. ra tu tieng Viet hop le """"thể""""; can whitelist hoac context""",THERE
P4_working_as_intended,THESE,THESE,THESE,THESE,1,1,ok_both,-,degrades_vn,1,1,5,collision_vn_word_cased,high,"degrades_vn,""restore se mat 1 trong 2 duong go """"THẾ""""; van go duoc bang duong khac. bien the chu hoa cua """"these""""; modifier key phai case-insensitive, output phai giu case goc""",
P4_working_as_intended,These,These,These,These,1,1,ok_both,-,degrades_vn,1,1,5,collision_vn_word_cased,high,"degrades_vn,""restore se mat 1 trong 2 duong go """"Thế""""; van go duoc bang duong khac. bien the chu hoa cua """"these""""; modifier key phai case-insensitive, output phai giu case goc""",THESE
P4_working_as_intended,these,these,these,these,1,1,ok_both,-,degrades_vn,1,1,5,collision_vn_word,high,"degrades_vn,""restore se mat 1 trong 2 duong go """"thế""""; van go duoc bang duong khac. ra tu tieng Viet hop le """"thế""""; can whitelist hoac context""",THESE
P4_working_as_intended,TIMS,TIMS,TÍM,TIMS,0,1,ctx_fixes,-,degrades_vn,1,0,4,inflection_trap_cased,high,"degrades_vn,""restore se mat 1 trong 2 duong go """"TÍM""""; van go duoc bang duong khac. bien the chu hoa cua """"tims""""; modifier key phai case-insensitive, output phai giu case goc""",
P4_working_as_intended,Tims,Tims,Tím,Tims,0,1,ctx_fixes,-,degrades_vn,1,0,4,inflection_trap_cased,high,"degrades_vn,""restore se mat 1 trong 2 duong go """"Tím""""; van go duoc bang duong khac. bien the chu hoa cua """"tims""""; modifier key phai case-insensitive, output phai giu case goc""",TIMS
P4_working_as_intended,tims,tims,tím,tims,0,1,ctx_fixes,-,degrades_vn,1,0,4,inflection_trap,high,"degrades_vn,""restore se mat 1 trong 2 duong go """"tím""""; van go duoc bang duong khac. """"tim"""" an toan nhung dang bien cach ra tu tieng Viet """"tím"""" (dang suy dien, khong co trong top-10k)""",TIMS
P4_working_as_intended,TINS,TINS,TÍN,TINS,0,1,ctx_fixes,-,degrades_vn,1,0,4,inflection_trap_cased,high,"degrades_vn,""restore se mat 1 trong 2 duong go """"TÍN""""; van go duoc bang duong khac. bien the chu hoa cua """"tins""""; modifier key phai case-insensitive, output phai giu case goc""",
P4_working_as_intended,Tins,Tins,Tín,Tins,0,1,ctx_fixes,-,degrades_vn,1,0,4,inflection_trap_cased,high,"degrades_vn,""restore se mat 1 trong 2 duong go """"Tín""""; van go duoc bang duong khac. bien the chu hoa cua """"tins""""; modifier key phai case-insensitive, output phai giu case goc""",TINS
P4_working_as_intended,tins,tins,tín,tins,0,1,ctx_fixes,-,degrades_vn,1,0,4,inflection_trap,high,"degrades_vn,""restore se mat 1 trong 2 duong go """"tín""""; van go duoc bang duong khac. """"tin"""" an toan nhung dang bien cach ra tu tieng Viet """"tín"""" (dang suy dien, khong co trong top-10k)""",TINS
P4_working_as_intended,TIPS,TIPS,TÍP,TIPS,0,1,ctx_fixes,-,degrades_vn,1,0,4,collision_vn_word_cased,high,"degrades_vn,""restore se mat 1 trong 2 duong go """"TÍP""""; van go duoc bang duong khac. bien the chu hoa cua """"tips""""; modifier key phai case-insensitive, output phai giu case goc""",
P4_working_as_intended,Tips,Tips,Típ,Tips,0,1,ctx_fixes,-,degrades_vn,1,0,4,collision_vn_word_cased,high,"degrades_vn,""restore se mat 1 trong 2 duong go """"Típ""""; van go duoc bang duong khac. bien the chu hoa cua """"tips""""; modifier key phai case-insensitive, output phai giu case goc""",TIPS
P4_working_as_intended,tips,tips,típ,tips,0,1,ctx_fixes,-,degrades_vn,1,0,4,collision_vn_word,high,"degrades_vn,""restore se mat 1 trong 2 duong go """"típ""""; van go duoc bang duong khac. ra tu tieng Viet hop le """"típ""""; can whitelist hoac context""",TIPS
P4_working_as_intended,TITS,TITS,TÍT,TITS,0,1,ctx_fixes,-,degrades_vn,1,0,4,collision_vn_word_cased,high,"degrades_vn,""restore se mat 1 trong 2 duong go """"TÍT""""; van go duoc bang duong khac. bien the chu hoa cua """"tits""""; modifier key phai case-insensitive, output phai giu case goc""",
P4_working_as_intended,Tits,Tits,Tít,Tits,0,1,ctx_fixes,-,degrades_vn,1,0,4,collision_vn_word_cased,high,"degrades_vn,""restore se mat 1 trong 2 duong go """"Tít""""; van go duoc bang duong khac. bien the chu hoa cua """"tits""""; modifier key phai case-insensitive, output phai giu case goc""",TITS
P4_working_as_intended,tits,tits,tít,tits,0,1,ctx_fixes,-,degrades_vn,1,0,4,collision_vn_word,high,"degrades_vn,""restore se mat 1 trong 2 duong go """"tít""""; van go duoc bang duong khac. ra tu tieng Viet hop le """"tít""""; can whitelist hoac context""",TITS
P4_working_as_intended,TOER,TOER,TỎE,TOER,0,1,ctx_fixes,-,degrades_vn,1,0,4,inflection_trap_cased,high,"degrades_vn,""restore se mat 1 trong 2 duong go """"TOẺ""""; van go duoc bang duong khac. bien the chu hoa cua """"toer""""; modifier key phai case-insensitive, output phai giu case goc""",
P4_working_as_intended,Toer,Toer,Tỏe,Toer,0,1,ctx_fixes,-,degrades_vn,1,0,4,inflection_trap_cased,high,"degrades_vn,""restore se mat 1 trong 2 duong go """"Toẻ""""; van go duoc bang duong khac. bien the chu hoa cua """"toer""""; modifier key phai case-insensitive, output phai giu case goc""",TOER
P4_working_as_intended,toer,toer,tỏe,toer,0,1,ctx_fixes,-,degrades_vn,1,0,4,inflection_trap,high,"degrades_vn,""restore se mat 1 trong 2 duong go """"toẻ""""; van go duoc bang duong khac. """"to"""" an toan nhung dang bien cach ra tu tieng Viet """"toẻ"""" (dang suy dien, khong co trong top-10k)""",TOER
P4_working_as_intended,TOES,TOES,TÓE,TOES,0,1,ctx_fixes,-,degrades_vn,1,0,4,inflection_trap_cased,high,"degrades_vn,""restore se mat 1 trong 2 duong go """"TOÉ""""; van go duoc bang duong khac. bien the chu hoa cua """"toes""""; modifier key phai case-insensitive, output phai giu case goc""",
P4_working_as_intended,TOES,TOES,TÓE,TOES,0,1,ctx_fixes,-,degrades_vn,1,0,4,inflection_trap_cased,high,"degrades_vn,""restore se mat 1 trong 2 duong go """"TOÉ""""; van go duoc bang duong khac. bien the chu hoa cua """"toes""""; modifier key phai case-insensitive, output phai giu case goc""",TOES
P4_working_as_intended,Toes,Toes,Tóe,Toes,0,1,ctx_fixes,-,degrades_vn,1,0,4,inflection_trap_cased,high,"degrades_vn,""restore se mat 1 trong 2 duong go """"Toé""""; van go duoc bang duong khac. bien the chu hoa cua """"toes""""; modifier key phai case-insensitive, output phai giu case goc""",TOES
P4_working_as_intended,Toes,Toes,Tóe,Toes,0,1,ctx_fixes,-,degrades_vn,1,0,4,inflection_trap_cased,high,"degrades_vn,""restore se mat 1 trong 2 duong go """"Toé""""; van go duoc bang duong khac. bien the chu hoa cua """"toes""""; modifier key phai case-insensitive, output phai giu case goc""",TOES
P4_working_as_intended,toes,toes,tóe,toes,0,1,ctx_fixes,-,degrades_vn,1,0,4,inflection_trap,high,"degrades_vn,""restore se mat 1 trong 2 duong go """"toé""""; van go duoc bang duong khac. """"to"""" an toan nhung dang bien cach ra tu tieng Viet """"toé"""" (dang suy dien, khong co trong top-10k)""",TOES
P4_working_as_intended,toes,toes,tóe,toes,0,1,ctx_fixes,-,degrades_vn,1,0,4,inflection_trap,high,"degrades_vn,""restore se mat 1 trong 2 duong go """"toé""""; van go duoc bang duong khac. """"toe"""" an toan nhung dang bien cach ra tu tieng Viet """"toé"""" (dang suy dien, khong co trong top-10k)""",TOES
P4_working_as_intended,TOEST,TOEST,TOÉT,TOEST,0,1,ctx_fixes,-,degrades_vn,1,0,5,inflection_trap_cased,high,"degrades_vn,""restore se mat 1 trong 3 duong go """"TOÉT""""; van go duoc bang duong khac. bien the chu hoa cua """"toest""""; modifier key phai case-insensitive, output phai giu case goc""",
P4_working_as_intended,Toest,Toest,Toét,Toest,0,1,ctx_fixes,-,degrades_vn,1,0,5,inflection_trap_cased,high,"degrades_vn,""restore se mat 1 trong 3 duong go """"Toét""""; van go duoc bang duong khac. bien the chu hoa cua """"toest""""; modifier key phai case-insensitive, output phai giu case goc""",TOEST
P4_working_as_intended,toest,toest,toét,toest,0,1,ctx_fixes,-,degrades_vn,1,0,5,inflection_trap,high,"degrades_vn,""restore se mat 1 trong 3 duong go """"toét""""; van go duoc bang duong khac. """"to"""" an toan nhung dang bien cach ra tu tieng Viet """"toét"""" (dang suy dien, khong co trong top-10k)""",TOEST
P4_working_as_intended,TOMS,TOMS,TÓM,TOMS,0,1,ctx_fixes,-,degrades_vn,1,0,4,inflection_trap_cased,high,"degrades_vn,""restore se mat 1 trong 2 duong go """"TÓM""""; van go duoc bang duong khac. bien the chu hoa cua """"toms""""; modifier key phai case-insensitive, output phai giu case goc""",
P4_working_as_intended,Toms,Toms,Tóm,Toms,0,1,ctx_fixes,-,degrades_vn,1,0,4,inflection_trap_cased,high,"degrades_vn,""restore se mat 1 trong 2 duong go """"Tóm""""; van go duoc bang duong khac. bien the chu hoa cua """"toms""""; modifier key phai case-insensitive, output phai giu case goc""",TOMS
P4_working_as_intended,toms,toms,tóm,toms,0,1,ctx_fixes,-,degrades_vn,1,0,4,inflection_trap,high,"degrades_vn,""restore se mat 1 trong 2 duong go """"tóm""""; van go duoc bang duong khac. """"tom"""" an toan nhung dang bien cach ra tu tieng Viet """"tóm"""" (dang suy dien, khong co trong top-10k)""",TOMS
P4_working_as_intended,TOPS,TOPS,TÓP,TOPS,0,1,ctx_fixes,-,degrades_vn,1,0,4,collision_vn_word_cased,high,"degrades_vn,""restore se mat 1 trong 2 duong go """"TÓP""""; van go duoc bang duong khac. bien the chu hoa cua """"tops""""; modifier key phai case-insensitive, output phai giu case goc""",
P4_working_as_intended,TOPS,TOPS,TÓP,TOPS,0,1,ctx_fixes,-,degrades_vn,1,0,4,inflection_trap_cased,high,"degrades_vn,""restore se mat 1 trong 2 duong go """"TÓP""""; van go duoc bang duong khac. bien the chu hoa cua """"tops""""; modifier key phai case-insensitive, output phai giu case goc""",TOPS
P4_working_as_intended,Tops,Tops,Tóp,Tops,0,1,ctx_fixes,-,degrades_vn,1,0,4,collision_vn_word_cased,high,"degrades_vn,""restore se mat 1 trong 2 duong go """"Tóp""""; van go duoc bang duong khac. bien the chu hoa cua """"tops""""; modifier key phai case-insensitive, output phai giu case goc""",TOPS
P4_working_as_intended,Tops,Tops,Tóp,Tops,0,1,ctx_fixes,-,degrades_vn,1,0,4,inflection_trap_cased,high,"degrades_vn,""restore se mat 1 trong 2 duong go """"Tóp""""; van go duoc bang duong khac. bien the chu hoa cua """"tops""""; modifier key phai case-insensitive, output phai giu case goc""",TOPS
P4_working_as_intended,tops,tops,tóp,tops,0,1,ctx_fixes,-,degrades_vn,1,0,4,collision_vn_word,high,"degrades_vn,""restore se mat 1 trong 2 duong go """"tóp""""; van go duoc bang duong khac. ra tu tieng Viet hop le """"tóp""""; can whitelist hoac context""",TOPS
P4_working_as_intended,tops,tops,tóp,tops,0,1,ctx_fixes,-,degrades_vn,1,0,4,inflection_trap,high,"degrades_vn,""restore se mat 1 trong 2 duong go """"tóp""""; van go duoc bang duong khac. """"top"""" an toan nhung dang bien cach ra tu tieng Viet """"tóp""""""",TOPS
P4_working_as_intended,TOWNS,TOWNS,TỚN,TOWNS,0,1,ctx_fixes,-,degrades_vn,1,0,5,collision_vn_word_cased,high,"degrades_vn,""restore se mat 1 trong 3 duong go """"TỚN""""; van go duoc bang duong khac. bien the chu hoa cua """"towns""""; modifier key phai case-insensitive, output phai giu case goc""",
P4_working_as_intended,Towns,Towns,Tớn,Towns,0,1,ctx_fixes,-,degrades_vn,1,0,5,collision_vn_word_cased,high,"degrades_vn,""restore se mat 1 trong 3 duong go """"Tớn""""; van go duoc bang duong khac. bien the chu hoa cua """"towns""""; modifier key phai case-insensitive, output phai giu case goc""",TOWNS
P4_working_as_intended,towns,towns,tớn,towns,0,1,ctx_fixes,-,degrades_vn,1,0,5,collision_vn_word,high,"degrades_vn,""restore se mat 1 trong 3 duong go """"tớn""""; van go duoc bang duong khac. ra tu tieng Viet hop le """"tớn""""; can whitelist hoac context""",TOWNS
P4_working_as_intended,turn,turn,turn,turn,1,1,ok_both,-,degrades_vn,1,1,4,collision_vn_syllable,medium,"degrades_vn,""restore se mat 1 trong 2 duong go """"tủn""""; van go duoc bang duong khac. ra syllable tieng Viet hop le """"tủn""""""",
P4_working_as_intended,UMS,UMS,ÚM,UMS,0,1,ctx_fixes,-,degrades_vn,1,0,3,inflection_trap_cased,high,"degrades_vn,""restore se mat 1 trong 2 duong go """"ÚM""""; van go duoc bang duong khac. bien the chu hoa cua """"ums""""; modifier key phai case-insensitive, output phai giu case goc""",
P4_working_as_intended,Ums,Ums,Úm,Ums,0,1,ctx_fixes,-,degrades_vn,1,0,3,inflection_trap_cased,high,"degrades_vn,""restore se mat 1 trong 2 duong go """"Úm""""; van go duoc bang duong khac. bien the chu hoa cua """"ums""""; modifier key phai case-insensitive, output phai giu case goc""",UMS
P4_working_as_intended,ums,ums,úm,ums,0,1,ctx_fixes,-,degrades_vn,1,0,3,inflection_trap,high,"degrades_vn,""restore se mat 1 trong 2 duong go """"úm""""; van go duoc bang duong khac. """"um"""" an toan nhung dang bien cach ra tu tieng Viet """"úm"""" (dang suy dien, khong co trong top-10k)""",UMS
P4_working_as_intended,UPS,UPS,ÚP,UPS,0,1,ctx_fixes,-,degrades_vn,1,0,3,collision_vn_word_cased,high,"degrades_vn,""restore se mat 1 trong 2 duong go """"ÚP""""; van go duoc bang duong khac. bien the chu hoa cua """"ups""""; modifier key phai case-insensitive, output phai giu case goc""",
P4_working_as_intended,Ups,Ups,Úp,Ups,0,1,ctx_fixes,-,degrades_vn,1,0,3,collision_vn_word_cased,high,"degrades_vn,""restore se mat 1 trong 2 duong go """"Úp""""; van go duoc bang duong khac. bien the chu hoa cua """"ups""""; modifier key phai case-insensitive, output phai giu case goc""",UPS
P4_working_as_intended,ups,ups,úp,ups,0,1,ctx_fixes,-,degrades_vn,1,0,3,collision_vn_word,high,"degrades_vn,""restore se mat 1 trong 2 duong go """"úp""""; van go duoc bang duong khac. ra tu tieng Viet hop le """"úp""""; can whitelist hoac context""",UPS
P4_working_as_intended,URI,URI,ỦI,URI,0,1,ctx_fixes,-,degrades_vn,1,0,3,collision_vn_word_cased,high,"degrades_vn,""restore se mat 1 trong 2 duong go """"ỦI""""; van go duoc bang duong khac. bien the chu hoa cua """"uri""""; modifier key phai case-insensitive, output phai giu case goc""",
P4_working_as_intended,URI,URI,ỦI,URI,0,1,ctx_fixes,-,degrades_vn,1,0,3,collision_vn_word_cased,high,"degrades_vn,""restore se mat 1 trong 2 duong go """"ỦI""""; van go duoc bang duong khac. bien the chu hoa cua """"uri""""; modifier key phai case-insensitive, output phai giu case goc""",URI
P4_working_as_intended,Uri,Uri,Ủi,Uri,0,1,ctx_fixes,-,degrades_vn,1,0,3,collision_vn_word_cased,high,"degrades_vn,""restore se mat 1 trong 2 duong go """"Ủi""""; van go duoc bang duong khac. bien the chu hoa cua """"uri""""; modifier key phai case-insensitive, output phai giu case goc""",URI
P4_working_as_intended,Uri,Uri,Ủi,Uri,0,1,ctx_fixes,-,degrades_vn,1,0,3,collision_vn_word_cased,high,"degrades_vn,""restore se mat 1 trong 2 duong go """"Ủi""""; van go duoc bang duong khac. bien the chu hoa cua """"uri""""; modifier key phai case-insensitive, output phai giu case goc""",URI
P4_working_as_intended,uri,uri,ủi,uri,0,1,ctx_fixes,-,degrades_vn,1,0,3,collision_vn_word,high,"degrades_vn,""restore se mat 1 trong 2 duong go """"ủi""""; van go duoc bang duong khac. ra tu tieng Viet hop le """"ủi""""; can whitelist hoac context""",URI
P4_working_as_intended,uri,uri,ủi,uri,0,1,ctx_fixes,-,degrades_vn,1,0,3,collision_vn_word,high,"degrades_vn,""restore se mat 1 trong 2 duong go """"ủi""""; van go duoc bang duong khac. ra tu tieng Viet hop le """"ủi""""; can whitelist hoac context""",URI
P4_working_as_intended,urw,urw,ử,urw,0,1,ctx_fixes,-,degrades_vn,1,0,3,collision_vn_syllable,medium,"degrades_vn,""restore se mat 1 trong 2 duong go """"ử""""; van go duoc bang duong khac. ra syllable tieng Viet hop le """"ử""""""",
P4_working_as_intended,USA,USA,USA,USA,1,1,ok_both,-,degrades_vn,1,1,3,collision_vn_word_cased,high,"degrades_vn,""restore se mat 1 trong 2 duong go """"ÚA""""; van go duoc bang duong khac. bien the chu hoa cua """"usa""""; modifier key phai case-insensitive, output phai giu case goc""",
P4_working_as_intended,Usa,Usa,Usa,Usa,1,1,ok_both,-,degrades_vn,1,1,3,collision_vn_word_cased,high,"degrades_vn,""restore se mat 1 trong 2 duong go """"Úa""""; van go duoc bang duong khac. bien the chu hoa cua """"usa""""; modifier key phai case-insensitive, output phai giu case goc""",USA
P4_working_as_intended,usa,usa,usa,usa,1,1,ok_both,-,degrades_vn,1,1,3,collision_vn_word,high,"degrades_vn,""restore se mat 1 trong 2 duong go """"úa""""; van go duoc bang duong khac. ra tu tieng Viet hop le """"úa""""; can whitelist hoac context""",USA
P4_working_as_intended,USC,USC,ÚC,USC,0,1,ctx_fixes,-,degrades_vn,1,0,3,collision_vn_word_cased,high,"degrades_vn,""restore se mat 1 trong 2 duong go """"ÚC""""; van go duoc bang duong khac. bien the chu hoa cua """"usc""""; modifier key phai case-insensitive, output phai giu case goc""",
P4_working_as_intended,Usc,Usc,Úc,Usc,0,1,ctx_fixes,-,degrades_vn,1,0,3,collision_vn_word_cased,high,"degrades_vn,""restore se mat 1 trong 2 duong go """"Úc""""; van go duoc bang duong khac. bien the chu hoa cua """"usc""""; modifier key phai case-insensitive, output phai giu case goc""",USC
P4_working_as_intended,usc,usc,úc,usc,0,1,ctx_fixes,-,degrades_vn,1,0,3,collision_vn_word,high,"degrades_vn,""restore se mat 1 trong 2 duong go """"úc""""; van go duoc bang duong khac. ra tu tieng Viet hop le """"úc""""; can whitelist hoac context""",USC
P4_working_as_intended,VANS,VANS,VÁN,VANS,0,1,ctx_fixes,-,degrades_vn,1,0,4,inflection_trap_cased,high,"degrades_vn,""restore se mat 1 trong 2 duong go """"VÁN""""; van go duoc bang duong khac. bien the chu hoa cua """"vans""""; modifier key phai case-insensitive, output phai giu case goc""",
P4_working_as_intended,Vans,Vans,Ván,Vans,0,1,ctx_fixes,-,degrades_vn,1,0,4,inflection_trap_cased,high,"degrades_vn,""restore se mat 1 trong 2 duong go """"Ván""""; van go duoc bang duong khac. bien the chu hoa cua """"vans""""; modifier key phai case-insensitive, output phai giu case goc""",VANS
P4_working_as_intended,vans,vans,ván,vans,0,1,ctx_fixes,-,degrades_vn,1,0,4,inflection_trap,high,"degrades_vn,""restore se mat 1 trong 2 duong go """"ván""""; van go duoc bang duong khac. """"van"""" an toan nhung dang bien cach ra tu tieng Viet """"ván"""" (dang suy dien, khong co trong top-10k)""",VANS
P4_working_as_intended,VARY,VARY,VARY,VARY,1,1,ok_both,-,degrades_vn,1,1,4,collision_vn_word_cased,high,"degrades_vn,""restore se mat 1 trong 2 duong go """"VẢY""""; van go duoc bang duong khac. bien the chu hoa cua """"vary""""; modifier key phai case-insensitive, output phai giu case goc""",
P4_working_as_intended,Vary,Vary,Vary,Vary,1,1,ok_both,-,degrades_vn,1,1,4,collision_vn_word_cased,high,"degrades_vn,""restore se mat 1 trong 2 duong go """"Vảy""""; van go duoc bang duong khac. bien the chu hoa cua """"vary""""; modifier key phai case-insensitive, output phai giu case goc""",VARY
P4_working_as_intended,vary,vary,vary,vary,1,1,ok_both,-,degrades_vn,1,1,4,collision_vn_word,high,"degrades_vn,""restore se mat 1 trong 2 duong go """"vảy""""; van go duoc bang duong khac. ra tu tieng Viet hop le """"vảy""""; can whitelist hoac context""",VARY
P4_working_as_intended,VAST,VAST,VÁT,VAST,0,1,ctx_fixes,-,degrades_vn,1,0,4,collision_vn_word_cased,high,"degrades_vn,""restore se mat 1 trong 2 duong go """"VÁT""""; van go duoc bang duong khac. bien the chu hoa cua """"vast""""; modifier key phai case-insensitive, output phai giu case goc""",
P4_working_as_intended,Vast,Vast,Vát,Vast,0,1,ctx_fixes,-,degrades_vn,1,0,4,collision_vn_word_cased,high,"degrades_vn,""restore se mat 1 trong 2 duong go """"Vát""""; van go duoc bang duong khac. bien the chu hoa cua """"vast""""; modifier key phai case-insensitive, output phai giu case goc""",VAST
P4_working_as_intended,vast,vast,vát,vast,0,1,ctx_fixes,-,degrades_vn,1,0,4,collision_vn_word,high,"degrades_vn,""restore se mat 1 trong 2 duong go """"vát""""; van go duoc bang duong khac. ra tu tieng Viet hop le """"vát""""; can whitelist hoac context""",VAST
P4_working_as_intended,VEES,VEES,VẾ,VEES,0,1,ctx_fixes,-,degrades_vn,1,0,4,inflection_trap_cased,high,"degrades_vn,""restore se mat 1 trong 2 duong go """"VẾ""""; van go duoc bang duong khac. bien the chu hoa cua """"vees""""; modifier key phai case-insensitive, output phai giu case goc""",
P4_working_as_intended,Vees,Vees,Vế,Vees,0,1,ctx_fixes,-,degrades_vn,1,0,4,inflection_trap_cased,high,"degrades_vn,""restore se mat 1 trong 2 duong go """"Vế""""; van go duoc bang duong khac. bien the chu hoa cua """"vees""""; modifier key phai case-insensitive, output phai giu case goc""",VEES
P4_working_as_intended,vees,vees,vế,vees,0,1,ctx_fixes,-,degrades_vn,1,0,4,inflection_trap,high,"degrades_vn,""restore se mat 1 trong 2 duong go """"vế""""; van go duoc bang duong khac. """"ve"""" an toan nhung dang bien cach ra tu tieng Viet """"vế"""" (dang suy dien, khong co trong top-10k)""",VEES
P4_working_as_intended,VEEST,VEEST,VẾT,VEEST,0,1,ctx_fixes,-,degrades_vn,1,0,5,inflection_trap_cased,high,"degrades_vn,""restore se mat 1 trong 3 duong go """"VẾT""""; van go duoc bang duong khac. bien the chu hoa cua """"veest""""; modifier key phai case-insensitive, output phai giu case goc""",
P4_working_as_intended,Veest,Veest,Vết,Veest,0,1,ctx_fixes,-,degrades_vn,1,0,5,inflection_trap_cased,high,"degrades_vn,""restore se mat 1 trong 3 duong go """"Vết""""; van go duoc bang duong khac. bien the chu hoa cua """"veest""""; modifier key phai case-insensitive, output phai giu case goc""",VEEST
P4_working_as_intended,veest,veest,vết,veest,0,1,ctx_fixes,-,degrades_vn,1,0,5,inflection_trap,high,"degrades_vn,""restore se mat 1 trong 3 duong go """"vết""""; van go duoc bang duong khac. """"ve"""" an toan nhung dang bien cach ra tu tieng Viet """"vết"""" (dang suy dien, khong co trong top-10k)""",VEEST
P4_working_as_intended,VIAS,VIAS,VÍA,VIAS,0,1,ctx_fixes,-,degrades_vn,1,0,4,inflection_trap_cased,high,"degrades_vn,""restore se mat 1 trong 2 duong go """"VÍA""""; van go duoc bang duong khac. bien the chu hoa cua """"vias""""; modifier key phai case-insensitive, output phai giu case goc""",
P4_working_as_intended,Vias,Vias,Vía,Vias,0,1,ctx_fixes,-,degrades_vn,1,0,4,inflection_trap_cased,high,"degrades_vn,""restore se mat 1 trong 2 duong go """"Vía""""; van go duoc bang duong khac. bien the chu hoa cua """"vias""""; modifier key phai case-insensitive, output phai giu case goc""",VIAS
P4_working_as_intended,vias,vias,vía,vias,0,1,ctx_fixes,-,degrades_vn,1,0,4,inflection_trap,high,"degrades_vn,""restore se mat 1 trong 2 duong go """"vía""""; van go duoc bang duong khac. """"via"""" an toan nhung dang bien cach ra tu tieng Viet """"vía"""" (dang suy dien, khong co trong top-10k)""",VIAS
P4_working_as_intended,VISA,VISA,VISA,VISA,1,1,ok_both,-,degrades_vn,1,1,4,collision_vn_word_cased,high,"degrades_vn,""restore se mat 1 trong 2 duong go """"VÍA""""; van go duoc bang duong khac. bien the chu hoa cua """"visa""""; modifier key phai case-insensitive, output phai giu case goc""",
P4_working_as_intended,Visa,Visa,Visa,Visa,1,1,ok_both,-,degrades_vn,1,1,4,collision_vn_word_cased,high,"degrades_vn,""restore se mat 1 trong 2 duong go """"Vía""""; van go duoc bang duong khac. bien the chu hoa cua """"visa""""; modifier key phai case-insensitive, output phai giu case goc""",VISA
P4_working_as_intended,visa,visa,visa,visa,1,1,ok_both,-,degrades_vn,1,1,4,collision_vn_word,high,"degrades_vn,""restore se mat 1 trong 2 duong go """"vía""""; van go duoc bang duong khac. ra tu tieng Viet hop le """"vía""""; can whitelist hoac context""",VISA
P4_working_as_intended,VONS,VONS,VÓN,VONS,0,1,ctx_fixes,-,degrades_vn,1,0,4,inflection_trap_cased,high,"degrades_vn,""restore se mat 1 trong 2 duong go """"VÓN""""; van go duoc bang duong khac. bien the chu hoa cua """"vons""""; modifier key phai case-insensitive, output phai giu case goc""",
P4_working_as_intended,Vons,Vons,Vón,Vons,0,1,ctx_fixes,-,degrades_vn,1,0,4,inflection_trap_cased,high,"degrades_vn,""restore se mat 1 trong 2 duong go """"Vón""""; van go duoc bang duong khac. bien the chu hoa cua """"vons""""; modifier key phai case-insensitive, output phai giu case goc""",VONS
P4_working_as_intended,vons,vons,vón,vons,0,1,ctx_fixes,-,degrades_vn,1,0,4,inflection_trap,high,"degrades_vn,""restore se mat 1 trong 2 duong go """"vón""""; van go duoc bang duong khac. """"von"""" an toan nhung dang bien cach ra tu tieng Viet """"vón"""" (dang suy dien, khong co trong top-10k)""",VONS
P4_working_as_intended,WAS,WAS,WAS,WAS,1,1,ok_both,-,degrades_vn,1,0,3,collision_vn_word_cased,high,"degrades_vn,""restore se mat 1 trong 2 duong go """"ỨA""""; van go duoc bang duong khac. bien the chu hoa cua """"was""""; modifier key phai case-insensitive, output phai giu case goc""",
P4_working_as_intended,Was,Was,Was,Was,1,1,ok_both,-,degrades_vn,1,0,3,collision_vn_word_cased,high,"degrades_vn,""restore se mat 1 trong 2 duong go """"Ứa""""; van go duoc bang duong khac. bien the chu hoa cua """"was""""; modifier key phai case-insensitive, output phai giu case goc""",WAS
P4_working_as_intended,was,was,was,was,1,1,ok_both,-,degrades_vn,1,0,3,collision_vn_word,high,"degrades_vn,""restore se mat 1 trong 2 duong go """"ứa""""; van go duoc bang duong khac. ra tu tieng Viet hop le """"ứa""""; can whitelist hoac context""",WAS
