review_priority,input,expected_en,out_no_context,out_after_english,ok_no_context,ok_after_english,subcase,reason,suite_hint,in_ctx_whitelist,in_collision_table,len,suite_category,suite_severity,suite_notes,case_variants
P1_restored_but_suite_says_never,ARMS,ARMS,ARMS,ARMS,1,1,ok_both,-,never,0,1,4,collision_vn_word_cased,high,"never,""restore se lam tu tieng Viet """"ÁM"""" KHONG THE GO DUOC NUA (chi co 1 duong keystroke). bien the chu hoa cua """"arms""""; modifier key phai case-insensitive, output phai giu case goc""",3
P1_restored_but_suite_says_never,ARTS,ARTS,ARTS,ARTS,1,1,ok_both,-,never,0,1,4,collision_vn_word_cased,high,"never,""restore se lam tu tieng Viet """"ÁT"""" KHONG THE GO DUOC NUA (chi co 1 duong keystroke). bien the chu hoa cua """"arts""""; modifier key phai case-insensitive, output phai giu case goc""",3
P1_restored_but_suite_says_never,BARS,BARS,BARS,BARS,1,1,ok_both,-,never,0,1,4,collision_vn_word_cased,high,"never,""restore se lam tu tieng Viet """"BÁ"""" KHONG THE GO DUOC NUA (chi co 1 duong keystroke). bien the chu hoa cua """"bars""""; modifier key phai case-insensitive, output phai giu case goc""",3
P1_restored_but_suite_says_never,BEEN,BEEN,BÊN,BEEN,0,1,ctx_fixes,-,never,1,0,4,collision_vn_word_cased,high,"never,""restore se lam tu tieng Viet """"BÊN"""" KHONG THE GO DUOC NUA (chi co 1 duong keystroke). bien the chu hoa cua """"been""""; modifier key phai case-insensitive, output phai giu case goc""",3
P1_restored_but_suite_says_never,CARS,CARS,CARS,CARS,1,1,ok_both,-,never,0,1,4,collision_vn_word_cased,high,"never,""restore se lam tu tieng Viet """"CÁ"""" KHONG THE GO DUOC NUA (chi co 1 duong keystroke). bien the chu hoa cua """"cars""""; modifier key phai case-insensitive, output phai giu case goc""",3
P1_restored_but_suite_says_never,CHARTS,CHARTS,CHARTS,CHARTS,1,1,ok_both,-,never,0,1,6,collision_vn_word_cased,high,"never,""restore se lam tu tieng Viet """"CHÁT"""" KHONG THE GO DUOC NUA (chi co 1 duong keystroke). bien the chu hoa cua """"charts""""; modifier key phai case-insensitive, output phai giu case goc""",3
P1_restored_but_suite_says_never,DOWN,DOWN,DOWN,DOWN,1,1,ok_both,-,never,1,1,4,collision_vn_word_cased,high,"never,""restore se lam tu tieng Viet """"DƠN"""" KHONG THE GO DUOC NUA (chi co 1 duong keystroke). bien the chu hoa cua """"down""""; modifier key phai case-insensitive, output phai giu case goc""",3
P1_restored_but_suite_says_never,her,her,her,her,1,1,ok_both,-,never,1,1,3,collision_vn_syllable,medium,"never,""restore se lam tu tieng Viet """"hẻ"""" KHONG THE GO DUOC NUA (chi co 1 duong keystroke). ra syllable tieng Viet hop le """"hẻ""""""",1
P1_restored_but_suite_says_never,HIS,HIS,HÍ,HIS,0,1,ctx_fixes,-,never,1,0,3,collision_vn_word_cased,high,"never,""restore se lam tu tieng Viet """"HÍ"""" KHONG THE GO DUOC NUA (chi co 1 duong keystroke). bien the chu hoa cua """"his""""; modifier key phai case-insensitive, output phai giu case goc""",3
P1_restored_but_suite_says_never,HOW,HOW,HƠ,HOW,0,1,ctx_fixes,-,never,1,0,3,collision_vn_word_cased,high,"never,""restore se lam tu tieng Viet """"HƠ"""" KHONG THE GO DUOC NUA (chi co 1 duong keystroke). bien the chu hoa cua """"how""""; modifier key phai case-insensitive, output phai giu case goc""",3
P1_restored_but_suite_says_never,LOW,LOW,LƠ,LOW,0,1,ctx_fixes,-,never,1,0,3,collision_vn_word_cased,high,"never,""restore se lam tu tieng Viet """"LƠ"""" KHONG THE GO DUOC NUA (chi co 1 duong keystroke). bien the chu hoa cua """"low""""; modifier key phai case-insensitive, output phai giu case goc""",3
P1_restored_but_suite_says_never,NOR,NOR,NỎ,NOR,0,1,ctx_fixes,-,never,1,0,3,collision_vn_word_cased,high,"never,""restore se lam tu tieng Viet """"NỎ"""" KHONG THE GO DUOC NUA (chi co 1 duong keystroke). bien the chu hoa cua """"nor""""; modifier key phai case-insensitive, output phai giu case goc""",3
P1_restored_but_suite_says_never,NOW,NOW,NƠ,NOW,0,1,ctx_fixes,-,never,1,0,3,collision_vn_word_cased,high,"never,""restore se lam tu tieng Viet """"NƠ"""" KHONG THE GO DUOC NUA (chi co 1 duong keystroke). bien the chu hoa cua """"now""""; modifier key phai case-insensitive, output phai giu case goc""",3
P1_restored_but_suite_says_never,parts,parts,parts,parts,1,1,ok_both,-,never,0,1,5,collision_vn_syllable,medium,"never,""restore se lam tu tieng Viet """"pát"""" KHONG THE GO DUOC NUA (chi co 1 duong keystroke). ra syllable tieng Viet hop le """"pát""""""",1
P1_restored_but_suite_says_never,per,per,per,per,1,1,ok_both,-,never,0,1,3,collision_vn_syllable,medium,"never,""restore se lam tu tieng Viet """"pẻ"""" KHONG THE GO DUOC NUA (chi co 1 duong keystroke). ra syllable tieng Viet hop le """"pẻ""""""",1
P1_restored_but_suite_says_never,RAYS,RAYS,RÁY,RAYS,0,1,ctx_fixes,-,never,1,0,4,collision_vn_word_cased,high,"never,""restore se lam tu tieng Viet """"RÁY"""" KHONG THE GO DUOC NUA (chi co 1 duong keystroke). bien the chu hoa cua """"rays""""; modifier key phai case-insensitive, output phai giu case goc""",6
P1_restored_but_suite_says_never,REFER,REFER,REFER,REFER,1,1,ok_both,-,never,0,1,5,collision_vn_word_cased,high,"never,""restore se lam tu tieng Viet """"RỂ"""" KHONG THE GO DUOC NUA (chi co 1 duong keystroke). bien the chu hoa cua """"refer""""; modifier key phai case-insensitive, output phai giu case goc""",3
P1_restored_but_suite_says_never,REST,REST,REST,REST,1,1,ok_both,-,never,0,1,4,collision_vn_word_cased,high,"never,""restore se lam tu tieng Viet """"RÉT"""" KHONG THE GO DUOC NUA (chi co 1 duong keystroke). bien the chu hoa cua """"rest""""; modifier key phai case-insensitive, output phai giu case goc""",3
P1_restored_but_suite_says_never,RUNS,RUNS,RÚN,RUNS,0,1,ctx_fixes,-,never,1,0,4,collision_vn_word_cased,high,"never,""restore se lam tu tieng Viet """"RÚN"""" KHONG THE GO DUOC NUA (chi co 1 duong keystroke). bien the chu hoa cua """"runs""""; modifier key phai case-insensitive, output phai giu case goc""",6
P1_restored_but_suite_says_never,see,see,see,see,1,1,ok_both,-,never,1,1,3,collision_vn_syllable,medium,"never,""restore se lam tu tieng Viet """"sê"""" KHONG THE GO DUOC NUA (chi co 1 duong keystroke). ra syllable tieng Viet hop le """"sê""""""",1
P1_restored_but_suite_says_never,SEEN,SEEN,SÊN,SEEN,0,1,ctx_fixes,-,never,1,0,4,collision_vn_word_cased,high,"never,""restore se lam tu tieng Viet """"SÊN"""" KHONG THE GO DUOC NUA (chi co 1 duong keystroke). bien the chu hoa cua """"seen""""; modifier key phai case-insensitive, output phai giu case goc""",3
P1_restored_but_suite_says_never,SICS,SICS,SICS,SICS,1,1,ok_both,-,never,0,0,4,inflection_trap_cased,high,"never,""restore se lam tu tieng Viet """"SÍC"""" KHONG THE GO DUOC NUA (chi co 1 duong keystroke). bien the chu hoa cua """"sics""""; modifier key phai case-insensitive, output phai giu case goc""",3
P1_restored_but_suite_says_never,SONGS,SONGS,SÓNG,SONGS,0,1,ctx_fixes,-,never,1,0,5,collision_vn_word_cased,high,"never,""restore se lam tu tieng Viet """"SÓNG"""" KHONG THE GO DUOC NUA (chi co 1 duong keystroke). bien the chu hoa cua """"songs""""; modifier key phai case-insensitive, output phai giu case goc""",6
P1_restored_but_suite_says_never,SONS,SONS,SÓN,SONS,0,1,ctx_fixes,-,never,1,0,4,collision_vn_word_cased,high,"never,""restore se lam tu tieng Viet """"SÓN"""" KHONG THE GO DUOC NUA (chi co 1 duong keystroke). bien the chu hoa cua """"sons""""; modifier key phai case-insensitive, output phai giu case goc""",6
P1_restored_but_suite_says_never,TERMS,TERMS,TERMS,TERMS,1,1,ok_both,-,never,0,1,5,collision_vn_word_cased,high,"never,""restore se lam tu tieng Viet """"TÉM"""" KHONG THE GO DUOC NUA (chi co 1 duong keystroke). bien the chu hoa cua """"terms""""; modifier key phai case-insensitive, output phai giu case goc""",3
P1_restored_but_suite_says_never,THIS,THIS,THÍ,THIS,0,1,ctx_fixes,-,never,1,0,4,collision_vn_word_cased,high,"never,""restore se lam tu tieng Viet """"THÍ"""" KHONG THE GO DUOC NUA (chi co 1 duong keystroke). bien the chu hoa cua """"this""""; modifier key phai case-insensitive, output phai giu case goc""",3
P1_restored_but_suite_says_never,THUS,THUS,THÚ,THUS,0,1,ctx_fixes,-,never,1,0,4,collision_vn_word_cased,high,"never,""restore se lam tu tieng Viet """"THÚ"""" KHONG THE GO DUOC NUA (chi co 1 duong keystroke). bien the chu hoa cua """"thus""""; modifier key phai case-insensitive, output phai giu case goc""",6
P1_restored_but_suite_says_never,TOO,TOO,TÔ,TOO,0,1,ctx_fixes,-,never,1,0,3,collision_vn_word_cased,high,"never,""restore se lam tu tieng Viet """"TÔ"""" KHONG THE GO DUOC NUA (chi co 1 duong keystroke). bien the chu hoa cua """"too""""; modifier key phai case-insensitive, output phai giu case goc""",3
P1_restored_but_suite_says_never,town,town,town,town,1,1,ok_both,-,never,0,1,4,collision_vn_syllable,medium,"never,""restore se lam tu tieng Viet """"tơn"""" KHONG THE GO DUOC NUA (chi co 1 duong keystroke). ra syllable tieng Viet hop le """"tơn""""""",1
P1_restored_but_suite_says_never,TRUST,TRUST,TRUST,TRUST,1,1,ok_both,-,never,0,1,5,collision_vn_word_cased,high,"never,""restore se lam tu tieng Viet """"TRÚT"""" KHONG THE GO DUOC NUA (chi co 1 duong keystroke). bien the chu hoa cua """"trust""""; modifier key phai case-insensitive, output phai giu case goc""",3
P1_restored_but_suite_says_never,VIRUS,VIRUS,VIRUS,VIRUS,1,1,ok_both,-,never,0,1,5,collision_vn_word_cased,high,"never,""restore se lam tu tieng Viet """"VÍU"""" KHONG THE GO DUOC NUA (chi co 1 duong keystroke). bien the chu hoa cua """"virus""""; modifier key phai case-insensitive, output phai giu case goc""",3
P1_restored_but_suite_says_never,WARS,WARS,WARS,WARS,1,1,ok_both,-,never,0,1,4,collision_vn_word_cased,high,"never,""restore se lam tu tieng Viet """"ỨA"""" KHONG THE GO DUOC NUA (chi co 1 duong keystroke). bien the chu hoa cua """"wars""""; modifier key phai case-insensitive, output phai giu case goc""",3
P3_engine_keeps_vn_suite_expected_contradicts_note,AXIS,AXIS,ÁI,ÁI,0,0,ctx_misses,not_in_whitelist,never,0,0,4,collision_vn_word_cased,high,"never,""restore se lam tu tieng Viet """"ÁI"""" KHONG THE GO DUOC NUA (chi co 1 duong keystroke). bien the chu hoa cua """"axis""""; modifier key phai case-insensitive, output phai giu case goc""",3
P3_engine_keeps_vn_suite_expected_contradicts_note,BAR,BAR,BẢ,BẢ,0,0,ctx_misses,not_in_whitelist|short_token,never,0,0,3,collision_vn_word_cased,high,"never,""restore se lam tu tieng Viet """"BẢ"""" KHONG THE GO DUOC NUA (chi co 1 duong keystroke). bien the chu hoa cua """"bar""""; modifier key phai case-insensitive, output phai giu case goc""",3
P3_engine_keeps_vn_suite_expected_contradicts_note,BEE,BEE,BÊ,BÊ,0,0,ctx_misses,not_in_whitelist|short_token,never,0,0,3,collision_vn_word_cased,high,"never,""restore se lam tu tieng Viet """"BÊ"""" KHONG THE GO DUOC NUA (chi co 1 duong keystroke). bien the chu hoa cua """"bee""""; modifier key phai case-insensitive, output phai giu case goc""",3
P3_engine_keeps_vn_suite_expected_contradicts_note,BES,BES,BÉ,BÉ,0,0,ctx_misses,not_in_whitelist|short_token,never,0,0,3,inflection_trap_cased,high,"never,""restore se lam tu tieng Viet """"BÉ"""" KHONG THE GO DUOC NUA (chi co 1 duong keystroke). bien the chu hoa cua """"bes""""; modifier key phai case-insensitive, output phai giu case goc""",3
P3_engine_keeps_vn_suite_expected_contradicts_note,BIS,BIS,BÍ,BÍ,0,0,ctx_misses,not_in_whitelist|short_token,never,0,0,3,inflection_trap_cased,high,"never,""restore se lam tu tieng Viet """"BÍ"""" KHONG THE GO DUOC NUA (chi co 1 duong keystroke). bien the chu hoa cua """"bis""""; modifier key phai case-insensitive, output phai giu case goc""",3
P3_engine_keeps_vn_suite_expected_contradicts_note,BOOM,BOOM,BÔM,BÔM,0,0,ctx_misses,not_in_whitelist,never,0,0,4,collision_vn_word_cased,high,"never,""restore se lam tu tieng Viet """"BÔM"""" KHONG THE GO DUOC NUA (chi co 1 duong keystroke). bien the chu hoa cua """"boom""""; modifier key phai case-insensitive, output phai giu case goc""",3
P3_engine_keeps_vn_suite_expected_contradicts_note,BOS,BOS,BÓ,BÓ,0,0,ctx_misses,not_in_whitelist|short_token,never,0,0,3,inflection_trap_cased,high,"never,""restore se lam tu tieng Viet """"BÓ"""" KHONG THE GO DUOC NUA (chi co 1 duong keystroke). bien the chu hoa cua """"bos""""; modifier key phai case-insensitive, output phai giu case goc""",3
P3_engine_keeps_vn_suite_expected_contradicts_note,BOW,BOW,BƠ,BƠ,0,0,ctx_misses,not_in_whitelist|short_token,never,0,0,3,collision_vn_word_cased,high,"never,""restore se lam tu tieng Viet """"BƠ"""" KHONG THE GO DUOC NUA (chi co 1 duong keystroke). bien the chu hoa cua """"bow""""; modifier key phai case-insensitive, output phai giu case goc""",3
P3_engine_keeps_vn_suite_expected_contradicts_note,BOX,BOX,BÕ,BÕ,0,0,ctx_misses,not_in_whitelist|short_token,never,0,0,3,collision_vn_word_cased,high,"never,""restore se lam tu tieng Viet """"BÕ"""" KHONG THE GO DUOC NUA (chi co 1 duong keystroke). bien the chu hoa cua """"box""""; modifier key phai case-insensitive, output phai giu case goc""",3
P3_engine_keeps_vn_suite_expected_contradicts_note,BUF,BUF,BÙ,BÙ,0,0,ctx_misses,not_in_whitelist|short_token,never,0,0,3,collision_vn_word_cased,high,"never,""restore se lam tu tieng Viet """"BÙ"""" KHONG THE GO DUOC NUA (chi co 1 duong keystroke). bien the chu hoa cua """"buf""""; modifier key phai case-insensitive, output phai giu case goc""",3
P3_engine_keeps_vn_suite_expected_contradicts_note,BURNS,BURNS,BÚN,BÚN,0,0,ctx_misses,not_in_whitelist,never,0,0,5,collision_vn_word_cased,high,"never,""restore se lam tu tieng Viet """"BÚN"""" KHONG THE GO DUOC NUA (chi co 1 duong keystroke). bien the chu hoa cua """"burns""""; modifier key phai case-insensitive, output phai giu case goc""",3
P3_engine_keeps_vn_suite_expected_contradicts_note,BURST,BURST,BÚT,BÚT,0,0,ctx_misses,not_in_whitelist,never,0,0,5,collision_vn_word_cased,high,"never,""restore se lam tu tieng Viet """"BÚT"""" KHONG THE GO DUOC NUA (chi co 1 duong keystroke). bien the chu hoa cua """"burst""""; modifier key phai case-insensitive, output phai giu case goc""",3
P3_engine_keeps_vn_suite_expected_contradicts_note,BUS,BUS,BÚ,BÚ,0,0,ctx_misses,not_in_whitelist|short_token,never,0,0,3,collision_vn_word_cased,high,"never,""restore se lam tu tieng Viet """"BÚ"""" KHONG THE GO DUOC NUA (chi co 1 duong keystroke). bien the chu hoa cua """"bus""""; modifier key phai case-insensitive, output phai giu case goc""",3
P3_engine_keeps_vn_suite_expected_contradicts_note,CAR,CAR,CẢ,CẢ,0,0,ctx_misses,not_in_whitelist|short_token,never,0,0,3,collision_vn_word_cased,high,"never,""restore se lam tu tieng Viet """"CẢ"""" KHONG THE GO DUOC NUA (chi co 1 duong keystroke). bien the chu hoa cua """"car""""; modifier key phai case-insensitive, output phai giu case goc""",3
P3_engine_keeps_vn_suite_expected_contradicts_note,CHAIRS,CHAIRS,CHÁI,CHÁI,0,0,ctx_misses,not_in_whitelist,never,0,0,6,collision_vn_word_cased,high,"never,""restore se lam tu tieng Viet """"CHÁI"""" KHONG THE GO DUOC NUA (chi co 1 duong keystroke). bien the chu hoa cua """"chairs""""; modifier key phai case-insensitive, output phai giu case goc""",3
P3_engine_keeps_vn_suite_expected_contradicts_note,CHAR,CHAR,CHẢ,CHẢ,0,0,ctx_misses,not_in_whitelist,never,0,0,4,collision_vn_word_cased,high,"never,""restore se lam tu tieng Viet """"CHẢ"""" KHONG THE GO DUOC NUA (chi co 1 duong keystroke). bien the chu hoa cua """"char""""; modifier key phai case-insensitive, output phai giu case goc""",6
P3_engine_keeps_vn_suite_expected_contradicts_note,CHEERS,CHEERS,CHẾ,CHẾ,0,0,ctx_misses,not_in_whitelist,never,0,0,6,collision_vn_word_cased,high,"never,""restore se lam tu tieng Viet """"CHẾ"""" KHONG THE GO DUOC NUA (chi co 1 duong keystroke). bien the chu hoa cua """"cheers""""; modifier key phai case-insensitive, output phai giu case goc""",3
P3_engine_keeps_vn_suite_expected_contradicts_note,CHEF,CHEF,CHÈ,CHÈ,0,0,ctx_misses,not_in_whitelist,never,0,0,4,collision_vn_word_cased,high,"never,""restore se lam tu tieng Viet """"CHÈ"""" KHONG THE GO DUOC NUA (chi co 1 duong keystroke). bien the chu hoa cua """"chef""""; modifier key phai case-insensitive, output phai giu case goc""",3
P3_engine_keeps_vn_suite_expected_contradicts_note,CHIS,CHIS,CHÍ,CHÍ,0,0,ctx_misses,not_in_whitelist,never,0,0,4,inflection_trap_cased,high,"never,""restore se lam tu tieng Viet """"CHÍ"""" KHONG THE GO DUOC NUA (chi co 1 duong keystroke). bien the chu hoa cua """"chis""""; modifier key phai case-insensitive, output phai giu case goc""",3
P3_engine_keeps_vn_suite_expected_contradicts_note,CHOS,CHOS,CHÓ,CHÓ,0,0,ctx_misses,not_in_whitelist,never,0,0,4,inflection_trap_cased,high,"never,""restore se lam tu tieng Viet """"CHÓ"""" KHONG THE GO DUOC NUA (chi co 1 duong keystroke). bien the chu hoa cua """"chos""""; modifier key phai case-insensitive, output phai giu case goc""",3
P3_engine_keeps_vn_suite_expected_contradicts_note,CHOWN,CHOWN,CHƠN,CHƠN,0,0,ctx_misses,not_in_whitelist,never,0,0,5,collision_vn_word_cased,high,"never,""restore se lam tu tieng Viet """"CHƠN"""" KHONG THE GO DUOC NUA (chi co 1 duong keystroke). bien the chu hoa cua """"chown""""; modifier key phai case-insensitive, output phai giu case goc""",3
P3_engine_keeps_vn_suite_expected_contradicts_note,CORPS,CORPS,CÓP,CÓP,0,0,ctx_misses,not_in_whitelist,never,0,0,5,collision_vn_word_cased,high,"never,""restore se lam tu tieng Viet """"CÓP"""" KHONG THE GO DUOC NUA (chi co 1 duong keystroke). bien the chu hoa cua """"corps""""; modifier key phai case-insensitive, output phai giu case goc""",3
P3_engine_keeps_vn_suite_expected_contradicts_note,CORS,CORS,CÓ,CÓ,0,0,ctx_misses,not_in_whitelist,never,0,0,4,collision_vn_word_cased,high,"never,""restore se lam tu tieng Viet """"CÓ"""" KHONG THE GO DUOC NUA (chi co 1 duong keystroke). bien the chu hoa cua """"cors""""; modifier key phai case-insensitive, output phai giu case goc""",3
P3_engine_keeps_vn_suite_expected_contradicts_note,COS,COS,CÓ,CÓ,0,0,ctx_misses,not_in_whitelist|short_token,never,0,0,3,collision_vn_word_cased,high,"never,""restore se lam tu tieng Viet """"CÓ"""" KHONG THE GO DUOC NUA (chi co 1 duong keystroke). bien the chu hoa cua """"cos""""; modifier key phai case-insensitive, output phai giu case goc""",6
P3_engine_keeps_vn_suite_expected_contradicts_note,COW,COW,CƠ,CƠ,0,0,ctx_misses,not_in_whitelist|short_token,never,0,0,3,collision_vn_word_cased,high,"never,""restore se lam tu tieng Viet """"CƠ"""" KHONG THE GO DUOC NUA (chi co 1 duong keystroke). bien the chu hoa cua """"cow""""; modifier key phai case-insensitive, output phai giu case goc""",3
P3_engine_keeps_vn_suite_expected_contradicts_note,CUS,CUS,CÚ,CÚ,0,0,ctx_misses,not_in_whitelist|short_token,never,0,0,3,inflection_trap_cased,high,"never,""restore se lam tu tieng Viet """"CÚ"""" KHONG THE GO DUOC NUA (chi co 1 duong keystroke). bien the chu hoa cua """"cus""""; modifier key phai case-insensitive, output phai giu case goc""",3
P3_engine_keeps_vn_suite_expected_contradicts_note,DAWN,DAWN,DĂN,DĂN,0,0,ctx_misses,not_in_whitelist,never,0,0,4,collision_vn_word_cased,high,"never,""restore se lam tu tieng Viet """"DĂN"""" KHONG THE GO DUOC NUA (chi co 1 duong keystroke). bien the chu hoa cua """"dawn""""; modifier key phai case-insensitive, output phai giu case goc""",3
P3_engine_keeps_vn_suite_expected_contradicts_note,DEE,DEE,DÊ,DÊ,0,0,ctx_misses,not_in_whitelist|short_token,never,0,0,3,collision_vn_word_cased,high,"never,""restore se lam tu tieng Viet """"DÊ"""" KHONG THE GO DUOC NUA (chi co 1 duong keystroke). bien the chu hoa cua """"dee""""; modifier key phai case-insensitive, output phai giu case goc""",3
P3_engine_keeps_vn_suite_expected_contradicts_note,DEF,DEF,DÈ,DÈ,0,0,ctx_misses,not_in_whitelist|short_token,never,0,0,3,collision_vn_word_cased,high,"never,""restore se lam tu tieng Viet """"DÈ"""" KHONG THE GO DUOC NUA (chi co 1 duong keystroke). bien the chu hoa cua """"def""""; modifier key phai case-insensitive, output phai giu case goc""",3
P3_engine_keeps_vn_suite_expected_contradicts_note,DER,DER,DẺ,DẺ,0,0,ctx_misses,not_in_whitelist|short_token,never,0,0,3,collision_vn_word_cased,high,"never,""restore se lam tu tieng Viet """"DẺ"""" KHONG THE GO DUOC NUA (chi co 1 duong keystroke). bien the chu hoa cua """"der""""; modifier key phai case-insensitive, output phai giu case goc""",3
P3_engine_keeps_vn_suite_expected_contradicts_note,DES,DES,DÉ,DÉ,0,0,ctx_misses,not_in_whitelist|short_token,never,0,0,3,collision_vn_word_cased,high,"never,""restore se lam tu tieng Viet """"DÉ"""" KHONG THE GO DUOC NUA (chi co 1 duong keystroke). bien the chu hoa cua """"des""""; modifier key phai case-insensitive, output phai giu case goc""",6
P3_engine_keeps_vn_suite_expected_contradicts_note,DIR,DIR,DỈ,DỈ,0,0,ctx_misses,not_in_whitelist|short_token,never,0,0,3,collision_vn_word_cased,high,"never,""restore se lam tu tieng Viet """"DỈ"""" KHONG THE GO DUOC NUA (chi co 1 duong keystroke). bien the chu hoa cua """"dir""""; modifier key phai case-insensitive, output phai giu case goc""",3
P3_engine_keeps_vn_suite_expected_contradicts_note,dis,dis,dí,dí,0,0,ctx_misses,not_in_whitelist|short_token,never,0,0,3,collision_vn_syllable,medium,"never,""restore se lam tu tieng Viet """"dí"""" KHONG THE GO DUOC NUA (chi co 1 duong keystroke). ra syllable tieng Viet hop le """"dí""""""",1
P3_engine_keeps_vn_suite_expected_contradicts_note,DOS,DOS,DÓ,DÓ,0,0,ctx_misses,not_in_whitelist|short_token,never,0,0,3,collision_vn_word_cased,high,"never,""restore se lam tu tieng Viet """"DÓ"""" KHONG THE GO DUOC NUA (chi co 1 duong keystroke). bien the chu hoa cua """"dos""""; modifier key phai case-insensitive, output phai giu case goc""",6
P3_engine_keeps_vn_suite_expected_contradicts_note,DOW,DOW,DƠ,DƠ,0,0,ctx_misses,not_in_whitelist|short_token,never,0,0,3,collision_vn_word_cased,high,"never,""restore se lam tu tieng Viet """"DƠ"""" KHONG THE GO DUOC NUA (chi co 1 duong keystroke). bien the chu hoa cua """"dow""""; modifier key phai case-insensitive, output phai giu case goc""",3
P3_engine_keeps_vn_suite_expected_contradicts_note,GAS,GAS,GÁ,GÁ,0,0,ctx_misses,not_in_whitelist|short_token,never,0,0,3,collision_vn_word_cased,high,"never,""restore se lam tu tieng Viet """"GÁ"""" KHONG THE GO DUOC NUA (chi co 1 duong keystroke). bien the chu hoa cua """"gas""""; modifier key phai case-insensitive, output phai giu case goc""",6
P3_engine_keeps_vn_suite_expected_contradicts_note,HES,HES,HÉ,HÉ,0,0,ctx_misses,not_in_whitelist|short_token,never,0,0,3,inflection_trap_cased,high,"never,""restore se lam tu tieng Viet """"HÉ"""" KHONG THE GO DUOC NUA (chi co 1 duong keystroke). bien the chu hoa cua """"hes""""; modifier key phai case-insensitive, output phai giu case goc""",3
P3_engine_keeps_vn_suite_expected_contradicts_note,IRS,IRS,Í,Í,0,0,ctx_misses,not_in_whitelist|short_token,never,0,0,3,collision_vn_word_cased,high,"never,""restore se lam tu tieng Viet """"Í"""" KHONG THE GO DUOC NUA (chi co 1 duong keystroke). bien the chu hoa cua """"irs""""; modifier key phai case-insensitive, output phai giu case goc""",3
P3_engine_keeps_vn_suite_expected_contradicts_note,KEEN,KEEN,KÊN,KÊN,0,0,ctx_misses,not_in_whitelist,never,0,0,4,collision_vn_word_cased,high,"never,""restore se lam tu tieng Viet """"KÊN"""" KHONG THE GO DUOC NUA (chi co 1 duong keystroke). bien the chu hoa cua """"keen""""; modifier key phai case-insensitive, output phai giu case goc""",3
P3_engine_keeps_vn_suite_expected_contradicts_note,KYS,KYS,KÝ,KÝ,0,0,ctx_misses,not_in_whitelist|short_token,never,0,0,3,inflection_trap_cased,high,"never,""restore se lam tu tieng Viet """"KÝ"""" KHONG THE GO DUOC NUA (chi co 1 duong keystroke). bien the chu hoa cua """"kys""""; modifier key phai case-insensitive, output phai giu case goc""",3
P3_engine_keeps_vn_suite_expected_contradicts_note,LAWN,LAWN,LĂN,LĂN,0,0,ctx_misses,not_in_whitelist,never,0,0,4,collision_vn_word_cased,high,"never,""restore se lam tu tieng Viet """"LĂN"""" KHONG THE GO DUOC NUA (chi co 1 duong keystroke). bien the chu hoa cua """"lawn""""; modifier key phai case-insensitive, output phai giu case goc""",3
P3_engine_keeps_vn_suite_expected_contradicts_note,LEE,LEE,LÊ,LÊ,0,0,ctx_misses,not_in_whitelist|short_token,never,0,0,3,collision_vn_word_cased,high,"never,""restore se lam tu tieng Viet """"LÊ"""" KHONG THE GO DUOC NUA (chi co 1 duong keystroke). bien the chu hoa cua """"lee""""; modifier key phai case-insensitive, output phai giu case goc""",3
P3_engine_keeps_vn_suite_expected_contradicts_note,LES,LES,LÉ,LÉ,0,0,ctx_misses,not_in_whitelist|short_token,never,0,0,3,collision_vn_word_cased,high,"never,""restore se lam tu tieng Viet """"LÉ"""" KHONG THE GO DUOC NUA (chi co 1 duong keystroke). bien the chu hoa cua """"les""""; modifier key phai case-insensitive, output phai giu case goc""",6
P3_engine_keeps_vn_suite_expected_contradicts_note,LIS,LIS,LÍ,LÍ,0,0,ctx_misses,not_in_whitelist|short_token,never,0,0,3,inflection_trap_cased,high,"never,""restore se lam tu tieng Viet """"LÍ"""" KHONG THE GO DUOC NUA (chi co 1 duong keystroke). bien the chu hoa cua """"lis""""; modifier key phai case-insensitive, output phai giu case goc""",3
P3_engine_keeps_vn_suite_expected_contradicts_note,LOS,LOS,LÓ,LÓ,0,0,ctx_misses,not_in_whitelist|short_token,never,0,0,3,collision_vn_word_cased,high,"never,""restore se lam tu tieng Viet """"LÓ"""" KHONG THE GO DUOC NUA (chi co 1 duong keystroke). bien the chu hoa cua """"los""""; modifier key phai case-insensitive, output phai giu case goc""",6
P3_engine_keeps_vn_suite_expected_contradicts_note,LUS,LUS,LÚ,LÚ,0,0,ctx_misses,not_in_whitelist|short_token,never,0,0,3,inflection_trap_cased,high,"never,""restore se lam tu tieng Viet """"LÚ"""" KHONG THE GO DUOC NUA (chi co 1 duong keystroke). bien the chu hoa cua """"lus""""; modifier key phai case-insensitive, output phai giu case goc""",3
P3_engine_keeps_vn_suite_expected_contradicts_note,MAR,MAR,MẢ,MẢ,0,0,ctx_misses,not_in_whitelist|short_token,never,0,0,3,collision_vn_word_cased,high,"never,""restore se lam tu tieng Viet """"MẢ"""" KHONG THE GO DUOC NUA (chi co 1 duong keystroke). bien the chu hoa cua """"mar""""; modifier key phai case-insensitive, output phai giu case goc""",3
P3_engine_keeps_vn_suite_expected_contradicts_note,MARS,MARS,MÁ,MÁ,0,0,ctx_misses,not_in_whitelist,never,0,0,4,collision_vn_word_cased,high,"never,""restore se lam tu tieng Viet """"MÁ"""" KHONG THE GO DUOC NUA (chi co 1 duong keystroke). bien the chu hoa cua """"mars""""; modifier key phai case-insensitive, output phai giu case goc""",3
P3_engine_keeps_vn_suite_expected_contradicts_note,MAX,MAX,MÃ,MÃ,0,0,ctx_misses,not_in_whitelist|short_token,never,0,0,3,collision_vn_word_cased,high,"never,""restore se lam tu tieng Viet """"MÃ"""" KHONG THE GO DUOC NUA (chi co 1 duong keystroke). bien the chu hoa cua """"max""""; modifier key phai case-insensitive, output phai giu case goc""",3
P3_engine_keeps_vn_suite_expected_contradicts_note,MES,MES,MÉ,MÉ,0,0,ctx_misses,not_in_whitelist|short_token,never,0,0,3,inflection_trap_cased,high,"never,""restore se lam tu tieng Viet """"MÉ"""" KHONG THE GO DUOC NUA (chi co 1 duong keystroke). bien the chu hoa cua """"mes""""; modifier key phai case-insensitive, output phai giu case goc""",3
P3_engine_keeps_vn_suite_expected_contradicts_note,MIS,MIS,MÍ,MÍ,0,0,ctx_misses,not_in_whitelist|short_token,never,0,0,3,inflection_trap_cased,high,"never,""restore se lam tu tieng Viet """"MÍ"""" KHONG THE GO DUOC NUA (chi co 1 duong keystroke). bien the chu hoa cua """"mis""""; modifier key phai case-insensitive, output phai giu case goc""",3
P3_engine_keeps_vn_suite_expected_contradicts_note,MIX,MIX,MĨ,MĨ,0,0,ctx_misses,not_in_whitelist|short_token,never,0,0,3,collision_vn_word_cased,high,"never,""restore se lam tu tieng Viet """"MĨ"""" KHONG THE GO DUOC NUA (chi co 1 duong keystroke). bien the chu hoa cua """"mix""""; modifier key phai case-insensitive, output phai giu case goc""",3
P3_engine_keeps_vn_suite_expected_contradicts_note,MOON,MOON,MÔN,MÔN,0,0,ctx_misses,not_in_whitelist,never,0,0,4,collision_vn_word_cased,high,"never,""restore se lam tu tieng Viet """"MÔN"""" KHONG THE GO DUOC NUA (chi co 1 duong keystroke). bien the chu hoa cua """"moon""""; modifier key phai case-insensitive, output phai giu case goc""",3
P3_engine_keeps_vn_suite_expected_contradicts_note,MOS,MOS,MÓ,MÓ,0,0,ctx_misses,not_in_whitelist|short_token,never,0,0,3,inflection_trap_cased,high,"never,""restore se lam tu tieng Viet """"MÓ"""" KHONG THE GO DUOC NUA (chi co 1 duong keystroke). bien the chu hoa cua """"mos""""; modifier key phai case-insensitive, output phai giu case goc""",3
P3_engine_keeps_vn_suite_expected_contradicts_note,MUS,MUS,MÚ,MÚ,0,0,ctx_misses,not_in_whitelist|short_token,never,0,0,3,inflection_trap_cased,high,"never,""restore se lam tu tieng Viet """"MÚ"""" KHONG THE GO DUOC NUA (chi co 1 duong keystroke). bien the chu hoa cua """"mus""""; modifier key phai case-insensitive, output phai giu case goc""",3
P3_engine_keeps_vn_suite_expected_contradicts_note,NES,NES,NÉ,NÉ,0,0,ctx_misses,not_in_whitelist|short_token,never,0,0,3,inflection_trap_cased,high,"never,""restore se lam tu tieng Viet """"NÉ"""" KHONG THE GO DUOC NUA (chi co 1 duong keystroke). bien the chu hoa cua """"nes""""; modifier key phai case-insensitive, output phai giu case goc""",3
P3_engine_keeps_vn_suite_expected_contradicts_note,NEXTJS,NEXTJS,NÉT,NÉT,0,0,ctx_misses,not_in_whitelist,never,0,0,6,collision_vn_word_cased,high,"never,""restore se lam tu tieng Viet """"NÉT"""" KHONG THE GO DUOC NUA (chi co 1 duong keystroke). bien the chu hoa cua """"nextjs""""; modifier key phai case-insensitive, output phai giu case goc""",3
P3_engine_keeps_vn_suite_expected_contradicts_note,NOON,NOON,NÔN,NÔN,0,0,ctx_misses,not_in_whitelist,never,0,0,4,collision_vn_word_cased,high,"never,""restore se lam tu tieng Viet """"NÔN"""" KHONG THE GO DUOC NUA (chi co 1 duong keystroke). bien the chu hoa cua """"noon""""; modifier key phai case-insensitive, output phai giu case goc""",3
P3_engine_keeps_vn_suite_expected_contradicts_note,NOS,NOS,NÓ,NÓ,0,0,ctx_misses,not_in_whitelist|short_token,never,0,0,3,inflection_trap_cased,high,"never,""restore se lam tu tieng Viet """"NÓ"""" KHONG THE GO DUOC NUA (chi co 1 duong keystroke). bien the chu hoa cua """"nos""""; modifier key phai case-insensitive, output phai giu case goc""",3
P3_engine_keeps_vn_suite_expected_contradicts_note,OWN,OWN,ƠN,ƠN,0,0,ctx_misses,not_in_whitelist|short_token,never,0,0,3,collision_vn_word_cased,high,"never,""restore se lam tu tieng Viet """"ƠN"""" KHONG THE GO DUOC NUA (chi co 1 duong keystroke). bien the chu hoa cua """"own""""; modifier key phai case-insensitive, output phai giu case goc""",3
P3_engine_keeps_vn_suite_expected_contradicts_note,par,par,pả,pả,0,0,ctx_misses,not_in_whitelist|short_token,never,0,0,3,collision_vn_syllable,medium,"never,""restore se lam tu tieng Viet """"pả"""" KHONG THE GO DUOC NUA (chi co 1 duong keystroke). ra syllable tieng Viet hop le """"pả""""""",1
P3_engine_keeps_vn_suite_expected_contradicts_note,pee,pee,pê,pê,0,0,ctx_misses,not_in_whitelist|short_token,never,0,0,3,collision_vn_syllable,medium,"never,""restore se lam tu tieng Viet """"pê"""" KHONG THE GO DUOC NUA (chi co 1 duong keystroke). ra syllable tieng Viet hop le """"pê""""""",1
P3_engine_keeps_vn_suite_expected_contradicts_note,PHIS,PHIS,PHÍ,PHÍ,0,0,ctx_misses,not_in_whitelist,never,0,0,4,inflection_trap_cased,high,"never,""restore se lam tu tieng Viet """"PHÍ"""" KHONG THE GO DUOC NUA (chi co 1 duong keystroke). bien the chu hoa cua """"phis""""; modifier key phai case-insensitive, output phai giu case goc""",3
P3_engine_keeps_vn_suite_expected_contradicts_note,QUEEN,QUEEN,QUÊN,QUÊN,0,0,ctx_misses,not_in_whitelist,never,0,0,5,collision_vn_word_cased,high,"never,""restore se lam tu tieng Viet """"QUÊN"""" KHONG THE GO DUOC NUA (chi co 1 duong keystroke). bien the chu hoa cua """"queen""""; modifier key phai case-insensitive, output phai giu case goc""",3
P3_engine_keeps_vn_suite_expected_contradicts_note,RAMS,RAMS,RÁM,RÁM,0,0,ctx_misses,not_in_whitelist,never,0,0,4,inflection_trap_cased,high,"never,""restore se lam tu tieng Viet """"RÁM"""" KHONG THE GO DUOC NUA (chi co 1 duong keystroke). bien the chu hoa cua """"rams""""; modifier key phai case-insensitive, output phai giu case goc""",3
P3_engine_keeps_vn_suite_expected_contradicts_note,RANS,RANS,RÁN,RÁN,0,0,ctx_misses,not_in_whitelist,never,0,0,4,inflection_trap_cased,high,"never,""restore se lam tu tieng Viet """"RÁN"""" KHONG THE GO DUOC NUA (chi co 1 duong keystroke). bien the chu hoa cua """"rans""""; modifier key phai case-insensitive, output phai giu case goc""",3
P3_engine_keeps_vn_suite_expected_contradicts_note,RAS,RAS,RÁ,RÁ,0,0,ctx_misses,not_in_whitelist|short_token,never,0,0,3,inflection_trap_cased,high,"never,""restore se lam tu tieng Viet """"RÁ"""" KHONG THE GO DUOC NUA (chi co 1 duong keystroke). bien the chu hoa cua """"ras""""; modifier key phai case-insensitive, output phai giu case goc""",3
P3_engine_keeps_vn_suite_expected_contradicts_note,RATS,RATS,RÁT,RÁT,0,0,ctx_misses,not_in_whitelist,never,0,0,4,collision_vn_word_cased,high,"never,""restore se lam tu tieng Viet """"RÁT"""" KHONG THE GO DUOC NUA (chi co 1 duong keystroke). bien the chu hoa cua """"rats""""; modifier key phai case-insensitive, output phai giu case goc""",3
P3_engine_keeps_vn_suite_expected_contradicts_note,reef,reef,rề,rề,0,0,ctx_misses,not_in_whitelist,never,0,0,4,collision_vn_syllable,medium,"never,""restore se lam tu tieng Viet """"rề"""" KHONG THE GO DUOC NUA (chi co 1 duong keystroke). ra syllable tieng Viet hop le """"rề""""""",1
P3_engine_keeps_vn_suite_expected_contradicts_note,REER,REER,RỂ,RỂ,0,0,ctx_misses,not_in_whitelist,never,0,0,4,inflection_trap_cased,high,"never,""restore se lam tu tieng Viet """"RỂ"""" KHONG THE GO DUOC NUA (chi co 1 duong keystroke). bien the chu hoa cua """"reer""""; modifier key phai case-insensitive, output phai giu case goc""",3
P3_engine_keeps_vn_suite_expected_contradicts_note,REES,REES,RẾ,RẾ,0,0,ctx_misses,not_in_whitelist,never,0,0,4,inflection_trap_cased,high,"never,""restore se lam tu tieng Viet """"RẾ"""" KHONG THE GO DUOC NUA (chi co 1 duong keystroke). bien the chu hoa cua """"rees""""; modifier key phai case-insensitive, output phai giu case goc""",3
P3_engine_keeps_vn_suite_expected_contradicts_note,REEST,REEST,RẾT,RẾT,0,0,ctx_misses,not_in_whitelist,never,0,0,5,inflection_trap_cased,high,"never,""restore se lam tu tieng Viet """"RẾT"""" KHONG THE GO DUOC NUA (chi co 1 duong keystroke). bien the chu hoa cua """"reest""""; modifier key phai case-insensitive, output phai giu case goc""",3
P3_engine_keeps_vn_suite_expected_contradicts_note,REF,REF,RÈ,RÈ,0,0,ctx_misses,not_in_whitelist|short_token,never,0,0,3,collision_vn_word_cased,high,"never,""restore se lam tu tieng Viet """"RÈ"""" KHONG THE GO DUOC NUA (chi co 1 duong keystroke). bien the chu hoa cua """"ref""""; modifier key phai case-insensitive, output phai giu case goc""",3
P3_engine_keeps_vn_suite_expected_contradicts_note,REFERS,REFERS,RẾ,RẾ,0,0,ctx_misses,not_in_whitelist,never,0,0,6,collision_vn_word_cased,high,"never,""restore se lam tu tieng Viet """"RẾ"""" KHONG THE GO DUOC NUA (chi co 1 duong keystroke). bien the chu hoa cua """"refers""""; modifier key phai case-insensitive, output phai giu case goc""",3
P3_engine_keeps_vn_suite_expected_contradicts_note,RES,RES,RÉ,RÉ,0,0,ctx_misses,not_in_whitelist|short_token,never,0,0,3,collision_vn_word_cased,high,"never,""restore se lam tu tieng Viet """"RÉ"""" KHONG THE GO DUOC NUA (chi co 1 duong keystroke). bien the chu hoa cua """"res""""; modifier key phai case-insensitive, output phai giu case goc""",6
P3_engine_keeps_vn_suite_expected_contradicts_note,RESET,RESET,RẾT,RẾT,0,0,ctx_misses,not_in_whitelist,never,0,0,5,collision_vn_word_cased,high,"never,""restore se lam tu tieng Viet """"RẾT"""" KHONG THE GO DUOC NUA (chi co 1 duong keystroke). bien the chu hoa cua """"reset""""; modifier key phai case-insensitive, output phai giu case goc""",3
P3_engine_keeps_vn_suite_expected_contradicts_note,RIMS,RIMS,RÍM,RÍM,0,0,ctx_misses,not_in_whitelist,never,0,0,4,inflection_trap_cased,high,"never,""restore se lam tu tieng Viet """"RÍM"""" KHONG THE GO DUOC NUA (chi co 1 duong keystroke). bien the chu hoa cua """"rims""""; modifier key phai case-insensitive, output phai giu case goc""",3
P3_engine_keeps_vn_suite_expected_contradicts_note,RIS,RIS,RÍ,RÍ,0,0,ctx_misses,not_in_whitelist|short_token,never,0,0,3,inflection_trap_cased,high,"never,""restore se lam tu tieng Viet """"RÍ"""" KHONG THE GO DUOC NUA (chi co 1 duong keystroke). bien the chu hoa cua """"ris""""; modifier key phai case-insensitive, output phai giu case goc""",3
P3_engine_keeps_vn_suite_expected_contradicts_note,ROMS,ROMS,RÓM,RÓM,0,0,ctx_misses,not_in_whitelist,never,0,0,4,inflection_trap_cased,high,"never,""restore se lam tu tieng Viet """"RÓM"""" KHONG THE GO DUOC NUA (chi co 1 duong keystroke). bien the chu hoa cua """"roms""""; modifier key phai case-insensitive, output phai giu case goc""",3
P3_engine_keeps_vn_suite_expected_contradicts_note,RONS,RONS,RÓN,RÓN,0,0,ctx_misses,not_in_whitelist,never,0,0,4,inflection_trap_cased,high,"never,""restore se lam tu tieng Viet """"RÓN"""" KHONG THE GO DUOC NUA (chi co 1 duong keystroke). bien the chu hoa cua """"rons""""; modifier key phai case-insensitive, output phai giu case goc""",3
P3_engine_keeps_vn_suite_expected_contradicts_note,ROOF,ROOF,RỒ,RỒ,0,0,ctx_misses,not_in_whitelist,never,0,0,4,collision_vn_word_cased,high,"never,""restore se lam tu tieng Viet """"RỒ"""" KHONG THE GO DUOC NUA (chi co 1 duong keystroke). bien the chu hoa cua """"roof""""; modifier key phai case-insensitive, output phai giu case goc""",3
P3_engine_keeps_vn_suite_expected_contradicts_note,ROOM,ROOM,RÔM,RÔM,0,0,ctx_misses,not_in_whitelist,never,0,0,4,collision_vn_word_cased,high,"never,""restore se lam tu tieng Viet """"RÔM"""" KHONG THE GO DUOC NUA (chi co 1 duong keystroke). bien the chu hoa cua """"room""""; modifier key phai case-insensitive, output phai giu case goc""",3
P3_engine_keeps_vn_suite_expected_contradicts_note,ROOTS,ROOTS,RỐT,RỐT,0,0,ctx_misses,not_in_whitelist,never,0,0,5,collision_vn_word_cased,high,"never,""restore se lam tu tieng Viet """"RỐT"""" KHONG THE GO DUOC NUA (chi co 1 duong keystroke). bien the chu hoa cua """"roots""""; modifier key phai case-insensitive, output phai giu case goc""",3
P3_engine_keeps_vn_suite_expected_contradicts_note,rosa,rosa,róa,róa,0,0,ctx_misses,not_in_whitelist,never,0,0,4,collision_vn_syllable,medium,"never,""restore se lam tu tieng Viet """"roá"""" KHONG THE GO DUOC NUA (chi co 1 duong keystroke). ra syllable tieng Viet hop le """"roá""""""",1
P3_engine_keeps_vn_suite_expected_contradicts_note,ROW,ROW,RƠ,RƠ,0,0,ctx_misses,not_in_whitelist|short_token,never,0,0,3,collision_vn_word_cased,high,"never,""restore se lam tu tieng Viet """"RƠ"""" KHONG THE GO DUOC NUA (chi co 1 duong keystroke). bien the chu hoa cua """"row""""; modifier key phai case-insensitive, output phai giu case goc""",3
P3_engine_keeps_vn_suite_expected_contradicts_note,ROWS,ROWS,RỚ,RỚ,0,0,ctx_misses,not_in_whitelist,never,0,0,4,collision_vn_word_cased,high,"never,""restore se lam tu tieng Viet """"RỚ"""" KHONG THE GO DUOC NUA (chi co 1 duong keystroke). bien the chu hoa cua """"rows""""; modifier key phai case-insensitive, output phai giu case goc""",3
P3_engine_keeps_vn_suite_expected_contradicts_note,RUS,RUS,RÚ,RÚ,0,0,ctx_misses,not_in_whitelist|short_token,never,0,0,3,inflection_trap_cased,high,"never,""restore se lam tu tieng Viet """"RÚ"""" KHONG THE GO DUOC NUA (chi co 1 duong keystroke). bien the chu hoa cua """"rus""""; modifier key phai case-insensitive, output phai giu case goc""",3
P3_engine_keeps_vn_suite_expected_contradicts_note,RUST,RUST,RÚT,RÚT,0,0,ctx_misses,not_in_whitelist,never,0,0,4,collision_vn_word_cased,high,"never,""restore se lam tu tieng Viet """"RÚT"""" KHONG THE GO DUOC NUA (chi co 1 duong keystroke). bien the chu hoa cua """"rust""""; modifier key phai case-insensitive, output phai giu case goc""",3
P3_engine_keeps_vn_suite_expected_contradicts_note,SANS,SANS,SÁN,SÁN,0,0,ctx_misses,not_in_whitelist,never,0,0,4,collision_vn_word_cased,high,"never,""restore se lam tu tieng Viet """"SÁN"""" KHONG THE GO DUOC NUA (chi co 1 duong keystroke). bien the chu hoa cua """"sans""""; modifier key phai case-insensitive, output phai giu case goc""",6
P3_engine_keeps_vn_suite_expected_contradicts_note,SAOS,SAOS,SÁO,SÁO,0,0,ctx_misses,not_in_whitelist,never,0,0,4,inflection_trap_cased,high,"never,""restore se lam tu tieng Viet """"SÁO"""" KHONG THE GO DUOC NUA (chi co 1 duong keystroke). bien the chu hoa cua """"saos""""; modifier key phai case-insensitive, output phai giu case goc""",3
P3_engine_keeps_vn_suite_expected_contradicts_note,SAS,SAS,SÁ,SÁ,0,0,ctx_misses,not_in_whitelist|short_token,never,0,0,3,collision_vn_word_cased,high,"never,""restore se lam tu tieng Viet """"SÁ"""" KHONG THE GO DUOC NUA (chi co 1 duong keystroke). bien the chu hoa cua """"sas""""; modifier key phai case-insensitive, output phai giu case goc""",6
P3_engine_keeps_vn_suite_expected_contradicts_note,SEER,SEER,SỂ,SỂ,0,0,ctx_misses,not_in_whitelist,never,0,0,4,inflection_trap_cased,high,"never,""restore se lam tu tieng Viet """"SỂ"""" KHONG THE GO DUOC NUA (chi co 1 duong keystroke). bien the chu hoa cua """"seer""""; modifier key phai case-insensitive, output phai giu case goc""",3
P3_engine_keeps_vn_suite_expected_contradicts_note,SER,SER,SẺ,SẺ,0,0,ctx_misses,not_in_whitelist|short_token,never,0,0,3,collision_vn_word_cased,high,"never,""restore se lam tu tieng Viet """"SẺ"""" KHONG THE GO DUOC NUA (chi co 1 duong keystroke). bien the chu hoa cua """"ser""""; modifier key phai case-insensitive, output phai giu case goc""",3
P3_engine_keeps_vn_suite_expected_contradicts_note,SETS,SETS,SÉT,SÉT,0,0,ctx_misses,not_in_whitelist,never,0,0,4,collision_vn_word_cased,high,"never,""restore se lam tu tieng Viet """"SÉT"""" KHONG THE GO DUOC NUA (chi co 1 duong keystroke). bien the chu hoa cua """"sets""""; modifier key phai case-insensitive, output phai giu case goc""",3
P3_engine_keeps_vn_suite_expected_contradicts_note,SEX,SEX,SẼ,SẼ,0,0,ctx_misses,not_in_whitelist|short_token,never,0,0,3,collision_vn_word_cased,high,"never,""restore se lam tu tieng Viet """"SẼ"""" KHONG THE GO DUOC NUA (chi co 1 duong keystroke). bien the chu hoa cua """"sex""""; modifier key phai case-insensitive, output phai giu case goc""",3
P3_engine_keeps_vn_suite_expected_contradicts_note,SIR,SIR,SỈ,SỈ,0,0,ctx_misses,not_in_whitelist|short_token,never,0,0,3,collision_vn_word_cased,high,"never,""restore se lam tu tieng Viet """"SỈ"""" KHONG THE GO DUOC NUA (chi co 1 duong keystroke). bien the chu hoa cua """"sir""""; modifier key phai case-insensitive, output phai giu case goc""",3
P3_engine_keeps_vn_suite_expected_contradicts_note,SIX,SIX,SĨ,SĨ,0,0,ctx_misses,not_in_whitelist|short_token,never,0,0,3,collision_vn_word_cased,high,"never,""restore se lam tu tieng Viet """"SĨ"""" KHONG THE GO DUOC NUA (chi co 1 duong keystroke). bien the chu hoa cua """"six""""; modifier key phai case-insensitive, output phai giu case goc""",3
P3_engine_keeps_vn_suite_expected_contradicts_note,sofa,sofa,sòa,sòa,0,0,ctx_misses,not_in_whitelist,never,0,0,4,collision_vn_syllable,medium,"never,""restore se lam tu tieng Viet """"soà"""" KHONG THE GO DUOC NUA (chi co 1 duong keystroke). ra syllable tieng Viet hop le """"soà""""""",1
P3_engine_keeps_vn_suite_expected_contradicts_note,SORTS,SORTS,SÓT,SÓT,0,0,ctx_misses,not_in_whitelist,never,0,0,5,collision_vn_word_cased,high,"never,""restore se lam tu tieng Viet """"SÓT"""" KHONG THE GO DUOC NUA (chi co 1 duong keystroke). bien the chu hoa cua """"sorts""""; modifier key phai case-insensitive, output phai giu case goc""",3
P3_engine_keeps_vn_suite_expected_contradicts_note,SUNS,SUNS,SÚN,SÚN,0,0,ctx_misses,not_in_whitelist,never,0,0,4,inflection_trap_cased,high,"never,""restore se lam tu tieng Viet """"SÚN"""" KHONG THE GO DUOC NUA (chi co 1 duong keystroke). bien the chu hoa cua """"suns""""; modifier key phai case-insensitive, output phai giu case goc""",3
P3_engine_keeps_vn_suite_expected_contradicts_note,SUR,SUR,SỦ,SỦ,0,0,ctx_misses,not_in_whitelist|short_token,never,0,0,3,collision_vn_word_cased,high,"never,""restore se lam tu tieng Viet """"SỦ"""" KHONG THE GO DUOC NUA (chi co 1 duong keystroke). bien the chu hoa cua """"sur""""; modifier key phai case-insensitive, output phai giu case goc""",3
P3_engine_keeps_vn_suite_expected_contradicts_note,SURF,SURF,SÙ,SÙ,0,0,ctx_misses,not_in_whitelist,never,0,0,4,collision_vn_word_cased,high,"never,""restore se lam tu tieng Viet """"SÙ"""" KHONG THE GO DUOC NUA (chi co 1 duong keystroke). bien the chu hoa cua """"surf""""; modifier key phai case-insensitive, output phai giu case goc""",3
P3_engine_keeps_vn_suite_expected_contradicts_note,SUS,SUS,SÚ,SÚ,0,0,ctx_misses,not_in_whitelist|short_token,never,0,0,3,inflection_trap_cased,high,"never,""restore se lam tu tieng Viet """"SÚ"""" KHONG THE GO DUOC NUA (chi co 1 duong keystroke). bien the chu hoa cua """"sus""""; modifier key phai case-insensitive, output phai giu case goc""",3
P3_engine_keeps_vn_suite_expected_contradicts_note,TAR,TAR,TẢ,TẢ,0,0,ctx_misses,not_in_whitelist|short_token,never,0,0,3,collision_vn_word_cased,high,"never,""restore se lam tu tieng Viet """"TẢ"""" KHONG THE GO DUOC NUA (chi co 1 duong keystroke). bien the chu hoa cua """"tar""""; modifier key phai case-insensitive, output phai giu case goc""",3
P3_engine_keeps_vn_suite_expected_contradicts_note,TAX,TAX,TÃ,TÃ,0,0,ctx_misses,not_in_whitelist|short_token,never,0,0,3,collision_vn_word_cased,high,"never,""restore se lam tu tieng Viet """"TÃ"""" KHONG THE GO DUOC NUA (chi co 1 duong keystroke). bien the chu hoa cua """"tax""""; modifier key phai case-insensitive, output phai giu case goc""",3
P3_engine_keeps_vn_suite_expected_contradicts_note,TEE,TEE,TÊ,TÊ,0,0,ctx_misses,not_in_whitelist|short_token,never,0,0,3,collision_vn_word_cased,high,"never,""restore se lam tu tieng Viet """"TÊ"""" KHONG THE GO DUOC NUA (chi co 1 duong keystroke). bien the chu hoa cua """"tee""""; modifier key phai case-insensitive, output phai giu case goc""",3
P3_engine_keeps_vn_suite_expected_contradicts_note,TEEN,TEEN,TÊN,TÊN,0,0,ctx_misses,not_in_whitelist,never,0,0,4,collision_vn_word_cased,high,"never,""restore se lam tu tieng Viet """"TÊN"""" KHONG THE GO DUOC NUA (chi co 1 duong keystroke). bien the chu hoa cua """"teen""""; modifier key phai case-insensitive, output phai giu case goc""",3
P3_engine_keeps_vn_suite_expected_contradicts_note,TES,TES,TÉ,TÉ,0,0,ctx_misses,not_in_whitelist|short_token,never,0,0,3,inflection_trap_cased,high,"never,""restore se lam tu tieng Viet """"TÉ"""" KHONG THE GO DUOC NUA (chi co 1 duong keystroke). bien the chu hoa cua """"tes""""; modifier key phai case-insensitive, output phai giu case goc""",3
P3_engine_keeps_vn_suite_expected_contradicts_note,TEX,TEX,TẼ,TẼ,0,0,ctx_misses,not_in_whitelist|short_token,never,0,0,3,collision_vn_word_cased,high,"never,""restore se lam tu tieng Viet """"TẼ"""" KHONG THE GO DUOC NUA (chi co 1 duong keystroke). bien the chu hoa cua """"tex""""; modifier key phai case-insensitive, output phai giu case goc""",3
P3_engine_keeps_vn_suite_expected_contradicts_note,TEXTS,TEXTS,TÉT,TÉT,0,0,ctx_misses,not_in_whitelist,never,0,0,5,collision_vn_word_cased,high,"never,""restore se lam tu tieng Viet """"TÉT"""" KHONG THE GO DUOC NUA (chi co 1 duong keystroke). bien the chu hoa cua """"texts""""; modifier key phai case-insensitive, output phai giu case goc""",3
P3_engine_keeps_vn_suite_expected_contradicts_note,THEE,THEE,THÊ,THÊ,0,0,ctx_misses,not_in_whitelist,never,0,0,4,collision_vn_word_cased,high,"never,""restore se lam tu tieng Viet """"THÊ"""" KHONG THE GO DUOC NUA (chi co 1 duong keystroke). bien the chu hoa cua """"thee""""; modifier key phai case-insensitive, output phai giu case goc""",3
P3_engine_keeps_vn_suite_expected_contradicts_note,THES,THES,THÉ,THÉ,0,0,ctx_misses,not_in_whitelist,never,0,0,4,inflection_trap_cased,high,"never,""restore se lam tu tieng Viet """"THÉ"""" KHONG THE GO DUOC NUA (chi co 1 duong keystroke). bien the chu hoa cua """"thes""""; modifier key phai case-insensitive, output phai giu case goc""",3
P3_engine_keeps_vn_suite_expected_contradicts_note,TIS,TIS,TÍ,TÍ,0,0,ctx_misses,not_in_whitelist|short_token,never,0,0,3,inflection_trap_cased,high,"never,""restore se lam tu tieng Viet """"TÍ"""" KHONG THE GO DUOC NUA (chi co 1 duong keystroke). bien the chu hoa cua """"tis""""; modifier key phai case-insensitive, output phai giu case goc""",3
P3_engine_keeps_vn_suite_expected_contradicts_note,TOS,TOS,TÓ,TÓ,0,0,ctx_misses,not_in_whitelist|short_token,never,0,0,3,inflection_trap_cased,high,"never,""restore se lam tu tieng Viet """"TÓ"""" KHONG THE GO DUOC NUA (chi co 1 duong keystroke). bien the chu hoa cua """"tos""""; modifier key phai case-insensitive, output phai giu case goc""",3
P3_engine_keeps_vn_suite_expected_contradicts_note,TRANS,TRANS,TRÁN,TRÁN,0,0,ctx_misses,not_in_whitelist,never,0,0,5,collision_vn_word_cased,high,"never,""restore se lam tu tieng Viet """"TRÁN"""" KHONG THE GO DUOC NUA (chi co 1 duong keystroke). bien the chu hoa cua """"trans""""; modifier key phai case-insensitive, output phai giu case goc""",3
P3_engine_keeps_vn_suite_expected_contradicts_note,TREE,TREE,TRÊ,TRÊ,0,0,ctx_misses,not_in_whitelist,never,0,0,4,collision_vn_word_cased,high,"never,""restore se lam tu tieng Viet """"TRÊ"""" KHONG THE GO DUOC NUA (chi co 1 duong keystroke). bien the chu hoa cua """"tree""""; modifier key phai case-insensitive, output phai giu case goc""",3
P3_engine_keeps_vn_suite_expected_contradicts_note,TREOS,TREOS,TRÉO,TRÉO,0,0,ctx_misses,not_in_whitelist,never,0,0,5,inflection_trap_cased,high,"never,""restore se lam tu tieng Viet """"TRÉO"""" KHONG THE GO DUOC NUA (chi co 1 duong keystroke). bien the chu hoa cua """"treos""""; modifier key phai case-insensitive, output phai giu case goc""",3
P3_engine_keeps_vn_suite_expected_contradicts_note,TUS,TUS,TÚ,TÚ,0,0,ctx_misses,not_in_whitelist|short_token,never,0,0,3,inflection_trap_cased,high,"never,""restore se lam tu tieng Viet """"TÚ"""" KHONG THE GO DUOC NUA (chi co 1 duong keystroke). bien the chu hoa cua """"tus""""; modifier key phai case-insensitive, output phai giu case goc""",3
P3_engine_keeps_vn_suite_expected_contradicts_note,TYS,TYS,TÝ,TÝ,0,0,ctx_misses,not_in_whitelist|short_token,never,0,0,3,inflection_trap_cased,high,"never,""restore se lam tu tieng Viet """"TÝ"""" KHONG THE GO DUOC NUA (chi co 1 duong keystroke). bien the chu hoa cua """"tys""""; modifier key phai case-insensitive, output phai giu case goc""",3
P3_engine_keeps_vn_suite_expected_contradicts_note,USR,USR,Ủ,Ủ,0,0,ctx_misses,not_in_whitelist|short_token,never,0,0,3,collision_vn_word_cased,high,"never,""restore se lam tu tieng Viet """"Ủ"""" KHONG THE GO DUOC NUA (chi co 1 duong keystroke). bien the chu hoa cua """"usr""""; modifier key phai case-insensitive, output phai giu case goc""",3
P3_engine_keeps_vn_suite_expected_contradicts_note,VAR,VAR,VẢ,VẢ,0,0,ctx_misses,not_in_whitelist|short_token,never,0,0,3,collision_vn_word_cased,high,"never,""restore se lam tu tieng Viet """"VẢ"""" KHONG THE GO DUOC NUA (chi co 1 duong keystroke). bien the chu hoa cua """"var""""; modifier key phai case-insensitive, output phai giu case goc""",3
P3_engine_keeps_vn_suite_expected_contradicts_note,VAS,VAS,VÁ,VÁ,0,0,ctx_misses,not_in_whitelist|short_token,never,0,0,3,inflection_trap_cased,high,"never,""restore se lam tu tieng Viet """"VÁ"""" KHONG THE GO DUOC NUA (chi co 1 duong keystroke). bien the chu hoa cua """"vas""""; modifier key phai case-insensitive, output phai giu case goc""",3
P3_engine_keeps_vn_suite_expected_contradicts_note,VER,VER,VẺ,VẺ,0,0,ctx_misses,not_in_whitelist|short_token,never,0,0,3,collision_vn_word_cased,high,"never,""restore se lam tu tieng Viet """"VẺ"""" KHONG THE GO DUOC NUA (chi co 1 duong keystroke). bien the chu hoa cua """"ver""""; modifier key phai case-insensitive, output phai giu case goc""",3
P3_engine_keeps_vn_suite_expected_contradicts_note,VERSE,VERSE,VẾ,VẾ,0,0,ctx_misses,not_in_whitelist,never,0,0,5,collision_vn_word_cased,high,"never,""restore se lam tu tieng Viet """"VẾ"""" KHONG THE GO DUOC NUA (chi co 1 duong keystroke). bien the chu hoa cua """"verse""""; modifier key phai case-insensitive, output phai giu case goc""",3
P3_engine_keeps_vn_suite_expected_contradicts_note,VES,VES,VÉ,VÉ,0,0,ctx_misses,not_in_whitelist|short_token,never,0,0,3,inflection_trap_cased,high,"never,""restore se lam tu tieng Viet """"VÉ"""" KHONG THE GO DUOC NUA (chi co 1 duong keystroke). bien the chu hoa cua """"ves""""; modifier key phai case-insensitive, output phai giu case goc""",3
P3_engine_keeps_vn_suite_expected_contradicts_note,VIS,VIS,VÍ,VÍ,0,0,ctx_misses,not_in_whitelist|short_token,never,0,0,3,inflection_trap_cased,high,"never,""restore se lam tu tieng Viet """"VÍ"""" KHONG THE GO DUOC NUA (chi co 1 duong keystroke). bien the chu hoa cua """"vis""""; modifier key phai case-insensitive, output phai giu case goc""",3
P3_engine_keeps_vn_suite_expected_contradicts_note,WA,WA,ƯA,ƯA,0,0,ctx_misses,not_in_whitelist|short_token,never,0,0,2,collision_vn_word_cased,high,"never,""restore se lam tu tieng Viet """"ƯA"""" KHONG THE GO DUOC NUA (chi co 1 duong keystroke). bien the chu hoa cua """"wa""""; modifier key phai case-insensitive, output phai giu case goc""",3
P3_engine_keeps_vn_suite_expected_contradicts_note,wr,wr,ử,ử,0,0,ctx_misses,not_in_whitelist|short_token,never,0,0,2,collision_vn_syllable,medium,"never,""restore se lam tu tieng Viet """"ử"""" KHONG THE GO DUOC NUA (chi co 1 duong keystroke). ra syllable tieng Viet hop le """"ử""""""",1
P3_engine_keeps_vn_suite_expected_contradicts_note,WS,WS,Ứ,Ứ,0,0,ctx_misses,not_in_whitelist|short_token,never,0,0,2,collision_vn_word_cased,high,"never,""restore se lam tu tieng Viet """"Ứ"""" KHONG THE GO DUOC NUA (chi co 1 duong keystroke). bien the chu hoa cua """"ws""""; modifier key phai case-insensitive, output phai giu case goc""",3
P3_engine_keeps_vn_suite_expected_contradicts_note,WU,WU,ƯU,ƯU,0,0,ctx_misses,not_in_whitelist|short_token,never,0,0,2,collision_vn_word_cased,high,"never,""restore se lam tu tieng Viet """"ƯU"""" KHONG THE GO DUOC NUA (chi co 1 duong keystroke). bien the chu hoa cua """"wu""""; modifier key phai case-insensitive, output phai giu case goc""",3
P3_engine_keeps_vn_suite_expected_contradicts_note,XEROX,XEROX,XẼO,XẼO,0,0,ctx_misses,not_in_whitelist,never,0,0,5,collision_vn_word_cased,high,"never,""restore se lam tu tieng Viet """"XẼO"""" KHONG THE GO DUOC NUA (chi co 1 duong keystroke). bien the chu hoa cua """"xerox""""; modifier key phai case-insensitive, output phai giu case goc""",3
P3_engine_keeps_vn_suite_expected_contradicts_note,XIS,XIS,XÍ,XÍ,0,0,ctx_misses,not_in_whitelist|short_token,never,0,0,3,inflection_trap_cased,high,"never,""restore se lam tu tieng Viet """"XÍ"""" KHONG THE GO DUOC NUA (chi co 1 duong keystroke). bien the chu hoa cua """"xis""""; modifier key phai case-insensitive, output phai giu case goc""",3
P3_engine_keeps_vn_suite_expected_contradicts_note,YRS,YRS,Ý,Ý,0,0,ctx_misses,not_in_whitelist|short_token,never,0,0,3,collision_vn_word_cased,high,"never,""restore se lam tu tieng Viet """"Ý"""" KHONG THE GO DUOC NUA (chi co 1 duong keystroke). bien the chu hoa cua """"yrs""""; modifier key phai case-insensitive, output phai giu case goc""",3
P4_working_as_intended,AIR,AIR,ẢI,AIR,0,1,ctx_fixes,-,degrades_vn,1,0,3,collision_vn_word_cased,high,"degrades_vn,""restore se mat 1 trong 2 duong go """"ẢI""""; van go duoc bang duong khac. bien the chu hoa cua """"air""""; modifier key phai case-insensitive, output phai giu case goc""",3
P4_working_as_intended,AIS,AIS,ÁI,AIS,0,1,ctx_fixes,-,degrades_vn,1,0,3,inflection_trap_cased,high,"degrades_vn,""restore se mat 1 trong 2 duong go """"ÁI""""; van go duoc bang duong khac. bien the chu hoa cua """"ais""""; modifier key phai case-insensitive, output phai giu case goc""",3
P4_working_as_intended,AMS,AMS,ÁM,AMS,0,1,ctx_fixes,-,degrades_vn,1,0,3,inflection_trap_cased,high,"degrades_vn,""restore se mat 1 trong 2 duong go """"ÁM""""; van go duoc bang duong khac. bien the chu hoa cua """"ams""""; modifier key phai case-insensitive, output phai giu case goc""",3
P4_working_as_intended,ANS,ANS,ÁN,ANS,0,1,ctx_fixes,-,degrades_vn,1,0,3,inflection_trap_cased,high,"degrades_vn,""restore se mat 1 trong 2 duong go """"ÁN""""; van go duoc bang duong khac. bien the chu hoa cua """"ans""""; modifier key phai case-insensitive, output phai giu case goc""",3
P4_working_as_intended,arm,arm,arm,arm,1,1,ok_both,-,degrades_vn,1,1,3,collision_vn_syllable,medium,"degrades_vn,""restore se mat 1 trong 2 duong go """"ảm""""; van go duoc bang duong khac. ra syllable tieng Viet hop le """"ảm""""""",1
P4_working_as_intended,ASN,ASN,ÁN,ASN,0,1,ctx_fixes,-,degrades_vn,1,0,3,collision_vn_word_cased,high,"degrades_vn,""restore se mat 1 trong 2 duong go """"ÁN""""; van go duoc bang duong khac. bien the chu hoa cua """"asn""""; modifier key phai case-insensitive, output phai giu case goc""",3
P4_working_as_intended,ASP,ASP,ÁP,ASP,0,1,ctx_fixes,-,degrades_vn,1,0,3,collision_vn_word_cased,high,"degrades_vn,""restore se mat 1 trong 2 duong go """"ÁP""""; van go duoc bang duong khac. bien the chu hoa cua """"asp""""; modifier key phai case-insensitive, output phai giu case goc""",3
P4_working_as_intended,BANGS,BANGS,BÁNG,BANGS,0,1,ctx_fixes,-,degrades_vn,1,0,5,inflection_trap_cased,high,"degrades_vn,""restore se mat 1 trong 3 duong go """"BÁNG""""; van go duoc bang duong khac. bien the chu hoa cua """"bangs""""; modifier key phai case-insensitive, output phai giu case goc""",3
P4_working_as_intended,BANS,BANS,BÁN,BANS,0,1,ctx_fixes,-,degrades_vn,1,0,4,inflection_trap_cased,high,"degrades_vn,""restore se mat 1 trong 2 duong go """"BÁN""""; van go duoc bang duong khac. bien the chu hoa cua """"bans""""; modifier key phai case-insensitive, output phai giu case goc""",3
P4_working_as_intended,BARN,BARN,BẢN,BARN,0,1,ctx_fixes,-,degrades_vn,1,0,4,collision_vn_word_cased,high,"degrades_vn,""restore se mat 1 trong 2 duong go """"BẢN""""; van go duoc bang duong khac. bien the chu hoa cua """"barn""""; modifier key phai case-insensitive, output phai giu case goc""",3
P4_working_as_intended,BEER,BEER,BỂ,BEER,0,1,ctx_fixes,-,degrades_vn,1,0,4,collision_vn_word_cased,high,"degrades_vn,""restore se mat 1 trong 2 duong go """"BỂ""""; van go duoc bang duong khac. bien the chu hoa cua """"beer""""; modifier key phai case-insensitive, output phai giu case goc""",6
P4_working_as_intended,BEEST,BEEST,BẾT,BEEST,0,1,ctx_fixes,-,degrades_vn,1,0,5,inflection_trap_cased,high,"degrades_vn,""restore se mat 1 trong 3 duong go """"BẾT""""; van go duoc bang duong khac. bien the chu hoa cua """"beest""""; modifier key phai case-insensitive, output phai giu case goc""",3
P4_working_as_intended,BENS,BENS,BÉN,BENS,0,1,ctx_fixes,-,degrades_vn,1,0,4,inflection_trap_cased,high,"degrades_vn,""restore se mat 1 trong 2 duong go """"BÉN""""; van go duoc bang duong khac. bien the chu hoa cua """"bens""""; modifier key phai case-insensitive, output phai giu case goc""",3
P4_working_as_intended,BEST,BEST,BEST,BEST,1,1,ok_both,-,degrades_vn,1,1,4,collision_vn_word_cased,high,"degrades_vn,""restore se mat 1 trong 2 duong go """"BÉT""""; van go duoc bang duong khac. bien the chu hoa cua """"best""""; modifier key phai case-insensitive, output phai giu case goc""",3
P4_working_as_intended,BINS,BINS,BÍN,BINS,0,1,ctx_fixes,-,degrades_vn,1,0,4,inflection_trap_cased,high,"degrades_vn,""restore se mat 1 trong 2 duong go """"BÍN""""; van go duoc bang duong khac. bien the chu hoa cua """"bins""""; modifier key phai case-insensitive, output phai giu case goc""",3
P4_working_as_intended,BITS,BITS,BITS,BITS,1,1,ok_both,-,degrades_vn,1,1,4,collision_vn_word_cased,high,"degrades_vn,""restore se mat 1 trong 2 duong go """"BÍT""""; van go duoc bang duong khac. bien the chu hoa cua """"bits""""; modifier key phai case-insensitive, output phai giu case goc""",3
P4_working_as_intended,BONS,BONS,BÓN,BONS,0,1,ctx_fixes,-,degrades_vn,1,0,4,inflection_trap_cased,high,"degrades_vn,""restore se mat 1 trong 2 duong go """"BÓN""""; van go duoc bang duong khac. bien the chu hoa cua """"bons""""; modifier key phai case-insensitive, output phai giu case goc""",3
P4_working_as_intended,BOOST,BOOST,BỐT,BOOST,0,1,ctx_fixes,-,degrades_vn,1,0,5,collision_vn_word_cased,high,"degrades_vn,""restore se mat 1 trong 3 duong go """"BỐT""""; van go duoc bang duong khac. bien the chu hoa cua """"boost""""; modifier key phai case-insensitive, output phai giu case goc""",3
P4_working_as_intended,BOOTS,BOOTS,BỐT,BOOTS,0,1,ctx_fixes,-,degrades_vn,1,0,5,collision_vn_word_cased,high,"degrades_vn,""restore se mat 1 trong 3 duong go """"BỐT""""; van go duoc bang duong khac. bien the chu hoa cua """"boots""""; modifier key phai case-insensitive, output phai giu case goc""",3
P4_working_as_intended,born,born,born,born,1,1,ok_both,-,degrades_vn,1,1,4,collision_vn_syllable,medium,"degrades_vn,""restore se mat 1 trong 2 duong go """"bỏn""""; van go duoc bang duong khac. ra syllable tieng Viet hop le """"bỏn""""""",1
P4_working_as_intended,BURN,BURN,BỦN,BURN,0,1,ctx_fixes,-,degrades_vn,1,0,4,collision_vn_word_cased,high,"degrades_vn,""restore se mat 1 trong 2 duong go """"BỦN""""; van go duoc bang duong khac. bien the chu hoa cua """"burn""""; modifier key phai case-insensitive, output phai giu case goc""",3
P4_working_as_intended,CAMS,CAMS,CÁM,CAMS,0,1,ctx_fixes,-,degrades_vn,1,0,4,collision_vn_word_cased,high,"degrades_vn,""restore se mat 1 trong 2 duong go """"CÁM""""; van go duoc bang duong khac. bien the chu hoa cua """"cams""""; modifier key phai case-insensitive, output phai giu case goc""",6
P4_working_as_intended,CANS,CANS,CÁN,CANS,0,1,ctx_fixes,-,degrades_vn,1,0,4,inflection_trap_cased,high,"degrades_vn,""restore se mat 1 trong 2 duong go """"CÁN""""; van go duoc bang duong khac. bien the chu hoa cua """"cans""""; modifier key phai case-insensitive, output phai giu case goc""",3
P4_working_as_intended,CAPS,CAPS,CÁP,CAPS,0,1,ctx_fixes,-,degrades_vn,1,0,4,collision_vn_word_cased,high,"degrades_vn,""restore se mat 1 trong 2 duong go """"CÁP""""; van go duoc bang duong khac. bien the chu hoa cua """"caps""""; modifier key phai case-insensitive, output phai giu case goc""",3
P4_working_as_intended,CAST,CAST,CAST,CAST,1,1,ok_both,-,degrades_vn,1,1,4,collision_vn_word_cased,high,"degrades_vn,""restore se mat 1 trong 2 duong go """"CÁT""""; van go duoc bang duong khac. bien the chu hoa cua """"cast""""; modifier key phai case-insensitive, output phai giu case goc""",3
P4_working_as_intended,CATS,CATS,CÁT,CATS,0,1,ctx_fixes,-,degrades_vn,1,0,4,collision_vn_word_cased,high,"degrades_vn,""restore se mat 1 trong 2 duong go """"CÁT""""; van go duoc bang duong khac. bien the chu hoa cua """"cats""""; modifier key phai case-insensitive, output phai giu case goc""",3
P4_working_as_intended,CHAIR,CHAIR,CHẢI,CHAIR,0,1,ctx_fixes,-,degrades_vn,1,0,5,collision_vn_word_cased,high,"degrades_vn,""restore se mat 1 trong 2 duong go """"CHẢI""""; van go duoc bang duong khac. bien the chu hoa cua """"chair""""; modifier key phai case-insensitive, output phai giu case goc""",3
P4_working_as_intended,CHANS,CHANS,CHÁN,CHANS,0,1,ctx_fixes,-,degrades_vn,1,0,5,inflection_trap_cased,high,"degrades_vn,""restore se mat 1 trong 2 duong go """"CHÁN""""; van go duoc bang duong khac. bien the chu hoa cua """"chans""""; modifier key phai case-insensitive, output phai giu case goc""",3
P4_working_as_intended,CHAOS,CHAOS,CHÁO,CHAOS,0,1,ctx_fixes,-,degrades_vn,1,0,5,collision_vn_word_cased,high,"degrades_vn,""restore se mat 1 trong 2 duong go """"CHÁO""""; van go duoc bang duong khac. bien the chu hoa cua """"chaos""""; modifier key phai case-insensitive, output phai giu case goc""",3
P4_working_as_intended,charm,charm,chảm,charm,0,1,ctx_fixes,-,degrades_vn,1,0,5,collision_vn_syllable,medium,"degrades_vn,""restore se mat 1 trong 2 duong go """"chảm""""; van go duoc bang duong khac. ra syllable tieng Viet hop le """"chảm""""""",1
P4_working_as_intended,CHENS,CHENS,CHÉN,CHENS,0,1,ctx_fixes,-,degrades_vn,1,0,5,inflection_trap_cased,high,"degrades_vn,""restore se mat 1 trong 2 duong go """"CHÉN""""; van go duoc bang duong khac. bien the chu hoa cua """"chens""""; modifier key phai case-insensitive, output phai giu case goc""",3
P4_working_as_intended,CHEST,CHEST,CHÉT,CHEST,0,1,ctx_fixes,-,degrades_vn,1,0,5,collision_vn_word_cased,high,"degrades_vn,""restore se mat 1 trong 2 duong go """"CHÉT""""; van go duoc bang duong khac. bien the chu hoa cua """"chest""""; modifier key phai case-insensitive, output phai giu case goc""",3
P4_working_as_intended,CHIPS,CHIPS,CHÍP,CHIPS,0,1,ctx_fixes,-,degrades_vn,1,0,5,collision_vn_word_cased,high,"degrades_vn,""restore se mat 1 trong 2 duong go """"CHÍP""""; van go duoc bang duong khac. bien the chu hoa cua """"chips""""; modifier key phai case-insensitive, output phai giu case goc""",3
P4_working_as_intended,CHOES,CHOES,CHÓE,CHOES,0,1,ctx_fixes,-,degrades_vn,1,0,5,inflection_trap_cased,high,"degrades_vn,""restore se mat 1 trong 2 duong go """"CHOÉ""""; van go duoc bang duong khac. bien the chu hoa cua """"choes""""; modifier key phai case-insensitive, output phai giu case goc""",3
P4_working_as_intended,CHOIR,CHOIR,CHỎI,CHOIR,0,1,ctx_fixes,-,degrades_vn,1,0,5,collision_vn_word_cased,high,"degrades_vn,""restore se mat 1 trong 2 duong go """"CHỎI""""; van go duoc bang duong khac. bien the chu hoa cua """"choir""""; modifier key phai case-insensitive, output phai giu case goc""",3
P4_working_as_intended,CHOSE,CHOSE,CHÓE,CHOSE,0,1,ctx_fixes,-,degrades_vn,1,0,5,collision_vn_word_cased,high,"degrades_vn,""restore se mat 1 trong 2 duong go """"CHOÉ""""; van go duoc bang duong khac. bien the chu hoa cua """"chose""""; modifier key phai case-insensitive, output phai giu case goc""",3
P4_working_as_intended,CONF,CONF,CÒN,CONF,0,1,ctx_fixes,-,degrades_vn,1,0,4,collision_vn_word_cased,high,"degrades_vn,""restore se mat 1 trong 2 duong go """"CÒN""""; van go duoc bang duong khac. bien the chu hoa cua """"conf""""; modifier key phai case-insensitive, output phai giu case goc""",3
P4_working_as_intended,cons,cons,cón,cons,0,1,ctx_fixes,-,degrades_vn,1,0,4,collision_vn_syllable,medium,"degrades_vn,""restore se mat 1 trong 2 duong go """"cón""""; van go duoc bang duong khac. ra syllable tieng Viet hop le """"cón""""""",1
P4_working_as_intended,CORN,CORN,CỎN,CORN,0,1,ctx_fixes,-,degrades_vn,1,0,4,collision_vn_word_cased,high,"degrades_vn,""restore se mat 1 trong 2 duong go """"CỎN""""; van go duoc bang duong khac. bien the chu hoa cua """"corn""""; modifier key phai case-insensitive, output phai giu case goc""",3
P4_working_as_intended,COST,COST,COST,COST,1,1,ok_both,-,degrades_vn,1,1,4,collision_vn_word_cased,high,"degrades_vn,""restore se mat 1 trong 2 duong go """"CÓT""""; van go duoc bang duong khac. bien the chu hoa cua """"cost""""; modifier key phai case-insensitive, output phai giu case goc""",3
P4_working_as_intended,CUMS,CUMS,CÚM,CUMS,0,1,ctx_fixes,-,degrades_vn,1,0,4,inflection_trap_cased,high,"degrades_vn,""restore se mat 1 trong 2 duong go """"CÚM""""; van go duoc bang duong khac. bien the chu hoa cua """"cums""""; modifier key phai case-insensitive, output phai giu case goc""",3
P4_working_as_intended,CUPS,CUPS,CÚP,CUPS,0,1,ctx_fixes,-,degrades_vn,1,0,4,collision_vn_word_cased,high,"degrades_vn,""restore se mat 1 trong 2 duong go """"CÚP""""; van go duoc bang duong khac. bien the chu hoa cua """"cups""""; modifier key phai case-insensitive, output phai giu case goc""",3
P4_working_as_intended,CUTS,CUTS,CÚT,CUTS,0,1,ctx_fixes,-,degrades_vn,1,0,4,collision_vn_word_cased,high,"degrades_vn,""restore se mat 1 trong 2 duong go """"CÚT""""; van go duoc bang duong khac. bien the chu hoa cua """"cuts""""; modifier key phai case-insensitive, output phai giu case goc""",3
P4_working_as_intended,DAMS,DAMS,DÁM,DAMS,0,1,ctx_fixes,-,degrades_vn,1,0,4,inflection_trap_cased,high,"degrades_vn,""restore se mat 1 trong 2 duong go """"DÁM""""; van go duoc bang duong khac. bien the chu hoa cua """"dams""""; modifier key phai case-insensitive, output phai giu case goc""",3
P4_working_as_intended,DANS,DANS,DÁN,DANS,0,1,ctx_fixes,-,degrades_vn,1,0,4,collision_vn_word_cased,high,"degrades_vn,""restore se mat 1 trong 2 duong go """"DÁN""""; van go duoc bang duong khac. bien the chu hoa cua """"dans""""; modifier key phai case-insensitive, output phai giu case goc""",6
P4_working_as_intended,DAYS,DAYS,DÁY,DAYS,0,1,ctx_fixes,-,degrades_vn,1,0,4,collision_vn_word_cased,high,"degrades_vn,""restore se mat 1 trong 2 duong go """"DÁY""""; van go duoc bang duong khac. bien the chu hoa cua """"days""""; modifier key phai case-insensitive, output phai giu case goc""",6
P4_working_as_intended,DEER,DEER,DỂ,DEER,0,1,ctx_fixes,-,degrades_vn,1,0,4,collision_vn_word_cased,high,"degrades_vn,""restore se mat 1 trong 2 duong go """"DỂ""""; van go duoc bang duong khac. bien the chu hoa cua """"deer""""; modifier key phai case-insensitive, output phai giu case goc""",6
P4_working_as_intended,DEEST,DEEST,DẾT,DEEST,0,1,ctx_fixes,-,degrades_vn,1,0,5,inflection_trap_cased,high,"degrades_vn,""restore se mat 1 trong 3 duong go """"DẾT""""; van go duoc bang duong khac. bien the chu hoa cua """"deest""""; modifier key phai case-insensitive, output phai giu case goc""",3
P4_working_as_intended,DIMS,DIMS,DÍM,DIMS,0,1,ctx_fixes,-,degrades_vn,1,0,4,inflection_trap_cased,high,"degrades_vn,""restore se mat 1 trong 2 duong go """"DÍM""""; van go duoc bang duong khac. bien the chu hoa cua """"dims""""; modifier key phai case-insensitive, output phai giu case goc""",3
P4_working_as_intended,dist,dist,dít,dist,0,1,ctx_fixes,-,degrades_vn,1,0,4,collision_vn_syllable,medium,"degrades_vn,""restore se mat 1 trong 2 duong go """"dít""""; van go duoc bang duong khac. ra syllable tieng Viet hop le """"dít""""""",1
P4_working_as_intended,DOCS,DOCS,DÓC,DOCS,0,1,ctx_fixes,-,degrades_vn,1,0,4,collision_vn_word_cased,high,"degrades_vn,""restore se mat 1 trong 2 duong go """"DÓC""""; van go duoc bang duong khac. bien the chu hoa cua """"docs""""; modifier key phai case-insensitive, output phai giu case goc""",3
P4_working_as_intended,DOMS,DOMS,DÓM,DOMS,0,1,ctx_fixes,-,degrades_vn,1,0,4,inflection_trap_cased,high,"degrades_vn,""restore se mat 1 trong 2 duong go """"DÓM""""; van go duoc bang duong khac. bien the chu hoa cua """"doms""""; modifier key phai case-insensitive, output phai giu case goc""",3
P4_working_as_intended,DONS,DONS,DÓN,DONS,0,1,ctx_fixes,-,degrades_vn,1,0,4,inflection_trap_cased,high,"degrades_vn,""restore se mat 1 trong 2 duong go """"DÓN""""; van go duoc bang duong khac. bien the chu hoa cua """"dons""""; modifier key phai case-insensitive, output phai giu case goc""",3
P4_working_as_intended,dust,dust,dút,dust,0,1,ctx_fixes,-,degrades_vn,1,0,4,collision_vn_syllable,medium,"degrades_vn,""restore se mat 1 trong 2 duong go """"dút""""; van go duoc bang duong khac. ra syllable tieng Viet hop le """"dút""""""",1
P4_working_as_intended,EMS,EMS,ÉM,EMS,0,1,ctx_fixes,-,degrades_vn,1,0,3,inflection_trap_cased,high,"degrades_vn,""restore se mat 1 trong 2 duong go """"ÉM""""; van go duoc bang duong khac. bien the chu hoa cua """"ems""""; modifier key phai case-insensitive, output phai giu case goc""",3
P4_working_as_intended,ENS,ENS,ÉN,ENS,0,1,ctx_fixes,-,degrades_vn,1,0,3,inflection_trap_cased,high,"degrades_vn,""restore se mat 1 trong 2 duong go """"ÉN""""; van go duoc bang duong khac. bien the chu hoa cua """"ens""""; modifier key phai case-insensitive, output phai giu case goc""",3
P4_working_as_intended,eos,eos,éo,eos,0,1,ctx_fixes,-,degrades_vn,1,0,3,collision_vn_syllable,medium,"degrades_vn,""restore se mat 1 trong 2 duong go """"éo""""; van go duoc bang duong khac. ra syllable tieng Viet hop le """"éo""""""",1
P4_working_as_intended,EST,EST,ÉT,EST,0,1,ctx_fixes,-,degrades_vn,1,0,3,collision_vn_word_cased,high,"degrades_vn,""restore se mat 1 trong 2 duong go """"ÉT""""; van go duoc bang duong khac. bien the chu hoa cua """"est""""; modifier key phai case-insensitive, output phai giu case goc""",3
P4_working_as_intended,gaps,gaps,gáp,gaps,0,1,ctx_fixes,-,degrades_vn,1,0,4,collision_vn_syllable,medium,"degrades_vn,""restore se mat 1 trong 2 duong go """"gáp""""; van go duoc bang duong khac. ra syllable tieng Viet hop le """"gáp""""""",1
P4_working_as_intended,GARY,GARY,GARY,GARY,1,1,ok_both,-,degrades_vn,1,1,4,collision_vn_word_cased,high,"degrades_vn,""restore se mat 1 trong 2 duong go """"GẢY""""; van go duoc bang duong khac. bien the chu hoa cua """"gary""""; modifier key phai case-insensitive, output phai giu case goc""",3
P4_working_as_intended,GAYS,GAYS,GÁY,GAYS,0,1,ctx_fixes,-,degrades_vn,1,0,4,collision_vn_word_cased,high,"degrades_vn,""restore se mat 1 trong 2 duong go """"GÁY""""; van go duoc bang duong khac. bien the chu hoa cua """"gays""""; modifier key phai case-insensitive, output phai giu case goc""",6
P4_working_as_intended,hair,hair,hải,hair,0,1,ctx_fixes,-,degrades_vn,1,0,4,collision_vn_syllable,medium,"degrades_vn,""restore se mat 1 trong 2 duong go """"hải""""; van go duoc bang duong khac. ra syllable tieng Viet hop le """"hải""""""",1
P4_working_as_intended,HAMS,HAMS,HÁM,HAMS,0,1,ctx_fixes,-,degrades_vn,1,0,4,inflection_trap_cased,high,"degrades_vn,""restore se mat 1 trong 2 duong go """"HÁM""""; van go duoc bang duong khac. bien the chu hoa cua """"hams""""; modifier key phai case-insensitive, output phai giu case goc""",3
P4_working_as_intended,HANGS,HANGS,HÁNG,HANGS,0,1,ctx_fixes,-,degrades_vn,1,0,5,inflection_trap_cased,high,"degrades_vn,""restore se mat 1 trong 3 duong go """"HÁNG""""; van go duoc bang duong khac. bien the chu hoa cua """"hangs""""; modifier key phai case-insensitive, output phai giu case goc""",3
P4_working_as_intended,HANS,HANS,HÁN,HANS,0,1,ctx_fixes,-,degrades_vn,1,0,4,collision_vn_word_cased,high,"degrades_vn,""restore se mat 1 trong 2 duong go """"HÁN""""; van go duoc bang duong khac. bien the chu hoa cua """"hans""""; modifier key phai case-insensitive, output phai giu case goc""",3
P4_working_as_intended,harm,harm,hảm,harm,0,1,ctx_fixes,-,degrades_vn,1,0,4,collision_vn_syllable,medium,"degrades_vn,""restore se mat 1 trong 2 duong go """"hảm""""; van go duoc bang duong khac. ra syllable tieng Viet hop le """"hảm""""""",1
P4_working_as_intended,HATS,HATS,HÁT,HATS,0,1,ctx_fixes,-,degrades_vn,1,0,4,collision_vn_word_cased,high,"degrades_vn,""restore se mat 1 trong 2 duong go """"HÁT""""; van go duoc bang duong khac. bien the chu hoa cua """"hats""""; modifier key phai case-insensitive, output phai giu case goc""",3
P4_working_as_intended,HAYS,HAYS,HÁY,HAYS,0,1,ctx_fixes,-,degrades_vn,1,0,4,inflection_trap_cased,high,"degrades_vn,""restore se mat 1 trong 2 duong go """"HÁY""""; van go duoc bang duong khac. bien the chu hoa cua """"hays""""; modifier key phai case-insensitive, output phai giu case goc""",3
P4_working_as_intended,HEER,HEER,HỂ,HEER,0,1,ctx_fixes,-,degrades_vn,1,0,4,inflection_trap_cased,high,"degrades_vn,""restore se mat 1 trong 2 duong go """"HỂ""""; van go duoc bang duong khac. bien the chu hoa cua """"heer""""; modifier key phai case-insensitive, output phai giu case goc""",3
P4_working_as_intended,HEEST,HEEST,HẾT,HEEST,0,1,ctx_fixes,-,degrades_vn,1,0,5,inflection_trap_cased,high,"degrades_vn,""restore se mat 1 trong 3 duong go """"HẾT""""; van go duoc bang duong khac. bien the chu hoa cua """"heest""""; modifier key phai case-insensitive, output phai giu case goc""",3
P4_working_as_intended,HERE,HERE,HERE,HERE,1,1,ok_both,-,degrades_vn,1,1,4,collision_vn_word_cased,high,"degrades_vn,""restore se mat 1 trong 2 duong go """"HỂ""""; van go duoc bang duong khac. bien the chu hoa cua """"here""""; modifier key phai case-insensitive, output phai giu case goc""",3
P4_working_as_intended,HERO,HERO,HẺO,HERO,0,1,ctx_fixes,-,degrades_vn,1,0,4,collision_vn_word_cased,high,"degrades_vn,""restore se mat 1 trong 2 duong go """"HẺO""""; van go duoc bang duong khac. bien the chu hoa cua """"hero""""; modifier key phai case-insensitive, output phai giu case goc""",3
P4_working_as_intended,HIST,HIST,HÍT,HIST,0,1,ctx_fixes,-,degrades_vn,1,0,4,collision_vn_word_cased,high,"degrades_vn,""restore se mat 1 trong 2 duong go """"HÍT""""; van go duoc bang duong khac. bien the chu hoa cua """"hist""""; modifier key phai case-insensitive, output phai giu case goc""",3
P4_working_as_intended,HITS,HITS,HÍT,HITS,0,1,ctx_fixes,-,degrades_vn,1,0,4,collision_vn_word_cased,high,"degrades_vn,""restore se mat 1 trong 2 duong go """"HÍT""""; van go duoc bang duong khac. bien the chu hoa cua """"hits""""; modifier key phai case-insensitive, output phai giu case goc""",3
P4_working_as_intended,HOEST,HOEST,HOÉT,HOEST,0,1,ctx_fixes,-,degrades_vn,1,0,5,inflection_trap_cased,high,"degrades_vn,""restore se mat 1 trong 3 duong go """"HOÉT""""; van go duoc bang duong khac. bien the chu hoa cua """"hoest""""; modifier key phai case-insensitive, output phai giu case goc""",3
P4_working_as_intended,HONGS,HONGS,HÓNG,HONGS,0,1,ctx_fixes,-,degrades_vn,1,0,5,inflection_trap_cased,high,"degrades_vn,""restore se mat 1 trong 3 duong go """"HÓNG""""; van go duoc bang duong khac. bien the chu hoa cua """"hongs""""; modifier key phai case-insensitive, output phai giu case goc""",3
P4_working_as_intended,HORN,HORN,HỎN,HORN,0,1,ctx_fixes,-,degrades_vn,1,0,4,collision_vn_word_cased,high,"degrades_vn,""restore se mat 1 trong 2 duong go """"HỎN""""; van go duoc bang duong khac. bien the chu hoa cua """"horn""""; modifier key phai case-insensitive, output phai giu case goc""",3
P4_working_as_intended,HOST,HOST,HOST,HOST,1,1,ok_both,-,degrades_vn,1,1,4,collision_vn_word_cased,high,"degrades_vn,""restore se mat 1 trong 2 duong go """"HÓT""""; van go duoc bang duong khac. bien the chu hoa cua """"host""""; modifier key phai case-insensitive, output phai giu case goc""",3
P4_working_as_intended,HUNGS,HUNGS,HÚNG,HUNGS,0,1,ctx_fixes,-,degrades_vn,1,0,5,inflection_trap_cased,high,"degrades_vn,""restore se mat 1 trong 3 duong go """"HÚNG""""; van go duoc bang duong khac. bien the chu hoa cua """"hungs""""; modifier key phai case-insensitive, output phai giu case goc""",3
P4_working_as_intended,inf,inf,ìn,inf,0,1,ctx_fixes,-,degrades_vn,1,0,3,collision_vn_syllable,medium,"degrades_vn,""restore se mat 1 trong 2 duong go """"ìn""""; van go duoc bang duong khac. ra syllable tieng Viet hop le """"ìn""""""",1
P4_working_as_intended,ins,ins,ín,ins,0,1,ctx_fixes,-,degrades_vn,1,0,3,collision_vn_syllable,medium,"degrades_vn,""restore se mat 1 trong 2 duong go """"ín""""; van go duoc bang duong khac. ra syllable tieng Viet hop le """"ín""""""",1
P4_working_as_intended,IRA,IRA,ỈA,IRA,0,1,ctx_fixes,-,degrades_vn,1,0,3,collision_vn_word_cased,high,"degrades_vn,""restore se mat 1 trong 2 duong go """"ỈA""""; van go duoc bang duong khac. bien the chu hoa cua """"ira""""; modifier key phai case-insensitive, output phai giu case goc""",3
P4_working_as_intended,IST,IST,ÍT,IST,0,1,ctx_fixes,-,degrades_vn,1,0,3,collision_vn_word_cased,high,"degrades_vn,""restore se mat 1 trong 2 duong go """"ÍT""""; van go duoc bang duong khac. bien the chu hoa cua """"ist""""; modifier key phai case-insensitive, output phai giu case goc""",3
P4_working_as_intended,ITS,ITS,ÍT,ITS,0,1,ctx_fixes,-,degrades_vn,1,0,3,collision_vn_word_cased,high,"degrades_vn,""restore se mat 1 trong 2 duong go """"ÍT""""; van go duoc bang duong khac. bien the chu hoa cua """"its""""; modifier key phai case-insensitive, output phai giu case goc""",3
P4_working_as_intended,KEEPS,KEEPS,KẾP,KEEPS,0,1,ctx_fixes,-,degrades_vn,1,0,5,collision_vn_word_cased,high,"degrades_vn,""restore se mat 1 trong 3 duong go """"KẾP""""; van go duoc bang duong khac. bien the chu hoa cua """"keeps""""; modifier key phai case-insensitive, output phai giu case goc""",3
P4_working_as_intended,KENS,KENS,KÉN,KENS,0,1,ctx_fixes,-,degrades_vn,1,0,4,inflection_trap_cased,high,"degrades_vn,""restore se mat 1 trong 2 duong go """"KÉN""""; van go duoc bang duong khac. bien the chu hoa cua """"kens""""; modifier key phai case-insensitive, output phai giu case goc""",3
P4_working_as_intended,kits,kits,kits,kits,1,1,ok_both,-,degrades_vn,1,1,4,collision_vn_syllable,medium,"degrades_vn,""restore se mat 1 trong 2 duong go """"kít""""; van go duoc bang duong khac. ra syllable tieng Viet hop le """"kít""""""",1
P4_working_as_intended,LANGS,LANGS,LÁNG,LANGS,0,1,ctx_fixes,-,degrades_vn,1,0,5,inflection_trap_cased,high,"degrades_vn,""restore se mat 1 trong 3 duong go """"LÁNG""""; van go duoc bang duong khac. bien the chu hoa cua """"langs""""; modifier key phai case-insensitive, output phai giu case goc""",3
P4_working_as_intended,LANS,LANS,LÁN,LANS,0,1,ctx_fixes,-,degrades_vn,1,0,4,inflection_trap_cased,high,"degrades_vn,""restore se mat 1 trong 2 duong go """"LÁN""""; van go duoc bang duong khac. bien the chu hoa cua """"lans""""; modifier key phai case-insensitive, output phai giu case goc""",3
P4_working_as_intended,LAOS,LAOS,LÁO,LAOS,0,1,ctx_fixes,-,degrades_vn,1,0,4,collision_vn_word_cased,high,"degrades_vn,""restore se mat 1 trong 2 duong go """"LÁO""""; van go duoc bang duong khac. bien the chu hoa cua """"laos""""; modifier key phai case-insensitive, output phai giu case goc""",3
P4_working_as_intended,LAST,LAST,LAST,LAST,1,1,ok_both,-,degrades_vn,1,1,4,collision_vn_word_cased,high,"degrades_vn,""restore se mat 1 trong 2 duong go """"LÁT""""; van go duoc bang duong khac. bien the chu hoa cua """"last""""; modifier key phai case-insensitive, output phai giu case goc""",3
P4_working_as_intended,LATS,LATS,LÁT,LATS,0,1,ctx_fixes,-,degrades_vn,1,0,4,inflection_trap_cased,high,"degrades_vn,""restore se mat 1 trong 2 duong go """"LÁT""""; van go duoc bang duong khac. bien the chu hoa cua """"lats""""; modifier key phai case-insensitive, output phai giu case goc""",3
P4_working_as_intended,LAYS,LAYS,LÁY,LAYS,0,1,ctx_fixes,-,degrades_vn,1,0,4,inflection_trap_cased,high,"degrades_vn,""restore se mat 1 trong 2 duong go """"LÁY""""; van go duoc bang duong khac. bien the chu hoa cua """"lays""""; modifier key phai case-insensitive, output phai giu case goc""",3
P4_working_as_intended,LEER,LEER,LỂ,LEER,0,1,ctx_fixes,-,degrades_vn,1,0,4,inflection_trap_cased,high,"degrades_vn,""restore se mat 1 trong 2 duong go """"LỂ""""; van go duoc bang duong khac. bien the chu hoa cua """"leer""""; modifier key phai case-insensitive, output phai giu case goc""",3
P4_working_as_intended,LEEST,LEEST,LẾT,LEEST,0,1,ctx_fixes,-,degrades_vn,1,0,5,inflection_trap_cased,high,"degrades_vn,""restore se mat 1 trong 3 duong go """"LẾT""""; van go duoc bang duong khac. bien the chu hoa cua """"leest""""; modifier key phai case-insensitive, output phai giu case goc""",3
P4_working_as_intended,LENS,LENS,LÉN,LENS,0,1,ctx_fixes,-,degrades_vn,1,0,4,collision_vn_word_cased,high,"degrades_vn,""restore se mat 1 trong 2 duong go """"LÉN""""; van go duoc bang duong khac. bien the chu hoa cua """"lens""""; modifier key phai case-insensitive, output phai giu case goc""",6
P4_working_as_intended,LEOS,LEOS,LÉO,LEOS,0,1,ctx_fixes,-,degrades_vn,1,0,4,inflection_trap_cased,high,"degrades_vn,""restore se mat 1 trong 2 duong go """"LÉO""""; van go duoc bang duong khac. bien the chu hoa cua """"leos""""; modifier key phai case-insensitive, output phai giu case goc""",3
P4_working_as_intended,LETS,LETS,LÉT,LETS,0,1,ctx_fixes,-,degrades_vn,1,0,4,collision_vn_word_cased,high,"degrades_vn,""restore se mat 1 trong 2 duong go """"LÉT""""; van go duoc bang duong khac. bien the chu hoa cua """"lets""""; modifier key phai case-insensitive, output phai giu case goc""",3
P4_working_as_intended,LIPS,LIPS,LÍP,LIPS,0,1,ctx_fixes,-,degrades_vn,1,0,4,collision_vn_word_cased,high,"degrades_vn,""restore se mat 1 trong 2 duong go """"LÍP""""; van go duoc bang duong khac. bien the chu hoa cua """"lips""""; modifier key phai case-insensitive, output phai giu case goc""",3
P4_working_as_intended,LISA,LISA,LÍA,LISA,0,1,ctx_fixes,-,degrades_vn,1,0,4,collision_vn_word_cased,high,"degrades_vn,""restore se mat 1 trong 2 duong go """"LÍA""""; van go duoc bang duong khac. bien the chu hoa cua """"lisa""""; modifier key phai case-insensitive, output phai giu case goc""",3
P4_working_as_intended,LIST,LIST,LIST,LIST,1,1,ok_both,-,degrades_vn,1,1,4,collision_vn_word_cased,high,"degrades_vn,""restore se mat 1 trong 2 duong go """"LÍT""""; van go duoc bang duong khac. bien the chu hoa cua """"list""""; modifier key phai case-insensitive, output phai giu case goc""",3
P4_working_as_intended,LOANS,LOANS,LOANS,LOANS,1,1,ok_both,-,degrades_vn,1,1,5,collision_vn_word_cased,high,"degrades_vn,""restore se mat 1 trong 3 duong go """"LOÁN""""; van go duoc bang duong khac. bien the chu hoa cua """"loans""""; modifier key phai case-insensitive, output phai giu case goc""",6
P4_working_as_intended,LOES,LOES,LÓE,LOES,0,1,ctx_fixes,-,degrades_vn,1,0,4,inflection_trap_cased,high,"degrades_vn,""restore se mat 1 trong 2 duong go """"LOÉ""""; van go duoc bang duong khac. bien the chu hoa cua """"loes""""; modifier key phai case-insensitive, output phai giu case goc""",3
P4_working_as_intended,LOEST,LOEST,LOÉT,LOEST,0,1,ctx_fixes,-,degrades_vn,1,0,5,inflection_trap_cased,high,"degrades_vn,""restore se mat 1 trong 3 duong go """"LOÉT""""; van go duoc bang duong khac. bien the chu hoa cua """"loest""""; modifier key phai case-insensitive, output phai giu case goc""",3
P4_working_as_intended,LONGS,LONGS,LÓNG,LONGS,0,1,ctx_fixes,-,degrades_vn,1,0,5,inflection_trap_cased,high,"degrades_vn,""restore se mat 1 trong 3 duong go """"LÓNG""""; van go duoc bang duong khac. bien the chu hoa cua """"longs""""; modifier key phai case-insensitive, output phai giu case goc""",3
P4_working_as_intended,LOOPS,LOOPS,LỐP,LOOPS,0,1,ctx_fixes,-,degrades_vn,1,0,5,collision_vn_word_cased,high,"degrades_vn,""restore se mat 1 trong 3 duong go """"LỐP""""; van go duoc bang duong khac. bien the chu hoa cua """"loops""""; modifier key phai case-insensitive, output phai giu case goc""",3
P4_working_as_intended,LOSE,LOSE,LOSE,LOSE,1,1,ok_both,-,degrades_vn,1,1,4,collision_vn_word_cased,high,"degrades_vn,""restore se mat 1 trong 2 duong go """"LOÉ""""; van go duoc bang duong khac. bien the chu hoa cua """"lose""""; modifier key phai case-insensitive, output phai giu case goc""",3
P4_working_as_intended,LOST,LOST,LÓT,LOST,0,1,ctx_fixes,-,degrades_vn,1,0,4,collision_vn_word_cased,high,"degrades_vn,""restore se mat 1 trong 2 duong go """"LÓT""""; van go duoc bang duong khac. bien the chu hoa cua """"lost""""; modifier key phai case-insensitive, output phai giu case goc""",3
P4_working_as_intended,LOTS,LOTS,LÓT,LOTS,0,1,ctx_fixes,-,degrades_vn,1,0,4,collision_vn_word_cased,high,"degrades_vn,""restore se mat 1 trong 2 duong go """"LÓT""""; van go duoc bang duong khac. bien the chu hoa cua """"lots""""; modifier key phai case-insensitive, output phai giu case goc""",3
P4_working_as_intended,luis,luis,lúi,luis,0,1,ctx_fixes,-,degrades_vn,1,0,4,collision_vn_syllable,medium,"degrades_vn,""restore se mat 1 trong 2 duong go """"lúi""""; van go duoc bang duong khac. ra syllable tieng Viet hop le """"lúi""""""",1
P4_working_as_intended,MAIS,MAIS,MÁI,MAIS,0,1,ctx_fixes,-,degrades_vn,1,0,4,inflection_trap_cased,high,"degrades_vn,""restore se mat 1 trong 2 duong go """"MÁI""""; van go duoc bang duong khac. bien the chu hoa cua """"mais""""; modifier key phai case-insensitive, output phai giu case goc""",3
P4_working_as_intended,MANS,MANS,MÁN,MANS,0,1,ctx_fixes,-,degrades_vn,1,0,4,inflection_trap_cased,high,"degrades_vn,""restore se mat 1 trong 2 duong go """"MÁN""""; van go duoc bang duong khac. bien the chu hoa cua """"mans""""; modifier key phai case-insensitive, output phai giu case goc""",3
P4_working_as_intended,MARY,MARY,MARY,MARY,1,1,ok_both,-,degrades_vn,1,1,4,collision_vn_word_cased,high,"degrades_vn,""restore se mat 1 trong 2 duong go """"MẢY""""; van go duoc bang duong khac. bien the chu hoa cua """"mary""""; modifier key phai case-insensitive, output phai giu case goc""",3
P4_working_as_intended,MATS,MATS,MÁT,MATS,0,1,ctx_fixes,-,degrades_vn,1,0,4,collision_vn_word_cased,high,"degrades_vn,""restore se mat 1 trong 2 duong go """"MÁT""""; van go duoc bang duong khac. bien the chu hoa cua """"mats""""; modifier key phai case-insensitive, output phai giu case goc""",3
P4_working_as_intended,MAYS,MAYS,MÁY,MAYS,0,1,ctx_fixes,-,degrades_vn,1,0,4,inflection_trap_cased,high,"degrades_vn,""restore se mat 1 trong 2 duong go """"MÁY""""; van go duoc bang duong khac. bien the chu hoa cua """"mays""""; modifier key phai case-insensitive, output phai giu case goc""",3
P4_working_as_intended,MEEST,MEEST,MẾT,MEEST,0,1,ctx_fixes,-,degrades_vn,1,0,5,inflection_trap_cased,high,"degrades_vn,""restore se mat 1 trong 3 duong go """"MẾT""""; van go duoc bang duong khac. bien the chu hoa cua """"meest""""; modifier key phai case-insensitive, output phai giu case goc""",3
P4_working_as_intended,MEETS,MEETS,MEETS,MEETS,1,1,ok_both,-,degrades_vn,1,1,5,collision_vn_word_cased,high,"degrades_vn,""restore se mat 1 trong 3 duong go """"MẾT""""; van go duoc bang duong khac. bien the chu hoa cua """"meets""""; modifier key phai case-insensitive, output phai giu case goc""",3
P4_working_as_intended,MENS,MENS,MENS,MENS,1,1,ok_both,-,degrades_vn,1,1,4,collision_vn_word_cased,high,"degrades_vn,""restore se mat 1 trong 2 duong go """"MÉN""""; van go duoc bang duong khac. bien the chu hoa cua """"mens""""; modifier key phai case-insensitive, output phai giu case goc""",6
P4_working_as_intended,mere,mere,mể,mere,0,1,ctx_fixes,-,degrades_vn,1,0,4,collision_vn_syllable,medium,"degrades_vn,""restore se mat 1 trong 2 duong go """"mể""""; van go duoc bang duong khac. ra syllable tieng Viet hop le """"mể""""""",1
P4_working_as_intended,MIAS,MIAS,MÍA,MIAS,0,1,ctx_fixes,-,degrades_vn,1,0,4,inflection_trap_cased,high,"degrades_vn,""restore se mat 1 trong 2 duong go """"MÍA""""; van go duoc bang duong khac. bien the chu hoa cua """"mias""""; modifier key phai case-insensitive, output phai giu case goc""",3
P4_working_as_intended,MOMS,MOMS,MÓM,MOMS,0,1,ctx_fixes,-,degrades_vn,1,0,4,collision_vn_word_cased,high,"degrades_vn,""restore se mat 1 trong 2 duong go """"MÓM""""; van go duoc bang duong khac. bien the chu hoa cua """"moms""""; modifier key phai case-insensitive, output phai giu case goc""",6
P4_working_as_intended,MOST,MOST,MOST,MOST,1,1,ok_both,-,degrades_vn,1,1,4,collision_vn_word_cased,high,"degrades_vn,""restore se mat 1 trong 2 duong go """"MÓT""""; van go duoc bang duong khac. bien the chu hoa cua """"most""""; modifier key phai case-insensitive, output phai giu case goc""",3
P4_working_as_intended,MUST,MUST,MUST,MUST,1,1,ok_both,-,degrades_vn,1,1,4,collision_vn_word_cased,high,"degrades_vn,""restore se mat 1 trong 2 duong go """"MÚT""""; van go duoc bang duong khac. bien the chu hoa cua """"must""""; modifier key phai case-insensitive, output phai giu case goc""",3
P4_working_as_intended,NAMS,NAMS,NÁM,NAMS,0,1,ctx_fixes,-,degrades_vn,1,0,4,inflection_trap_cased,high,"degrades_vn,""restore se mat 1 trong 2 duong go """"NÁM""""; van go duoc bang duong khac. bien the chu hoa cua """"nams""""; modifier key phai case-insensitive, output phai giu case goc""",3
P4_working_as_intended,NEER,NEER,NỂ,NEER,0,1,ctx_fixes,-,degrades_vn,1,0,4,inflection_trap_cased,high,"degrades_vn,""restore se mat 1 trong 2 duong go """"NỂ""""; van go duoc bang duong khac. bien the chu hoa cua """"neer""""; modifier key phai case-insensitive, output phai giu case goc""",3
P4_working_as_intended,NEEST,NEEST,NẾT,NEEST,0,1,ctx_fixes,-,degrades_vn,1,0,5,inflection_trap_cased,high,"degrades_vn,""restore se mat 1 trong 3 duong go """"NẾT""""; van go duoc bang duong khac. bien the chu hoa cua """"neest""""; modifier key phai case-insensitive, output phai giu case goc""",3
P4_working_as_intended,NEOS,NEOS,NÉO,NEOS,0,1,ctx_fixes,-,degrades_vn,1,0,4,inflection_trap_cased,high,"degrades_vn,""restore se mat 1 trong 2 duong go """"NÉO""""; van go duoc bang duong khac. bien the chu hoa cua """"neos""""; modifier key phai case-insensitive, output phai giu case goc""",3
P4_working_as_intended,NEST,NEST,NÉT,NEST,0,1,ctx_fixes,-,degrades_vn,1,0,4,collision_vn_word_cased,high,"degrades_vn,""restore se mat 1 trong 2 duong go """"NÉT""""; van go duoc bang duong khac. bien the chu hoa cua """"nest""""; modifier key phai case-insensitive, output phai giu case goc""",3
P4_working_as_intended,NONS,NONS,NÓN,NONS,0,1,ctx_fixes,-,degrades_vn,1,0,4,inflection_trap_cased,high,"degrades_vn,""restore se mat 1 trong 2 duong go """"NÓN""""; van go duoc bang duong khac. bien the chu hoa cua """"nons""""; modifier key phai case-insensitive, output phai giu case goc""",3
P4_working_as_intended,norm,norm,nỏm,norm,0,1,ctx_fixes,-,degrades_vn,1,0,4,collision_vn_syllable,medium,"degrades_vn,""restore se mat 1 trong 2 duong go """"nỏm""""; van go duoc bang duong khac. ra syllable tieng Viet hop le """"nỏm""""""",1
P4_working_as_intended,NUTS,NUTS,NÚT,NUTS,0,1,ctx_fixes,-,degrades_vn,1,0,4,collision_vn_word_cased,high,"degrades_vn,""restore se mat 1 trong 2 duong go """"NÚT""""; van go duoc bang duong khac. bien the chu hoa cua """"nuts""""; modifier key phai case-insensitive, output phai giu case goc""",3
P4_working_as_intended,OER,OER,ỎE,OER,0,1,ctx_fixes,-,degrades_vn,1,0,3,inflection_trap_cased,high,"degrades_vn,""restore se mat 1 trong 2 duong go """"OẺ""""; van go duoc bang duong khac. bien the chu hoa cua """"oer""""; modifier key phai case-insensitive, output phai giu case goc""",3
P4_working_as_intended,OES,OES,ÓE,OES,0,1,ctx_fixes,-,degrades_vn,1,0,3,inflection_trap_cased,high,"degrades_vn,""restore se mat 1 trong 2 duong go """"OÉ""""; van go duoc bang duong khac. bien the chu hoa cua """"oes""""; modifier key phai case-insensitive, output phai giu case goc""",6
P4_working_as_intended,OOPS,OOPS,ỐP,OOPS,0,1,ctx_fixes,-,degrades_vn,1,0,4,collision_vn_word_cased,high,"degrades_vn,""restore se mat 1 trong 3 duong go """"ỐP""""; van go duoc bang duong khac. bien the chu hoa cua """"oops""""; modifier key phai case-insensitive, output phai giu case goc""",3
P4_working_as_intended,OWNS,OWNS,ỚN,OWNS,0,1,ctx_fixes,-,degrades_vn,1,0,4,collision_vn_word_cased,high,"degrades_vn,""restore se mat 1 trong 3 duong go """"ỚN""""; van go duoc bang duong khac. bien the chu hoa cua """"owns""""; modifier key phai case-insensitive, output phai giu case goc""",3
P4_working_as_intended,past,past,past,past,1,1,ok_both,-,degrades_vn,1,1,4,collision_vn_syllable,medium,"degrades_vn,""restore se mat 1 trong 2 duong go """"pát""""; van go duoc bang duong khac. ra syllable tieng Viet hop le """"pát""""""",1
P4_working_as_intended,pest,pest,pét,pest,0,1,ctx_fixes,-,degrades_vn,1,0,4,collision_vn_syllable,medium,"degrades_vn,""restore se mat 1 trong 2 duong go """"pét""""; van go duoc bang duong khac. ra syllable tieng Viet hop le """"pét""""""",1
P4_working_as_intended,pets,pets,pets,pets,1,1,ok_both,-,degrades_vn,1,1,4,collision_vn_syllable,medium,"degrades_vn,""restore se mat 1 trong 2 duong go """"pét""""; van go duoc bang duong khac. ra syllable tieng Viet hop le """"pét""""""",1
P4_working_as_intended,pics,pics,pics,pics,1,1,ok_both,-,degrades_vn,1,0,4,collision_vn_syllable,medium,"degrades_vn,""restore se mat 1 trong 2 duong go """"píc""""; van go duoc bang duong khac. ra syllable tieng Viet hop le """"píc""""""",1
P4_working_as_intended,QUEENS,QUEENS,QUẾN,QUEENS,0,1,ctx_fixes,-,degrades_vn,1,0,6,collision_vn_word_cased,high,"degrades_vn,""restore se mat 1 trong 4 duong go """"QUẾN""""; van go duoc bang duong khac. bien the chu hoa cua """"queens""""; modifier key phai case-insensitive, output phai giu case goc""",3
P4_working_as_intended,QUEEST,QUEEST,QUẾT,QUEEST,0,1,ctx_fixes,-,degrades_vn,1,0,6,inflection_trap_cased,high,"degrades_vn,""restore se mat 1 trong 4 duong go """"QUẾT""""; van go duoc bang duong khac. bien the chu hoa cua """"queest""""; modifier key phai case-insensitive, output phai giu case goc""",3
P4_working_as_intended,QUEST,QUEST,QUÉT,QUEST,0,1,ctx_fixes,-,degrades_vn,1,0,5,collision_vn_word_cased,high,"degrades_vn,""restore se mat 1 trong 3 duong go """"QUÉT""""; van go duoc bang duong khac. bien the chu hoa cua """"quest""""; modifier key phai case-insensitive, output phai giu case goc""",3
P4_working_as_intended,TANS,TANS,TÁN,TANS,0,1,ctx_fixes,-,degrades_vn,1,0,4,inflection_trap_cased,high,"degrades_vn,""restore se mat 1 trong 2 duong go """"TÁN""""; van go duoc bang duong khac. bien the chu hoa cua """"tans""""; modifier key phai case-insensitive, output phai giu case goc""",3
P4_working_as_intended,TAXI,TAXI,TÃI,TAXI,0,1,ctx_fixes,-,degrades_vn,1,0,4,collision_vn_word_cased,high,"degrades_vn,""restore se mat 1 trong 2 duong go """"TÃI""""; van go duoc bang duong khac. bien the chu hoa cua """"taxi""""; modifier key phai case-insensitive, output phai giu case goc""",3
P4_working_as_intended,TEEST,TEEST,TẾT,TEEST,0,1,ctx_fixes,-,degrades_vn,1,0,5,inflection_trap_cased,high,"degrades_vn,""restore se mat 1 trong 3 duong go """"TẾT""""; van go duoc bang duong khac. bien the chu hoa cua """"teest""""; modifier key phai case-insensitive, output phai giu case goc""",3
P4_working_as_intended,term,term,term,term,1,1,ok_both,-,degrades_vn,1,1,4,collision_vn_syllable,medium,"degrades_vn,""restore se mat 1 trong 2 duong go """"tẻm""""; van go duoc bang duong khac. ra syllable tieng Viet hop le """"tẻm""""""",1
P4_working_as_intended,TEST,TEST,TEST,TEST,1,1,ok_both,-,degrades_vn,1,1,4,collision_vn_word_cased,high,"degrades_vn,""restore se mat 1 trong 2 duong go """"TÉT""""; van go duoc bang duong khac. bien the chu hoa cua """"test""""; modifier key phai case-insensitive, output phai giu case goc""",3
P4_working_as_intended,THAIS,THAIS,THÁI,THAIS,0,1,ctx_fixes,-,degrades_vn,1,0,5,inflection_trap_cased,high,"degrades_vn,""restore se mat 1 trong 2 duong go """"THÁI""""; van go duoc bang duong khac. bien the chu hoa cua """"thais""""; modifier key phai case-insensitive, output phai giu case goc""",3
P4_working_as_intended,thats,thats,thát,thats,0,1,ctx_fixes,-,degrades_vn,1,0,5,collision_vn_syllable,medium,"degrades_vn,""restore se mat 1 trong 2 duong go """"thát""""; van go duoc bang duong khac. ra syllable tieng Viet hop le """"thát""""""",1
P4_working_as_intended,THEER,THEER,THỂ,THEER,0,1,ctx_fixes,-,degrades_vn,1,0,5,inflection_trap_cased,high,"degrades_vn,""restore se mat 1 trong 2 duong go """"THỂ""""; van go duoc bang duong khac. bien the chu hoa cua """"theer""""; modifier key phai case-insensitive, output phai giu case goc""",3
P4_working_as_intended,THEEST,THEEST,THẾT,THEEST,0,1,ctx_fixes,-,degrades_vn,1,0,6,inflection_trap_cased,high,"degrades_vn,""restore se mat 1 trong 3 duong go """"THẾT""""; van go duoc bang duong khac. bien the chu hoa cua """"theest""""; modifier key phai case-insensitive, output phai giu case goc""",3
P4_working_as_intended,THERE,THERE,THERE,THERE,1,1,ok_both,-,degrades_vn,1,1,5,collision_vn_word_cased,high,"degrades_vn,""restore se mat 1 trong 2 duong go """"THỂ""""; van go duoc bang duong khac. bien the chu hoa cua """"there""""; modifier key phai case-insensitive, output phai giu case goc""",3
P4_working_as_intended,THESE,THESE,THESE,THESE,1,1,ok_both,-,degrades_vn,1,1,5,collision_vn_word_cased,high,"degrades_vn,""restore se mat 1 trong 2 duong go """"THẾ""""; van go duoc bang duong khac. bien the chu hoa cua """"these""""; modifier key phai case-insensitive, output phai giu case goc""",3
P4_working_as_intended,TIMS,TIMS,TÍM,TIMS,0,1,ctx_fixes,-,degrades_vn,1,0,4,inflection_trap_cased,high,"degrades_vn,""restore se mat 1 trong 2 duong go """"TÍM""""; van go duoc bang duong khac. bien the chu hoa cua """"tims""""; modifier key phai case-insensitive, output phai giu case goc""",3
P4_working_as_intended,TINS,TINS,TÍN,TINS,0,1,ctx_fixes,-,degrades_vn,1,0,4,inflection_trap_cased,high,"degrades_vn,""restore se mat 1 trong 2 duong go """"TÍN""""; van go duoc bang duong khac. bien the chu hoa cua """"tins""""; modifier key phai case-insensitive, output phai giu case goc""",3
P4_working_as_intended,TIPS,TIPS,TÍP,TIPS,0,1,ctx_fixes,-,degrades_vn,1,0,4,collision_vn_word_cased,high,"degrades_vn,""restore se mat 1 trong 2 duong go """"TÍP""""; van go duoc bang duong khac. bien the chu hoa cua """"tips""""; modifier key phai case-insensitive, output phai giu case goc""",3
P4_working_as_intended,TITS,TITS,TÍT,TITS,0,1,ctx_fixes,-,degrades_vn,1,0,4,collision_vn_word_cased,high,"degrades_vn,""restore se mat 1 trong 2 duong go """"TÍT""""; van go duoc bang duong khac. bien the chu hoa cua """"tits""""; modifier key phai case-insensitive, output phai giu case goc""",3
P4_working_as_intended,TOER,TOER,TỎE,TOER,0,1,ctx_fixes,-,degrades_vn,1,0,4,inflection_trap_cased,high,"degrades_vn,""restore se mat 1 trong 2 duong go """"TOẺ""""; van go duoc bang duong khac. bien the chu hoa cua """"toer""""; modifier key phai case-insensitive, output phai giu case goc""",3
P4_working_as_intended,TOES,TOES,TÓE,TOES,0,1,ctx_fixes,-,degrades_vn,1,0,4,inflection_trap_cased,high,"degrades_vn,""restore se mat 1 trong 2 duong go """"TOÉ""""; van go duoc bang duong khac. bien the chu hoa cua """"toes""""; modifier key phai case-insensitive, output phai giu case goc""",6
P4_working_as_intended,TOEST,TOEST,TOÉT,TOEST,0,1,ctx_fixes,-,degrades_vn,1,0,5,inflection_trap_cased,high,"degrades_vn,""restore se mat 1 trong 3 duong go """"TOÉT""""; van go duoc bang duong khac. bien the chu hoa cua """"toest""""; modifier key phai case-insensitive, output phai giu case goc""",3
P4_working_as_intended,TOMS,TOMS,TÓM,TOMS,0,1,ctx_fixes,-,degrades_vn,1,0,4,inflection_trap_cased,high,"degrades_vn,""restore se mat 1 trong 2 duong go """"TÓM""""; van go duoc bang duong khac. bien the chu hoa cua """"toms""""; modifier key phai case-insensitive, output phai giu case goc""",3
P4_working_as_intended,TOPS,TOPS,TÓP,TOPS,0,1,ctx_fixes,-,degrades_vn,1,0,4,collision_vn_word_cased,high,"degrades_vn,""restore se mat 1 trong 2 duong go """"TÓP""""; van go duoc bang duong khac. bien the chu hoa cua """"tops""""; modifier key phai case-insensitive, output phai giu case goc""",6
P4_working_as_intended,TOWNS,TOWNS,TỚN,TOWNS,0,1,ctx_fixes,-,degrades_vn,1,0,5,collision_vn_word_cased,high,"degrades_vn,""restore se mat 1 trong 3 duong go """"TỚN""""; van go duoc bang duong khac. bien the chu hoa cua """"towns""""; modifier key phai case-insensitive, output phai giu case goc""",3
P4_working_as_intended,turn,turn,turn,turn,1,1,ok_both,-,degrades_vn,1,1,4,collision_vn_syllable,medium,"degrades_vn,""restore se mat 1 trong 2 duong go """"tủn""""; van go duoc bang duong khac. ra syllable tieng Viet hop le """"tủn""""""",1
P4_working_as_intended,UMS,UMS,ÚM,UMS,0,1,ctx_fixes,-,degrades_vn,1,0,3,inflection_trap_cased,high,"degrades_vn,""restore se mat 1 trong 2 duong go """"ÚM""""; van go duoc bang duong khac. bien the chu hoa cua """"ums""""; modifier key phai case-insensitive, output phai giu case goc""",3
P4_working_as_intended,UPS,UPS,ÚP,UPS,0,1,ctx_fixes,-,degrades_vn,1,0,3,collision_vn_word_cased,high,"degrades_vn,""restore se mat 1 trong 2 duong go """"ÚP""""; van go duoc bang duong khac. bien the chu hoa cua """"ups""""; modifier key phai case-insensitive, output phai giu case goc""",3
P4_working_as_intended,URI,URI,ỦI,URI,0,1,ctx_fixes,-,degrades_vn,1,0,3,collision_vn_word_cased,high,"degrades_vn,""restore se mat 1 trong 2 duong go """"ỦI""""; van go duoc bang duong khac. bien the chu hoa cua """"uri""""; modifier key phai case-insensitive, output phai giu case goc""",6
P4_working_as_intended,urw,urw,ử,urw,0,1,ctx_fixes,-,degrades_vn,1,0,3,collision_vn_syllable,medium,"degrades_vn,""restore se mat 1 trong 2 duong go """"ử""""; van go duoc bang duong khac. ra syllable tieng Viet hop le """"ử""""""",1
P4_working_as_intended,USA,USA,USA,USA,1,1,ok_both,-,degrades_vn,1,1,3,collision_vn_word_cased,high,"degrades_vn,""restore se mat 1 trong 2 duong go """"ÚA""""; van go duoc bang duong khac. bien the chu hoa cua """"usa""""; modifier key phai case-insensitive, output phai giu case goc""",3
P4_working_as_intended,USC,USC,ÚC,USC,0,1,ctx_fixes,-,degrades_vn,1,0,3,collision_vn_word_cased,high,"degrades_vn,""restore se mat 1 trong 2 duong go """"ÚC""""; van go duoc bang duong khac. bien the chu hoa cua """"usc""""; modifier key phai case-insensitive, output phai giu case goc""",3
P4_working_as_intended,VANS,VANS,VÁN,VANS,0,1,ctx_fixes,-,degrades_vn,1,0,4,inflection_trap_cased,high,"degrades_vn,""restore se mat 1 trong 2 duong go """"VÁN""""; van go duoc bang duong khac. bien the chu hoa cua """"vans""""; modifier key phai case-insensitive, output phai giu case goc""",3
P4_working_as_intended,VARY,VARY,VARY,VARY,1,1,ok_both,-,degrades_vn,1,1,4,collision_vn_word_cased,high,"degrades_vn,""restore se mat 1 trong 2 duong go """"VẢY""""; van go duoc bang duong khac. bien the chu hoa cua """"vary""""; modifier key phai case-insensitive, output phai giu case goc""",3
P4_working_as_intended,VAST,VAST,VÁT,VAST,0,1,ctx_fixes,-,degrades_vn,1,0,4,collision_vn_word_cased,high,"degrades_vn,""restore se mat 1 trong 2 duong go """"VÁT""""; van go duoc bang duong khac. bien the chu hoa cua """"vast""""; modifier key phai case-insensitive, output phai giu case goc""",3
P4_working_as_intended,VEES,VEES,VẾ,VEES,0,1,ctx_fixes,-,degrades_vn,1,0,4,inflection_trap_cased,high,"degrades_vn,""restore se mat 1 trong 2 duong go """"VẾ""""; van go duoc bang duong khac. bien the chu hoa cua """"vees""""; modifier key phai case-insensitive, output phai giu case goc""",3
P4_working_as_intended,VEEST,VEEST,VẾT,VEEST,0,1,ctx_fixes,-,degrades_vn,1,0,5,inflection_trap_cased,high,"degrades_vn,""restore se mat 1 trong 3 duong go """"VẾT""""; van go duoc bang duong khac. bien the chu hoa cua """"veest""""; modifier key phai case-insensitive, output phai giu case goc""",3
P4_working_as_intended,VIAS,VIAS,VÍA,VIAS,0,1,ctx_fixes,-,degrades_vn,1,0,4,inflection_trap_cased,high,"degrades_vn,""restore se mat 1 trong 2 duong go """"VÍA""""; van go duoc bang duong khac. bien the chu hoa cua """"vias""""; modifier key phai case-insensitive, output phai giu case goc""",3
P4_working_as_intended,VISA,VISA,VISA,VISA,1,1,ok_both,-,degrades_vn,1,1,4,collision_vn_word_cased,high,"degrades_vn,""restore se mat 1 trong 2 duong go """"VÍA""""; van go duoc bang duong khac. bien the chu hoa cua """"visa""""; modifier key phai case-insensitive, output phai giu case goc""",3
P4_working_as_intended,VONS,VONS,VÓN,VONS,0,1,ctx_fixes,-,degrades_vn,1,0,4,inflection_trap_cased,high,"degrades_vn,""restore se mat 1 trong 2 duong go """"VÓN""""; van go duoc bang duong khac. bien the chu hoa cua """"vons""""; modifier key phai case-insensitive, output phai giu case goc""",3
P4_working_as_intended,WAS,WAS,WAS,WAS,1,1,ok_both,-,degrades_vn,1,0,3,collision_vn_word_cased,high,"degrades_vn,""restore se mat 1 trong 2 duong go """"ỨA""""; van go duoc bang duong khac. bien the chu hoa cua """"was""""; modifier key phai case-insensitive, output phai giu case goc""",3
